inter_arrival_time,packet_size,protocol,flow_duration,total_bytes,packet_count,dst_port,ttl,label,class_name,dataset
23.08093284,94,6,300.0521269,1316,14,443,114,0,Web_Chat,ISCX_VPN_2016
4.448660666,137.7647059,6,373.6874959,11710,85,443,113.8352941,0,Web_Chat,ISCX_VPN_2016
26.67299189,94,6,240.056927,940,10,443,113.5,0,Web_Chat,ISCX_VPN_2016
4.673485925,141.825,6,369.2053881,11346,80,443,114,0,Web_Chat,ISCX_VPN_2016
14.40677775,60,6,360.1694438,1560,26,443,114.5,0,Web_Chat,ISCX_VPN_2016
14.40705869,60,6,360.1764672,1560,26,443,114.5,0,Web_Chat,ISCX_VPN_2016
17.87538865,92,17,357.5077729,1932,21,137,128,0,Web_Chat,ISCX_VPN_2016
0.411864996,64,17,0.411864996,128,2,5355,1,0,Web_Chat,ISCX_VPN_2016
0.411466122,64,17,0.411466122,128,2,5355,1,0,Web_Chat,ISCX_VPN_2016
14.40705364,60,6,360.1763411,1560,26,443,112.5,0,Web_Chat,ISCX_VPN_2016
14.406801,60,6,360.1700251,1560,26,443,112.5,0,Web_Chat,ISCX_VPN_2016
42.87775227,94.75,17,300.1442659,758,8,11113,181,0,Web_Chat,ISCX_VPN_2016
0.412403107,64,17,0.412403107,128,2,5355,1,0,Web_Chat,ISCX_VPN_2016
0.411983013,64,17,0.411983013,128,2,5355,1,0,Web_Chat,ISCX_VPN_2016
0.208146095,314,17,0.208146095,628,2,53,159,0,Web_Chat,ISCX_VPN_2016
0.139543056,90,17,0.139543056,180,2,123,152,0,Web_Chat,ISCX_VPN_2016
0.411427975,64,17,0.411427975,128,2,5355,1,0,Web_Chat,ISCX_VPN_2016
0.411081076,64,17,0.411081076,128,2,5355,1,0,Web_Chat,ISCX_VPN_2016
0.412088871,64,17,0.412088871,128,2,5355,1,0,Web_Chat,ISCX_VPN_2016
0.411535978,64,17,0.411535978,128,2,5355,1,0,Web_Chat,ISCX_VPN_2016
0.410938025,64,17,0.410938025,128,2,5355,1,0,Web_Chat,ISCX_VPN_2016
0.410499096,64,17,0.410499096,128,2,5355,1,0,Web_Chat,ISCX_VPN_2016
0.411695957,64,17,0.411695957,128,2,5355,1,0,Web_Chat,ISCX_VPN_2016
0.411193848,64,17,0.411193848,128,2,5355,1,0,Web_Chat,ISCX_VPN_2016
0.003800828,527.2,6,0.110224009,15816,30,13000,126.2666667,0,Web_Chat,ISCX_VPN_2016
0.411211014,64,17,0.411211014,128,2,5355,1,0,Web_Chat,ISCX_VPN_2016
0.410760164,64,17,0.410760164,128,2,5355,1,0,Web_Chat,ISCX_VPN_2016
2.387937182,152.3297872,6,222.0781579,14319,94,443,114,0,Web_Chat,ISCX_VPN_2016
2.494288021,145.4666667,6,221.9916339,13092,90,443,114,0,Web_Chat,ISCX_VPN_2016
0.153019905,314,17,0.153019905,628,2,53,159,0,Web_Chat,ISCX_VPN_2016
0.277923107,90,17,0.277923107,180,2,123,148.5,0,Web_Chat,ISCX_VPN_2016
13.13566713,60,6,210.1706741,1020,17,443,115.1764706,0,Web_Chat,ISCX_VPN_2016
13.13574249,60,6,210.1718798,1020,17,443,115.1764706,0,Web_Chat,ISCX_VPN_2016
14.0116748,60,6,210.175122,960,16,443,112.5,0,Web_Chat,ISCX_VPN_2016
14.0116028,60,6,210.174042,960,16,443,113.5,0,Web_Chat,ISCX_VPN_2016
6.760089099,92,17,135.201782,1932,21,137,128,0,Web_Chat,ISCX_VPN_2016
0.412458897,64,17,0.412458897,128,2,5355,1,0,Web_Chat,ISCX_VPN_2016
0.41205883,64,17,0.41205883,128,2,5355,1,0,Web_Chat,ISCX_VPN_2016
0.412310123,64,17,0.412310123,128,2,5355,1,0,Web_Chat,ISCX_VPN_2016
0.411932945,64,17,0.411932945,128,2,5355,1,0,Web_Chat,ISCX_VPN_2016
0.00046438,58.88888889,6,0.003715038,530,9,13111,126.2222222,0,Web_Chat,ISCX_VPN_2016
0.411790848,64,17,0.411790848,128,2,5355,1,0,Web_Chat,ISCX_VPN_2016
0.411162138,64,17,0.411162138,128,2,5355,1,0,Web_Chat,ISCX_VPN_2016
30.01897168,94,6,90.05691504,376,4,443,113.5,0,Web_Chat,ISCX_VPN_2016
0.411276102,64,17,0.411276102,128,2,5355,1,0,Web_Chat,ISCX_VPN_2016
0.41090107,64,17,0.41090107,128,2,5355,1,0,Web_Chat,ISCX_VPN_2016
0.044816335,94.75,17,0.134449005,379,4,11113,181,0,Web_Chat,ISCX_VPN_2016
0.411381006,64,17,0.411381006,128,2,5355,1,0,Web_Chat,ISCX_VPN_2016
0.4109478,64,17,0.4109478,128,2,5355,1,0,Web_Chat,ISCX_VPN_2016
0.000354052,99,17,0.000354052,198,2,53,95.5,0,Web_Chat,ISCX_VPN_2016
0.000417948,99,17,0.000417948,198,2,53,95.5,0,Web_Chat,ISCX_VPN_2016
0.412449121,64,17,0.412449121,128,2,5355,1,0,Web_Chat,ISCX_VPN_2016
0.412062168,64,17,0.412062168,128,2,5355,1,0,Web_Chat,ISCX_VPN_2016
0.412220001,64,17,0.412220001,128,2,5355,1,0,Web_Chat,ISCX_VPN_2016
0.411527157,64,17,0.411527157,128,2,5355,1,0,Web_Chat,ISCX_VPN_2016
0.001046785,543.7241379,6,0.029309988,15768,29,13000,126.2068966,0,Web_Chat,ISCX_VPN_2016
0.052873135,60,6,0.052873135,120,2,443,114,0,Web_Chat,ISCX_VPN_2016
0.052911997,94,6,0.052911997,188,2,443,114,0,Web_Chat,ISCX_VPN_2016
15.37005473,60,6,630.1722441,2520,42,443,114.5,0,Web_Chat,ISCX_VPN_2016
14.65507398,64.61363636,6,630.1681812,2843,44,443,113,0,Web_Chat,ISCX_VPN_2016
2.096068581,140.916388,6,624.628437,42134,299,443,115.3745819,0,Web_Chat,ISCX_VPN_2016
18.77950155,92,17,544.605545,2760,30,137,128,0,Web_Chat,ISCX_VPN_2016
0.413731813,64,17,0.413731813,128,2,5355,1,0,Web_Chat,ISCX_VPN_2016
0.41339612,64,17,0.41339612,128,2,5355,1,0,Web_Chat,ISCX_VPN_2016
0.000231504,58.88888889,6,0.001852036,530,9,13111,126.2222222,0,Web_Chat,ISCX_VPN_2016
0.08308506,298,17,0.08308506,596,2,53,159,0,Web_Chat,ISCX_VPN_2016
0.039216042,90,17,0.039216042,180,2,123,151.5,0,Web_Chat,ISCX_VPN_2016
46.34389334,76.5,6,417.0950401,765,10,443,114.5,0,Web_Chat,ISCX_VPN_2016
60.01081023,94,6,300.0540512,564,6,443,114.5,0,Web_Chat,ISCX_VPN_2016
42.876655,94.75,17,300.136585,758,8,11113,182,0,Web_Chat,ISCX_VPN_2016
0.414695024,64,17,0.414695024,128,2,5355,1,0,Web_Chat,ISCX_VPN_2016
0.41452384,64,17,0.41452384,128,2,5355,1,0,Web_Chat,ISCX_VPN_2016
0.411264896,64,17,0.411264896,128,2,5355,1,0,Web_Chat,ISCX_VPN_2016
0.410903931,64,17,0.410903931,128,2,5355,1,0,Web_Chat,ISCX_VPN_2016
0.414306879,64,17,0.414306879,128,2,5355,1,0,Web_Chat,ISCX_VPN_2016
0.413875103,64,17,0.413875103,128,2,5355,1,0,Web_Chat,ISCX_VPN_2016
0.418977022,64,17,0.418977022,128,2,5355,1,0,Web_Chat,ISCX_VPN_2016
0.418483019,64,17,0.418483019,128,2,5355,1,0,Web_Chat,ISCX_VPN_2016
0.413527012,64,17,0.413527012,128,2,5355,1,0,Web_Chat,ISCX_VPN_2016
0.413114071,64,17,0.413114071,128,2,5355,1,0,Web_Chat,ISCX_VPN_2016
0.001672029,99,17,0.001672029,198,2,53,95.5,0,Web_Chat,ISCX_VPN_2016
0.00147295,99,17,0.00147295,198,2,53,95.5,0,Web_Chat,ISCX_VPN_2016
0.415822983,64,17,0.415822983,128,2,5355,1,0,Web_Chat,ISCX_VPN_2016
0.415517092,64,17,0.415517092,128,2,5355,1,0,Web_Chat,ISCX_VPN_2016
0.015525103,527.3666667,6,0.450227976,15821,30,13000,126.2666667,0,Web_Chat,ISCX_VPN_2016
0.41092515,64,17,0.41092515,128,2,5355,1,0,Web_Chat,ISCX_VPN_2016
0.410636902,64,17,0.410636902,128,2,5355,1,0,Web_Chat,ISCX_VPN_2016
0.415313005,64,17,0.415313005,128,2,5355,1,0,Web_Chat,ISCX_VPN_2016
0.414721966,64,17,0.414721966,128,2,5355,1,0,Web_Chat,ISCX_VPN_2016
0.410948992,64,17,0.410948992,128,2,5355,1,0,Web_Chat,ISCX_VPN_2016
0.410774946,64,17,0.410774946,128,2,5355,1,0,Web_Chat,ISCX_VPN_2016
0.007860359,1037.590164,6,4.786958933,632930,610,13000,124.8262295,0,Web_Chat,ISCX_VPN_2016
0.010884211,455.8666667,6,0.315642118,13676,30,13000,126.1333333,0,Web_Chat,ISCX_VPN_2016
0.004858,456.8275862,6,0.136023998,13248,29,13000,126.2068966,0,Web_Chat,ISCX_VPN_2016
0.003697762,475.8148148,6,0.096141815,12847,27,13000,126.0740741,0,Web_Chat,ISCX_VPN_2016
1.487567215,92,17,642.6290369,39836,433,137,128,0,Web_Chat,ISCX_VPN_2016
0.420979023,64,17,0.420979023,128,2,5355,1,0,Web_Chat,ISCX_VPN_2016
0.420675993,64,17,0.420675993,128,2,5355,1,0,Web_Chat,ISCX_VPN_2016
0.420954227,64,17,0.420954227,128,2,5355,1,0,Web_Chat,ISCX_VPN_2016
88.29878362,64,17,264.8963509,256,4,5355,1,0,Web_Chat,ISCX_VPN_2016
0.421971083,64,17,0.421971083,128,2,5355,1,0,Web_Chat,ISCX_VPN_2016
0.421487093,64,17,0.421487093,128,2,5355,1,0,Web_Chat,ISCX_VPN_2016
0.420984983,64,17,0.420984983,128,2,5355,1,0,Web_Chat,ISCX_VPN_2016
0.420495987,64,17,0.420495987,128,2,5355,1,0,Web_Chat,ISCX_VPN_2016
0.421108007,64,17,0.421108007,128,2,5355,1,0,Web_Chat,ISCX_VPN_2016
0.420929909,64,17,0.420929909,128,2,5355,1,0,Web_Chat,ISCX_VPN_2016
15.38917639,60,6,600.1778791,2400,40,443,112.5,0,Web_Chat,ISCX_VPN_2016
14.63844583,64.83333333,6,600.1762791,2723,42,443,113,0,Web_Chat,ISCX_VPN_2016
1.916121537,156.8990826,6,624.6556211,51306,327,443,114.3761468,0,Web_Chat,ISCX_VPN_2016
0.417811155,64,17,0.417811155,128,2,5355,1,0,Web_Chat,ISCX_VPN_2016
0.417473078,64,17,0.417473078,128,2,5355,1,0,Web_Chat,ISCX_VPN_2016
0.542178582,142.5893502,17,600.19169,157989,1108,161,191,0,Web_Chat,ISCX_VPN_2016
0.409962893,64,17,0.409962893,128,2,5355,1,0,Web_Chat,ISCX_VPN_2016
0.40949297,64,17,0.40949297,128,2,5355,1,0,Web_Chat,ISCX_VPN_2016
0.420976162,64,17,0.420976162,128,2,5355,1,0,Web_Chat,ISCX_VPN_2016
0.420487881,64,17,0.420487881,128,2,5355,1,0,Web_Chat,ISCX_VPN_2016
0.420968056,64,17,0.420968056,128,2,5355,1,0,Web_Chat,ISCX_VPN_2016
0.420670033,64,17,0.420670033,128,2,5355,1,0,Web_Chat,ISCX_VPN_2016
0.420940876,64,17,0.420940876,128,2,5355,1,0,Web_Chat,ISCX_VPN_2016
0.420654058,64,17,0.420654058,128,2,5355,1,0,Web_Chat,ISCX_VPN_2016
0.411592007,64,17,0.411592007,128,2,5355,1,0,Web_Chat,ISCX_VPN_2016
0.411276102,64,17,0.411276102,128,2,5355,1,0,Web_Chat,ISCX_VPN_2016
0.420266867,64,17,0.420266867,128,2,5355,1,0,Web_Chat,ISCX_VPN_2016
0.419862986,64,17,0.419862986,128,2,5355,1,0,Web_Chat,ISCX_VPN_2016
0.419099092,64,17,0.419099092,128,2,5355,1,0,Web_Chat,ISCX_VPN_2016
0.418663025,64,17,0.418663025,128,2,5355,1,0,Web_Chat,ISCX_VPN_2016
0.421130896,64,17,0.421130896,128,2,5355,1,0,Web_Chat,ISCX_VPN_2016
0.420649052,64,17,0.420649052,128,2,5355,1,0,Web_Chat,ISCX_VPN_2016
0.420066118,64,17,0.420066118,128,2,5355,1,0,Web_Chat,ISCX_VPN_2016
0.419894934,64,17,0.419894934,128,2,5355,1,0,Web_Chat,ISCX_VPN_2016
0.420954943,64,17,0.420954943,128,2,5355,1,0,Web_Chat,ISCX_VPN_2016
0.420646906,64,17,0.420646906,128,2,5355,1,0,Web_Chat,ISCX_VPN_2016
0.420948029,64,17,0.420948029,128,2,5355,1,0,Web_Chat,ISCX_VPN_2016
0.420630932,64,17,0.420630932,128,2,5355,1,0,Web_Chat,ISCX_VPN_2016
0.420933962,64,17,0.420933962,128,2,5355,1,0,Web_Chat,ISCX_VPN_2016
0.420433998,64,17,0.420433998,128,2,5355,1,0,Web_Chat,ISCX_VPN_2016
0.421010971,64,17,0.421010971,128,2,5355,1,0,Web_Chat,ISCX_VPN_2016
0.420709848,64,17,0.420709848,128,2,5355,1,0,Web_Chat,ISCX_VPN_2016
0.410039902,64,17,0.410039902,128,2,5355,1,0,Web_Chat,ISCX_VPN_2016
0.409554005,64,17,0.409554005,128,2,5355,1,0,Web_Chat,ISCX_VPN_2016
0.4208951,64,17,0.4208951,128,2,5355,1,0,Web_Chat,ISCX_VPN_2016
106.5791667,64,17,319.7375,256,4,5355,1,0,Web_Chat,ISCX_VPN_2016
0.421175003,64,17,0.421175003,128,2,5355,1,0,Web_Chat,ISCX_VPN_2016
0.420879841,64,17,0.420879841,128,2,5355,1,0,Web_Chat,ISCX_VPN_2016
0.420938969,64,17,0.420938969,128,2,5355,1,0,Web_Chat,ISCX_VPN_2016
0.420634031,64,17,0.420634031,128,2,5355,1,0,Web_Chat,ISCX_VPN_2016
0.420135021,64,17,0.420135021,128,2,5355,1,0,Web_Chat,ISCX_VPN_2016
0.419684887,64,17,0.419684887,128,2,5355,1,0,Web_Chat,ISCX_VPN_2016
0.41852212,64,17,0.41852212,128,2,5355,1,0,Web_Chat,ISCX_VPN_2016
0.418223858,64,17,0.418223858,128,2,5355,1,0,Web_Chat,ISCX_VPN_2016
0.421837807,64,17,0.421837807,128,2,5355,1,0,Web_Chat,ISCX_VPN_2016
0.421524048,64,17,0.421524048,128,2,5355,1,0,Web_Chat,ISCX_VPN_2016
0.421818972,64,17,0.421818972,128,2,5355,1,0,Web_Chat,ISCX_VPN_2016
0.421315908,64,17,0.421315908,128,2,5355,1,0,Web_Chat,ISCX_VPN_2016
0.414813042,64,17,0.414813042,128,2,5355,1,0,Web_Chat,ISCX_VPN_2016
0.414379835,64,17,0.414379835,128,2,5355,1,0,Web_Chat,ISCX_VPN_2016
117.539822,64,17,352.6194661,256,4,5355,1,0,Web_Chat,ISCX_VPN_2016
0.420357943,64,17,0.420357943,128,2,5355,1,0,Web_Chat,ISCX_VPN_2016
0.423294067,64,17,0.423294067,128,2,5355,1,0,Web_Chat,ISCX_VPN_2016
0.423117876,64,17,0.423117876,128,2,5355,1,0,Web_Chat,ISCX_VPN_2016
0.477157831,192,17,0.477157831,384,2,53,95.5,0,Web_Chat,ISCX_VPN_2016
0.485486984,120,17,0.485486984,240,2,53,95.5,0,Web_Chat,ISCX_VPN_2016
0.046534061,192,17,0.046534061,384,2,53,95.5,0,Web_Chat,ISCX_VPN_2016
0.046012163,120,17,0.046012163,240,2,53,95.5,0,Web_Chat,ISCX_VPN_2016
0.001165152,152,17,0.001165152,304,2,53,94,0,Web_Chat,ISCX_VPN_2016
0.413799047,64,17,0.413799047,128,2,5355,1,0,Web_Chat,ISCX_VPN_2016
0.413283825,64,17,0.413283825,128,2,5355,1,0,Web_Chat,ISCX_VPN_2016
0.051336077,474.25,6,1.386074066,13279,28,13000,125.8571429,0,Web_Chat,ISCX_VPN_2016
0.00037694,192,17,0.00037694,384,2,53,95.5,0,Web_Chat,ISCX_VPN_2016
0.000250101,120,17,0.000250101,240,2,53,95.5,0,Web_Chat,ISCX_VPN_2016
0.094251256,486.04,6,6.974592924,36453,75,80,89.92,0,Web_Chat,ISCX_VPN_2016
0.421194077,64,17,0.421194077,128,2,5355,1,0,Web_Chat,ISCX_VPN_2016
0.420958042,64,17,0.420958042,128,2,5355,1,0,Web_Chat,ISCX_VPN_2016
0.420164108,64,17,0.420164108,128,2,5355,1,0,Web_Chat,ISCX_VPN_2016
0.419850111,64,17,0.419850111,128,2,5355,1,0,Web_Chat,ISCX_VPN_2016
0.420692921,64,17,0.420692921,128,2,5355,1,0,Web_Chat,ISCX_VPN_2016
0.420596838,64,17,0.420596838,128,2,5355,1,0,Web_Chat,ISCX_VPN_2016
0.420692921,64,17,0.420692921,128,2,5355,1,0,Web_Chat,ISCX_VPN_2016
0.420391083,64,17,0.420391083,128,2,5355,1,0,Web_Chat,ISCX_VPN_2016
0.420970917,64,17,0.420970917,128,2,5355,1,0,Web_Chat,ISCX_VPN_2016
0.420660019,64,17,0.420660019,128,2,5355,1,0,Web_Chat,ISCX_VPN_2016
0.420059919,64,17,0.420059919,128,2,5355,1,0,Web_Chat,ISCX_VPN_2016
0.41988802,64,17,0.41988802,128,2,5355,1,0,Web_Chat,ISCX_VPN_2016
0.001988691,526.9166667,6,0.045739889,12646,24,13000,126,0,Web_Chat,ISCX_VPN_2016
0.427175999,64,17,0.427175999,128,2,5355,1,0,Web_Chat,ISCX_VPN_2016
0.426727057,64,17,0.426727057,128,2,5355,1,0,Web_Chat,ISCX_VPN_2016
0.409420013,64,17,0.409420013,128,2,5355,1,0,Web_Chat,ISCX_VPN_2016
0.409107924,64,17,0.409107924,128,2,5355,1,0,Web_Chat,ISCX_VPN_2016
0.42079711,64,17,0.42079711,128,2,5355,1,0,Web_Chat,ISCX_VPN_2016
0.420318127,64,17,0.420318127,128,2,5355,1,0,Web_Chat,ISCX_VPN_2016
0.420073986,64,17,0.420073986,128,2,5355,1,0,Web_Chat,ISCX_VPN_2016
0.419993162,64,17,0.419993162,128,2,5355,1,0,Web_Chat,ISCX_VPN_2016
0.420921087,64,17,0.420921087,128,2,5355,1,0,Web_Chat,ISCX_VPN_2016
0.420660019,64,17,0.420660019,128,2,5355,1,0,Web_Chat,ISCX_VPN_2016
0.416774035,64,17,0.416774035,128,2,5355,1,0,Web_Chat,ISCX_VPN_2016
0.416634798,64,17,0.416634798,128,2,5355,1,0,Web_Chat,ISCX_VPN_2016
66.01197538,81.66666667,6,330.0598769,490,6,443,114.5,0,Web_Chat,ISCX_VPN_2016
0.414270878,64,17,0.414270878,128,2,5355,1,0,Web_Chat,ISCX_VPN_2016
0.413933992,64,17,0.413933992,128,2,5355,1,0,Web_Chat,ISCX_VPN_2016
0.00108043,527.9583333,6,0.024849892,12671,24,13000,126,0,Web_Chat,ISCX_VPN_2016
0.421790123,64,17,0.421790123,128,2,5355,1,0,Web_Chat,ISCX_VPN_2016
0.421544075,64,17,0.421544075,128,2,5355,1,0,Web_Chat,ISCX_VPN_2016
0.000262976,99,17,0.000262976,198,2,53,95.5,0,Web_Chat,ISCX_VPN_2016
0.00028491,99,17,0.00028491,198,2,53,95.5,0,Web_Chat,ISCX_VPN_2016
0.422422171,64,17,0.422422171,128,2,5355,1,0,Web_Chat,ISCX_VPN_2016
0.422299862,64,17,0.422299862,128,2,5355,1,0,Web_Chat,ISCX_VPN_2016
0.420717001,64,17,0.420717001,128,2,5355,1,0,Web_Chat,ISCX_VPN_2016
0.420189857,64,17,0.420189857,128,2,5355,1,0,Web_Chat,ISCX_VPN_2016
0.420870066,64,17,0.420870066,128,2,5355,1,0,Web_Chat,ISCX_VPN_2016
0.420374155,64,17,0.420374155,128,2,5355,1,0,Web_Chat,ISCX_VPN_2016
0.417589903,64,17,0.417589903,128,2,5355,1,0,Web_Chat,ISCX_VPN_2016
0.417113066,64,17,0.417113066,128,2,5355,1,0,Web_Chat,ISCX_VPN_2016
0.420917034,64,17,0.420917034,128,2,5355,1,0,Web_Chat,ISCX_VPN_2016
0.42042017,64,17,0.42042017,128,2,5355,1,0,Web_Chat,ISCX_VPN_2016
13.07783837,128.9,6,248.478929,2578,20,443,116.3,0,Web_Chat,ISCX_VPN_2016
0.419874907,64,17,0.419874907,128,2,5355,1,0,Web_Chat,ISCX_VPN_2016
0.419591904,64,17,0.419591904,128,2,5355,1,0,Web_Chat,ISCX_VPN_2016
0.422353029,64,17,0.422353029,128,2,5355,1,0,Web_Chat,ISCX_VPN_2016
0.42197299,64,17,0.42197299,128,2,5355,1,0,Web_Chat,ISCX_VPN_2016
0.421748877,64,17,0.421748877,128,2,5355,1,0,Web_Chat,ISCX_VPN_2016
0.421571016,64,17,0.421571016,128,2,5355,1,0,Web_Chat,ISCX_VPN_2016
0.031353553,90.3,6,0.282181978,903,10,13111,126,0,Web_Chat,ISCX_VPN_2016
0.420098066,64,17,0.420098066,128,2,5355,1,0,Web_Chat,ISCX_VPN_2016
0.419863939,64,17,0.419863939,128,2,5355,1,0,Web_Chat,ISCX_VPN_2016
0.421003103,64,17,0.421003103,128,2,5355,1,0,Web_Chat,ISCX_VPN_2016
0.420673132,64,17,0.420673132,128,2,5355,1,0,Web_Chat,ISCX_VPN_2016
0.421047211,64,17,0.421047211,128,2,5355,1,0,Web_Chat,ISCX_VPN_2016
0.420717001,64,17,0.420717001,128,2,5355,1,0,Web_Chat,ISCX_VPN_2016
0.002978633,622.12,6,0.071487188,15553,25,13000,125.92,0,Web_Chat,ISCX_VPN_2016
0.422070026,64,17,0.422070026,128,2,5355,1,0,Web_Chat,ISCX_VPN_2016
0.421612978,64,17,0.421612978,128,2,5355,1,0,Web_Chat,ISCX_VPN_2016
0.422551155,64,17,0.422551155,128,2,5355,1,0,Web_Chat,ISCX_VPN_2016
0.411567926,64,17,0.411567926,128,2,5355,1,0,Web_Chat,ISCX_VPN_2016
0.411086082,64,17,0.411086082,128,2,5355,1,0,Web_Chat,ISCX_VPN_2016
0.420802116,64,17,0.420802116,128,2,5355,1,0,Web_Chat,ISCX_VPN_2016
0.420489073,64,17,0.420489073,128,2,5355,1,0,Web_Chat,ISCX_VPN_2016
0.420825958,64,17,0.420825958,128,2,5355,1,0,Web_Chat,ISCX_VPN_2016
0.420470953,64,17,0.420470953,128,2,5355,1,0,Web_Chat,ISCX_VPN_2016
0.418020964,64,17,0.418020964,128,2,5355,1,0,Web_Chat,ISCX_VPN_2016
0.41782403,64,17,0.41782403,128,2,5355,1,0,Web_Chat,ISCX_VPN_2016
0.420915127,64,17,0.420915127,128,2,5355,1,0,Web_Chat,ISCX_VPN_2016
0.420428991,64,17,0.420428991,128,2,5355,1,0,Web_Chat,ISCX_VPN_2016
0.422890902,64,17,0.422890902,128,2,5355,1,0,Web_Chat,ISCX_VPN_2016
0.422561884,64,17,0.422561884,128,2,5355,1,0,Web_Chat,ISCX_VPN_2016
0.420892954,64,17,0.420892954,128,2,5355,1,0,Web_Chat,ISCX_VPN_2016
0.420406103,64,17,0.420406103,128,2,5355,1,0,Web_Chat,ISCX_VPN_2016
0.410802841,64,17,0.410802841,128,2,5355,1,0,Web_Chat,ISCX_VPN_2016
0.410589933,64,17,0.410589933,128,2,5355,1,0,Web_Chat,ISCX_VPN_2016
0.423610926,64,17,0.423610926,128,2,5355,1,0,Web_Chat,ISCX_VPN_2016
0.423125982,64,17,0.423125982,128,2,5355,1,0,Web_Chat,ISCX_VPN_2016
0.412975073,64,17,0.412975073,128,2,5355,1,0,Web_Chat,ISCX_VPN_2016
0.412652016,64,17,0.412652016,128,2,5355,1,0,Web_Chat,ISCX_VPN_2016
0.422904015,64,17,0.422904015,128,2,5355,1,0,Web_Chat,ISCX_VPN_2016
0.422806025,64,17,0.422806025,128,2,5355,1,0,Web_Chat,ISCX_VPN_2016
0.411606073,64,17,0.411606073,128,2,5355,1,0,Web_Chat,ISCX_VPN_2016
0.411254168,64,17,0.411254168,128,2,5355,1,0,Web_Chat,ISCX_VPN_2016
0.421025991,64,17,0.421025991,128,2,5355,1,0,Web_Chat,ISCX_VPN_2016
0.420683146,64,17,0.420683146,128,2,5355,1,0,Web_Chat,ISCX_VPN_2016
0.416119099,64,17,0.416119099,128,2,5355,1,0,Web_Chat,ISCX_VPN_2016
0.415919065,64,17,0.415919065,128,2,5355,1,0,Web_Chat,ISCX_VPN_2016
0.42097497,64,17,0.42097497,128,2,5355,1,0,Web_Chat,ISCX_VPN_2016
0.420666933,64,17,0.420666933,128,2,5355,1,0,Web_Chat,ISCX_VPN_2016
0.420800924,64,17,0.420800924,128,2,5355,1,0,Web_Chat,ISCX_VPN_2016
0.420356035,64,17,0.420356035,128,2,5355,1,0,Web_Chat,ISCX_VPN_2016
0.419613123,64,17,0.419613123,128,2,5355,1,0,Web_Chat,ISCX_VPN_2016
0.419257879,64,17,0.419257879,128,2,5355,1,0,Web_Chat,ISCX_VPN_2016
0.421025991,64,17,0.421025991,128,2,5355,1,0,Web_Chat,ISCX_VPN_2016
0.420673847,64,17,0.420673847,128,2,5355,1,0,Web_Chat,ISCX_VPN_2016
0.420947075,64,17,0.420947075,128,2,5355,1,0,Web_Chat,ISCX_VPN_2016
0.42050004,64,17,0.42050004,128,2,5355,1,0,Web_Chat,ISCX_VPN_2016
0.420913219,64,17,0.420913219,128,2,5355,1,0,Web_Chat,ISCX_VPN_2016
0.420609951,64,17,0.420609951,128,2,5355,1,0,Web_Chat,ISCX_VPN_2016
0.421048164,64,17,0.421048164,128,2,5355,1,0,Web_Chat,ISCX_VPN_2016
0.420707941,64,17,0.420707941,128,2,5355,1,0,Web_Chat,ISCX_VPN_2016
0.42090106,64,17,0.42090106,128,2,5355,1,0,Web_Chat,ISCX_VPN_2016
0.420569181,64,17,0.420569181,128,2,5355,1,0,Web_Chat,ISCX_VPN_2016
0.421000004,64,17,0.421000004,128,2,5355,1,0,Web_Chat,ISCX_VPN_2016
0.420675993,64,17,0.420675993,128,2,5355,1,0,Web_Chat,ISCX_VPN_2016
0.423914909,64,17,0.423914909,128,2,5355,1,0,Web_Chat,ISCX_VPN_2016
0.423432112,64,17,0.423432112,128,2,5355,1,0,Web_Chat,ISCX_VPN_2016
0.42112422,64,17,0.42112422,128,2,5355,1,0,Web_Chat,ISCX_VPN_2016
0.421001911,64,17,0.421001911,128,2,5355,1,0,Web_Chat,ISCX_VPN_2016
0.420720816,64,17,0.420720816,128,2,5355,1,0,Web_Chat,ISCX_VPN_2016
0.420378923,64,17,0.420378923,128,2,5355,1,0,Web_Chat,ISCX_VPN_2016
0.420942783,64,17,0.420942783,128,2,5355,1,0,Web_Chat,ISCX_VPN_2016
0.420433044,64,17,0.420433044,128,2,5355,1,0,Web_Chat,ISCX_VPN_2016
0.42415309,64,17,0.42415309,128,2,5355,1,0,Web_Chat,ISCX_VPN_2016
0.423827171,64,17,0.423827171,128,2,5355,1,0,Web_Chat,ISCX_VPN_2016
0.420497894,64,17,0.420497894,128,2,5355,1,0,Web_Chat,ISCX_VPN_2016
0.421010017,64,17,0.421010017,128,2,5355,1,0,Web_Chat,ISCX_VPN_2016
0.42069006,64,17,0.42069006,128,2,5355,1,0,Web_Chat,ISCX_VPN_2016
0.421211004,64,17,0.421211004,128,2,5355,1,0,Web_Chat,ISCX_VPN_2016
0.42100811,64,17,0.42100811,128,2,5355,1,0,Web_Chat,ISCX_VPN_2016
0.420961142,64,17,0.420961142,128,2,5355,1,0,Web_Chat,ISCX_VPN_2016
0.420460939,64,17,0.420460939,128,2,5355,1,0,Web_Chat,ISCX_VPN_2016
0.411572933,64,17,0.411572933,128,2,5355,1,0,Web_Chat,ISCX_VPN_2016
0.411450863,64,17,0.411450863,128,2,5355,1,0,Web_Chat,ISCX_VPN_2016
0.421173096,64,17,0.421173096,128,2,5355,1,0,Web_Chat,ISCX_VPN_2016
0.420848846,64,17,0.420848846,128,2,5355,1,0,Web_Chat,ISCX_VPN_2016
0.42108798,64,17,0.42108798,128,2,5355,1,0,Web_Chat,ISCX_VPN_2016
0.42076993,64,17,0.42076993,128,2,5355,1,0,Web_Chat,ISCX_VPN_2016
0.420837879,64,17,0.420837879,128,2,5355,1,0,Web_Chat,ISCX_VPN_2016
0.420259953,64,17,0.420259953,128,2,5355,1,0,Web_Chat,ISCX_VPN_2016
0.420886993,64,17,0.420886993,128,2,5355,1,0,Web_Chat,ISCX_VPN_2016
0.420397997,64,17,0.420397997,128,2,5355,1,0,Web_Chat,ISCX_VPN_2016
0.420841932,64,17,0.420841932,128,2,5355,1,0,Web_Chat,ISCX_VPN_2016
0.420347929,64,17,0.420347929,128,2,5355,1,0,Web_Chat,ISCX_VPN_2016
0.41840291,64,17,0.41840291,128,2,5355,1,0,Web_Chat,ISCX_VPN_2016
0.418094873,64,17,0.418094873,128,2,5355,1,0,Web_Chat,ISCX_VPN_2016
0.416985989,64,17,0.416985989,128,2,5355,1,0,Web_Chat,ISCX_VPN_2016
0.416652918,64,17,0.416652918,128,2,5355,1,0,Web_Chat,ISCX_VPN_2016
0.420940876,64,17,0.420940876,128,2,5355,1,0,Web_Chat,ISCX_VPN_2016
0.420459032,64,17,0.420459032,128,2,5355,1,0,Web_Chat,ISCX_VPN_2016
0.42068696,64,17,0.42068696,128,2,5355,1,0,Web_Chat,ISCX_VPN_2016
0.420969009,64,17,0.420969009,128,2,5355,1,0,Web_Chat,ISCX_VPN_2016
0.420487165,64,17,0.420487165,128,2,5355,1,0,Web_Chat,ISCX_VPN_2016
0.421047926,64,17,0.421047926,128,2,5355,1,0,Web_Chat,ISCX_VPN_2016
0.420718908,64,17,0.420718908,128,2,5355,1,0,Web_Chat,ISCX_VPN_2016
0.42266202,64,17,0.42266202,128,2,5355,1,0,Web_Chat,ISCX_VPN_2016
0.422158003,64,17,0.422158003,128,2,5355,1,0,Web_Chat,ISCX_VPN_2016
0.419760942,64,17,0.419760942,128,2,5355,1,0,Web_Chat,ISCX_VPN_2016
0.419270039,64,17,0.419270039,128,2,5355,1,0,Web_Chat,ISCX_VPN_2016
0.420531988,64,17,0.420531988,128,2,5355,1,0,Web_Chat,ISCX_VPN_2016
0.420218945,64,17,0.420218945,128,2,5355,1,0,Web_Chat,ISCX_VPN_2016
0.421643019,64,17,0.421643019,128,2,5355,1,0,Web_Chat,ISCX_VPN_2016
0.421352863,64,17,0.421352863,128,2,5355,1,0,Web_Chat,ISCX_VPN_2016
0.420984983,64,17,0.420984983,128,2,5355,1,0,Web_Chat,ISCX_VPN_2016
0.420809031,64,17,0.420809031,128,2,5355,1,0,Web_Chat,ISCX_VPN_2016
0.421078205,64,17,0.421078205,128,2,5355,1,0,Web_Chat,ISCX_VPN_2016
0.420860052,64,17,0.420860052,128,2,5355,1,0,Web_Chat,ISCX_VPN_2016
0.000522852,122.5,17,0.000522852,245,2,161,95.5,0,Web_Chat,ISCX_VPN_2016
0.422288895,64,17,0.422288895,128,2,5355,1,0,Web_Chat,ISCX_VPN_2016
0.421931982,64,17,0.421931982,128,2,5355,1,0,Web_Chat,ISCX_VPN_2016
0.423933983,64,17,0.423933983,128,2,5355,1,0,Web_Chat,ISCX_VPN_2016
0.423603058,64,17,0.423603058,128,2,5355,1,0,Web_Chat,ISCX_VPN_2016
0.421283007,64,17,0.421283007,128,2,5355,1,0,Web_Chat,ISCX_VPN_2016
0.420830011,64,17,0.420830011,128,2,5355,1,0,Web_Chat,ISCX_VPN_2016
0.423454046,64,17,0.423454046,128,2,5355,1,0,Web_Chat,ISCX_VPN_2016
0.423145056,64,17,0.423145056,128,2,5355,1,0,Web_Chat,ISCX_VPN_2016
0.4209342,64,17,0.4209342,128,2,5355,1,0,Web_Chat,ISCX_VPN_2016
0.420660973,64,17,0.420660973,128,2,5355,1,0,Web_Chat,ISCX_VPN_2016
0.423514128,64,17,0.423514128,128,2,5355,1,0,Web_Chat,ISCX_VPN_2016
0.423180103,64,17,0.423180103,128,2,5355,1,0,Web_Chat,ISCX_VPN_2016
0.421337128,64,17,0.421337128,128,2,5355,1,0,Web_Chat,ISCX_VPN_2016
0.421018839,64,17,0.421018839,128,2,5355,1,0,Web_Chat,ISCX_VPN_2016
0.410418987,64,17,0.410418987,128,2,5355,1,0,Web_Chat,ISCX_VPN_2016
0.410092115,64,17,0.410092115,128,2,5355,1,0,Web_Chat,ISCX_VPN_2016
0.409829855,64,17,0.409829855,128,2,5355,1,0,Web_Chat,ISCX_VPN_2016
0.409313917,64,17,0.409313917,128,2,5355,1,0,Web_Chat,ISCX_VPN_2016
0.419910908,64,17,0.419910908,128,2,5355,1,0,Web_Chat,ISCX_VPN_2016
0.41940999,64,17,0.41940999,128,2,5355,1,0,Web_Chat,ISCX_VPN_2016
0.411478043,64,17,0.411478043,128,2,5355,1,0,Web_Chat,ISCX_VPN_2016
0.411151171,64,17,0.411151171,128,2,5355,1,0,Web_Chat,ISCX_VPN_2016
0.448240995,64,17,0.448240995,128,2,5355,1,0,Web_Chat,ISCX_VPN_2016
0.447849989,64,17,0.447849989,128,2,5355,1,0,Web_Chat,ISCX_VPN_2016
0.41721797,64,17,0.41721797,128,2,5355,1,0,Web_Chat,ISCX_VPN_2016
0.416954994,64,17,0.416954994,128,2,5355,1,0,Web_Chat,ISCX_VPN_2016
0.409971952,64,17,0.409971952,128,2,5355,1,0,Web_Chat,ISCX_VPN_2016
0.40950799,64,17,0.40950799,128,2,5355,1,0,Web_Chat,ISCX_VPN_2016
0.421550035,64,17,0.421550035,128,2,5355,1,0,Web_Chat,ISCX_VPN_2016
0.421207905,64,17,0.421207905,128,2,5355,1,0,Web_Chat,ISCX_VPN_2016
0.080466032,276.5,17,0.080466032,553,2,53,95.5,0,Web_Chat,ISCX_VPN_2016
0.079905987,155,17,0.079905987,310,2,53,95.5,0,Web_Chat,ISCX_VPN_2016
0.197449923,276.5,17,0.197449923,553,2,53,95.5,0,Web_Chat,ISCX_VPN_2016
0.194296122,155,17,0.194296122,310,2,53,95.5,0,Web_Chat,ISCX_VPN_2016
0.085576057,276.5,17,0.085576057,553,2,53,94,0,Web_Chat,ISCX_VPN_2016
6.794216553,213.8,6,61.14794898,2138,10,80,97.6,0,Web_Chat,ISCX_VPN_2016
0.417718887,64,17,0.417718887,128,2,5355,1,0,Web_Chat,ISCX_VPN_2016
0.417403936,64,17,0.417403936,128,2,5355,1,0,Web_Chat,ISCX_VPN_2016
0.408940077,64,17,0.408940077,128,2,5355,1,0,Web_Chat,ISCX_VPN_2016
0.408463955,64,17,0.408463955,128,2,5355,1,0,Web_Chat,ISCX_VPN_2016
0.420886993,64,17,0.420886993,128,2,5355,1,0,Web_Chat,ISCX_VPN_2016
0.420554876,64,17,0.420554876,128,2,5355,1,0,Web_Chat,ISCX_VPN_2016
0.413225174,64,17,0.413225174,128,2,5355,1,0,Web_Chat,ISCX_VPN_2016
0.412720919,64,17,0.412720919,128,2,5355,1,0,Web_Chat,ISCX_VPN_2016
0.420799017,64,17,0.420799017,128,2,5355,1,0,Web_Chat,ISCX_VPN_2016
0.420305967,64,17,0.420305967,128,2,5355,1,0,Web_Chat,ISCX_VPN_2016
0.421021938,64,17,0.421021938,128,2,5355,1,0,Web_Chat,ISCX_VPN_2016
0.420693874,64,17,0.420693874,128,2,5355,1,0,Web_Chat,ISCX_VPN_2016
0.421092033,64,17,0.421092033,128,2,5355,1,0,Web_Chat,ISCX_VPN_2016
0.420605183,64,17,0.420605183,128,2,5355,1,0,Web_Chat,ISCX_VPN_2016
0.420832157,64,17,0.420832157,128,2,5355,1,0,Web_Chat,ISCX_VPN_2016
0.42035079,64,17,0.42035079,128,2,5355,1,0,Web_Chat,ISCX_VPN_2016
0.42091608,64,17,0.42091608,128,2,5355,1,0,Web_Chat,ISCX_VPN_2016
0.420615911,64,17,0.420615911,128,2,5355,1,0,Web_Chat,ISCX_VPN_2016
0.419885874,64,17,0.419885874,128,2,5355,1,0,Web_Chat,ISCX_VPN_2016
0.419552088,64,17,0.419552088,128,2,5355,1,0,Web_Chat,ISCX_VPN_2016
0.417881012,64,17,0.417881012,128,2,5355,1,0,Web_Chat,ISCX_VPN_2016
0.417350769,64,17,0.417350769,128,2,5355,1,0,Web_Chat,ISCX_VPN_2016
0.411547899,64,17,0.411547899,128,2,5355,1,0,Web_Chat,ISCX_VPN_2016
0.411063194,64,17,0.411063194,128,2,5355,1,0,Web_Chat,ISCX_VPN_2016
0.421111822,64,17,0.421111822,128,2,5355,1,0,Web_Chat,ISCX_VPN_2016
0.420974016,64,17,0.420974016,128,2,5355,1,0,Web_Chat,ISCX_VPN_2016
0.420928955,64,17,0.420928955,128,2,5355,1,0,Web_Chat,ISCX_VPN_2016
0.420428038,64,17,0.420428038,128,2,5355,1,0,Web_Chat,ISCX_VPN_2016
0.420789957,64,17,0.420789957,128,2,5355,1,0,Web_Chat,ISCX_VPN_2016
0.420300007,64,17,0.420300007,128,2,5355,1,0,Web_Chat,ISCX_VPN_2016
0.416096926,64,17,0.416096926,128,2,5355,1,0,Web_Chat,ISCX_VPN_2016
0.415772915,64,17,0.415772915,128,2,5355,1,0,Web_Chat,ISCX_VPN_2016
0.065042973,276.5,17,0.065042973,553,2,53,95.5,0,Web_Chat,ISCX_VPN_2016
0.052291155,276.5,17,0.052291155,553,2,53,95.5,0,Web_Chat,ISCX_VPN_2016
0.055125952,276.5,17,0.055125952,553,2,53,94,0,Web_Chat,ISCX_VPN_2016
0.042752663,266.8571429,6,0.25651598,1868,7,80,95.42857143,0,Web_Chat,ISCX_VPN_2016
0.06616199,282.5714286,6,0.396971941,1978,7,80,95.42857143,0,Web_Chat,ISCX_VPN_2016
0.419739008,64,17,0.419739008,128,2,5355,1,0,Web_Chat,ISCX_VPN_2016
0.419207096,64,17,0.419207096,128,2,5355,1,0,Web_Chat,ISCX_VPN_2016
0.412641048,64,17,0.412641048,128,2,5355,1,0,Web_Chat,ISCX_VPN_2016
0.412127018,64,17,0.412127018,128,2,5355,1,0,Web_Chat,ISCX_VPN_2016
0.420898914,64,17,0.420898914,128,2,5355,1,0,Web_Chat,ISCX_VPN_2016
0.420388937,64,17,0.420388937,128,2,5355,1,0,Web_Chat,ISCX_VPN_2016
0.411049128,64,17,0.411049128,128,2,5355,1,0,Web_Chat,ISCX_VPN_2016
0.410712004,64,17,0.410712004,128,2,5355,1,0,Web_Chat,ISCX_VPN_2016
0.416215181,64,17,0.416215181,128,2,5355,1,0,Web_Chat,ISCX_VPN_2016
0.415695906,64,17,0.415695906,128,2,5355,1,0,Web_Chat,ISCX_VPN_2016
0.128733775,470.6784141,6,58.31640005,213688,454,443,100.8546256,0,Web_Chat,ISCX_VPN_2016
0.025452932,132.5,17,0.076358795,530,4,53,63,0,Web_Chat,ISCX_VPN_2016
0.046667337,293,17,0.140002012,1172,4,53,63,0,Web_Chat,ISCX_VPN_2016
9.709946354,277.4285714,6,58.25967813,1942,7,443,95.42857143,0,Web_Chat,ISCX_VPN_2016
0.000536998,132.5,17,0.001610994,530,4,53,63,0,Web_Chat,ISCX_VPN_2016
0.125919806,371.6703786,6,56.4120729,166880,449,443,99.85746102,0,Web_Chat,ISCX_VPN_2016
0.002141794,736.84,6,0.051403046,18421,25,443,79.36,0,Web_Chat,ISCX_VPN_2016
0.025594314,132.5,17,0.076782942,530,4,53,63,0,Web_Chat,ISCX_VPN_2016
0.000484705,132.5,17,0.001454115,530,4,53,63,0,Web_Chat,ISCX_VPN_2016
0.000662327,132.5,17,0.00198698,530,4,53,63,0,Web_Chat,ISCX_VPN_2016
0.000507355,132.5,17,0.001522064,530,4,53,63,0,Web_Chat,ISCX_VPN_2016
0.000595013,132.5,17,0.00178504,530,4,53,63,0,Web_Chat,ISCX_VPN_2016
0.000559648,140.5,17,0.001678944,562,4,53,63,0,Web_Chat,ISCX_VPN_2016
0.000365019,132.5,17,0.001095057,530,4,53,63,0,Web_Chat,ISCX_VPN_2016
0.000362635,132.5,17,0.001087904,530,4,53,63,0,Web_Chat,ISCX_VPN_2016
0.000488679,132.5,17,0.001466036,530,4,53,63,0,Web_Chat,ISCX_VPN_2016
0.000959714,132.5,17,0.002879143,530,4,53,63,0,Web_Chat,ISCX_VPN_2016
0.000508626,132.5,17,0.001525879,530,4,53,63,0,Web_Chat,ISCX_VPN_2016
0.001063665,132.5,17,0.003190994,530,4,53,63,0,Web_Chat,ISCX_VPN_2016
0.000453313,132.5,17,0.00135994,530,4,53,63,0,Web_Chat,ISCX_VPN_2016
0.000363032,132.5,17,0.001089096,530,4,53,63,0,Web_Chat,ISCX_VPN_2016
0.000286976,132.5,17,0.000860929,530,4,53,63,0,Web_Chat,ISCX_VPN_2016
0.037533998,60.5,6,0.037533998,121,2,5228,86,0,Web_Chat,ISCX_VPN_2016
0.000900666,132.5,17,0.002701998,530,4,53,63,0,Web_Chat,ISCX_VPN_2016
0.000445366,132.5,17,0.001336098,530,4,53,63,0,Web_Chat,ISCX_VPN_2016
0.000513315,132.5,17,0.001539946,530,4,53,63,0,Web_Chat,ISCX_VPN_2016
0.000594298,132.5,17,0.001782894,530,4,53,63,0,Web_Chat,ISCX_VPN_2016
0.000586987,132.5,17,0.00176096,530,4,53,63,0,Web_Chat,ISCX_VPN_2016
0.006675005,67.4,6,0.02670002,337,5,443,84.2,0,Web_Chat,ISCX_VPN_2016
0.000368675,132.5,17,0.001106024,530,4,53,63,0,Web_Chat,ISCX_VPN_2016
0.001769304,132.5,17,0.005307913,530,4,53,63,0,Web_Chat,ISCX_VPN_2016
0.00048701,132.5,17,0.001461029,530,4,53,63,0,Web_Chat,ISCX_VPN_2016
0.000433366,132.5,17,0.001300097,530,4,53,63,0,Web_Chat,ISCX_VPN_2016
0.000511408,132.5,17,0.001534224,530,4,53,63,0,Web_Chat,ISCX_VPN_2016
0.000893275,132.5,17,0.002679825,530,4,53,63,0,Web_Chat,ISCX_VPN_2016
10.85652085,92,17,65.13912511,644,7,137,128,0,Web_Chat,ISCX_VPN_2016
0.025362651,132.5,17,0.076087952,530,4,53,63,0,Web_Chat,ISCX_VPN_2016
0.931274808,464.2413793,6,107.0966029,53852,116,443,100.6551724,0,Web_Chat,ISCX_VPN_2016
11.81612682,78.66666667,6,59.08063412,472,6,443,102.6666667,0,Web_Chat,ISCX_VPN_2016
0.000386715,132.5,17,0.001160145,530,4,53,63,0,Web_Chat,ISCX_VPN_2016
0.000469049,132.5,17,0.001407146,530,4,53,63,0,Web_Chat,ISCX_VPN_2016
0.683022272,335.1032258,6,105.1854298,51941,155,443,97.13548387,0,Web_Chat,ISCX_VPN_2016
1.001225615,139.5,17,5.006128073,837,6,53,63,0,Web_Chat,ISCX_VPN_2016
0.005870044,482.8571429,6,0.117400885,10140,21,443,86.28571429,0,Web_Chat,ISCX_VPN_2016
0.019620627,585,17,0.156965017,5265,9,443,95.55555556,0,Web_Chat,ISCX_VPN_2016
0.022559325,293,17,0.067677975,1172,4,53,63,0,Web_Chat,ISCX_VPN_2016
0.411638975,64,17,0.411638975,128,2,5355,1,0,Web_Chat,ISCX_VPN_2016
0.411405087,64,17,0.411405087,128,2,5355,1,0,Web_Chat,ISCX_VPN_2016
0.026238362,132.5,17,0.078715086,530,4,53,63,0,Web_Chat,ISCX_VPN_2016
0.004061584,527.3333333,6,0.117785931,15820,30,13000,126.2666667,0,Web_Chat,ISCX_VPN_2016
0.006699502,67.4,6,0.02679801,337,5,443,84.2,0,Web_Chat,ISCX_VPN_2016
15.02521269,60.5,6,45.07563806,242,4,5228,87,0,Web_Chat,ISCX_VPN_2016
0.047757943,94.75,17,0.14327383,379,4,11113,180,0,Web_Chat,ISCX_VPN_2016
3.202975861,627.5,6,48.04463792,10040,16,443,85.25,0,Web_Chat,ISCX_VPN_2016
0.03678751,81.33333333,6,0.07357502,244,3,443,103,0,Web_Chat,ISCX_VPN_2016
0.412909985,64,17,0.412909985,128,2,5355,1,0,Web_Chat,ISCX_VPN_2016
0.412387848,64,17,0.412387848,128,2,5355,1,0,Web_Chat,ISCX_VPN_2016
0.053808292,132.5,17,0.161424875,530,4,53,63,0,Web_Chat,ISCX_VPN_2016
1.001361799,139.5,17,5.006808996,837,6,53,63,0,Web_Chat,ISCX_VPN_2016
1.013240004,291,17,5.066200018,1746,6,53,63,0,Web_Chat,ISCX_VPN_2016
0.000768979,132.5,17,0.002306938,530,4,53,63,0,Web_Chat,ISCX_VPN_2016
0.000461658,132.5,17,0.001384974,530,4,53,63,0,Web_Chat,ISCX_VPN_2016
14.00354533,94,6,210.05318,1504,16,443,113.5,0,Web_Chat,ISCX_VPN_2016
14.00367959,83.5,6,210.0551939,1336,16,443,114,0,Web_Chat,ISCX_VPN_2016
0.333979395,463.524181,6,213.7468131,297119,641,443,101.1482059,0,Web_Chat,ISCX_VPN_2016
0.000767708,140.5,17,0.002303123,562,4,53,63,0,Web_Chat,ISCX_VPN_2016
0.000884295,132.5,17,0.002652884,530,4,53,63,0,Web_Chat,ISCX_VPN_2016
14.01129446,60,6,210.1694169,960,16,443,114.5,0,Web_Chat,ISCX_VPN_2016
14.01132902,60,6,210.1699352,960,16,443,114.5,0,Web_Chat,ISCX_VPN_2016
8.084272464,74.9375,6,121.264087,1199,16,443,94.75,0,Web_Chat,ISCX_VPN_2016
0.000492334,132.5,17,0.001477003,530,4,53,63,0,Web_Chat,ISCX_VPN_2016
0.335523414,376.4667722,6,211.7152741,237927,632,443,99.94303797,0,Web_Chat,ISCX_VPN_2016
0.376116706,575.5,17,15.42078495,24171,42,443,91.5,0,Web_Chat,ISCX_VPN_2016
14.01120834,60,6,210.1681252,960,16,443,112.5,0,Web_Chat,ISCX_VPN_2016
14.0110964,60,6,210.166446,960,16,443,112.5,0,Web_Chat,ISCX_VPN_2016
0.000604391,132.5,17,0.001813173,530,4,53,63,0,Web_Chat,ISCX_VPN_2016
0.000747999,132.5,17,0.002243996,530,4,53,63,0,Web_Chat,ISCX_VPN_2016
0.000564973,132.5,17,0.001694918,530,4,53,63,0,Web_Chat,ISCX_VPN_2016
0.001443704,132.5,17,0.004331112,530,4,53,63,0,Web_Chat,ISCX_VPN_2016
20.02235831,60.5,6,180.2012248,605,10,5228,86,0,Web_Chat,ISCX_VPN_2016
0.025370359,132.5,17,0.076111078,530,4,53,63,0,Web_Chat,ISCX_VPN_2016
20.00610023,94,6,180.0549021,940,10,443,114,0,Web_Chat,ISCX_VPN_2016
10.00313316,156.1052632,6,180.056397,2966,19,443,113.2631579,0,Web_Chat,ISCX_VPN_2016
0.000365337,132.5,17,0.00109601,530,4,53,63,0,Web_Chat,ISCX_VPN_2016
0.000582298,132.5,17,0.001746893,530,4,53,63,0,Web_Chat,ISCX_VPN_2016
0.000397682,132.5,17,0.001193047,530,4,53,63,0,Web_Chat,ISCX_VPN_2016
0.000379642,132.5,17,0.001138926,530,4,53,63,0,Web_Chat,ISCX_VPN_2016
0.000635386,132.5,17,0.001906157,530,4,53,63,0,Web_Chat,ISCX_VPN_2016
0.00047334,132.5,17,0.001420021,530,4,53,63,0,Web_Chat,ISCX_VPN_2016
0.000769615,132.5,17,0.002308846,530,4,53,63,0,Web_Chat,ISCX_VPN_2016
0.000422001,132.5,17,0.001266003,530,4,53,63,0,Web_Chat,ISCX_VPN_2016
6.343059695,117.2916667,6,145.890373,2815,24,443,114.7083333,0,Web_Chat,ISCX_VPN_2016
0.000754992,132.5,17,0.002264977,530,4,53,63,0,Web_Chat,ISCX_VPN_2016
0.033886989,90.1,6,0.304982901,901,10,13111,126,0,Web_Chat,ISCX_VPN_2016
0.000565608,132.5,17,0.001696825,530,4,53,63,0,Web_Chat,ISCX_VPN_2016
0.000440677,132.5,17,0.001322031,530,4,53,63,0,Web_Chat,ISCX_VPN_2016
0.000476996,132.5,17,0.001430988,530,4,53,63,0,Web_Chat,ISCX_VPN_2016
0.000479301,140.5,17,0.001437902,562,4,53,63,0,Web_Chat,ISCX_VPN_2016
0.004062335,132.5,17,0.012187004,530,4,53,63,0,Web_Chat,ISCX_VPN_2016
0.044745048,94.75,17,0.134235144,379,4,11113,181,0,Web_Chat,ISCX_VPN_2016
0.025404612,132.5,17,0.076213837,530,4,53,63,0,Web_Chat,ISCX_VPN_2016
0.411138058,64,17,0.411138058,128,2,5355,1,0,Web_Chat,ISCX_VPN_2016
12.61686401,92,17,63.08432007,552,6,137,128,0,Web_Chat,ISCX_VPN_2016
0.410845041,64,17,0.410845041,128,2,5355,1,0,Web_Chat,ISCX_VPN_2016
0.000365019,132.5,17,0.001095057,530,4,53,63,0,Web_Chat,ISCX_VPN_2016
0.000679334,132.5,17,0.002038002,530,4,53,63,0,Web_Chat,ISCX_VPN_2016
2.993006945,74,6,2.993006945,148,2,23,39,0,Web_Chat,ISCX_VPN_2016
0.001396338,132.5,17,0.004189014,530,4,53,63,0,Web_Chat,ISCX_VPN_2016
0.000747363,132.5,17,0.002242088,530,4,53,63,0,Web_Chat,ISCX_VPN_2016
0.412507057,64,17,0.412507057,128,2,5355,1,0,Web_Chat,ISCX_VPN_2016
0.412194014,64,17,0.412194014,128,2,5355,1,0,Web_Chat,ISCX_VPN_2016
0.02608037,132.5,17,0.07824111,530,4,53,63,0,Web_Chat,ISCX_VPN_2016
0.017656326,140.5,17,0.052968979,562,4,53,63,0,Web_Chat,ISCX_VPN_2016
0.000654936,287,17,0.000654936,574,2,53,63,0,Web_Chat,ISCX_VPN_2016
0.000628948,287,17,0.000628948,574,2,53,63,0,Web_Chat,ISCX_VPN_2016
1.026382399,291,17,5.131911993,1746,6,53,63,0,Web_Chat,ISCX_VPN_2016
3.937608131,116.25,6,59.06412196,1860,16,443,94.75,0,Web_Chat,ISCX_VPN_2016
0.025077979,132.5,17,0.075233936,530,4,53,63,0,Web_Chat,ISCX_VPN_2016
0.000368675,132.5,17,0.001106024,530,4,53,63,0,Web_Chat,ISCX_VPN_2016
0.417016745,61.8,6,1.668066978,309,5,443,77,0,Web_Chat,ISCX_VPN_2016
0.000486612,132.5,17,0.001459837,530,4,53,63,0,Web_Chat,ISCX_VPN_2016
1.416371763,61.8,6,5.665487051,309,5,443,77,0,Web_Chat,ISCX_VPN_2016
0.000572364,132.5,17,0.001717091,530,4,53,63,0,Web_Chat,ISCX_VPN_2016
0.000565688,132.5,17,0.001697063,530,4,53,63,0,Web_Chat,ISCX_VPN_2016
0.000756025,132.5,17,0.002268076,530,4,53,63,0,Web_Chat,ISCX_VPN_2016
0.000449657,132.5,17,0.001348972,530,4,53,63,0,Web_Chat,ISCX_VPN_2016
0.000217994,132.5,17,0.000653982,530,4,53,63,0,Web_Chat,ISCX_VPN_2016
0.050981045,132.5,17,0.152943134,530,4,53,63,0,Web_Chat,ISCX_VPN_2016
0.000685692,140.5,17,0.002057076,562,4,53,63,0,Web_Chat,ISCX_VPN_2016
0.006560743,67.4,6,0.026242971,337,5,443,84.2,0,Web_Chat,ISCX_VPN_2016
21.68861663,60.5,6,585.592649,1694,28,5228,86,0,Web_Chat,ISCX_VPN_2016
0.000730991,247,17,0.000730991,494,2,53,95.5,0,Web_Chat,ISCX_VPN_2016
8.005108229,289.5483871,6,240.1532469,8976,31,443,85.61290323,0,Web_Chat,ISCX_VPN_2016
17.59084026,92,17,615.679409,3312,36,137,128,0,Web_Chat,ISCX_VPN_2016
0.415405989,64,17,0.415405989,128,2,5355,1,0,Web_Chat,ISCX_VPN_2016
0.029482794,68.66666667,6,0.147413969,412,6,443,94.66666667,0,Web_Chat,ISCX_VPN_2016
0.344344022,403.8947957,6,614.9984241,721760,1787,443,97.35870173,0,Web_Chat,ISCX_VPN_2016
35.88717159,564.7692308,6,430.646059,7342,13,443,87.07692308,0,Web_Chat,ISCX_VPN_2016
0.411169052,64,17,0.411169052,128,2,5355,1,0,Web_Chat,ISCX_VPN_2016
0.410861969,64,17,0.410861969,128,2,5355,1,0,Web_Chat,ISCX_VPN_2016
0.04076004,247,17,0.04076004,494,2,53,95.5,0,Web_Chat,ISCX_VPN_2016
6.072681576,359.3170732,6,242.907263,14732,41,443,83.48780488,0,Web_Chat,ISCX_VPN_2016
0.001743078,247,17,0.001743078,494,2,53,95.5,0,Web_Chat,ISCX_VPN_2016
0.003647804,167,17,0.003647804,334,2,53,94,0,Web_Chat,ISCX_VPN_2016
0.015186548,954.3333333,17,0.030373096,2863,3,443,103.6666667,0,Web_Chat,ISCX_VPN_2016
0.000440121,247,17,0.000440121,494,2,53,95.5,0,Web_Chat,ISCX_VPN_2016
0.010479689,899.25,17,0.073357821,7194,8,443,91.5,0,Web_Chat,ISCX_VPN_2016
19.548837,622.2272727,6,410.5255771,13689,22,443,83.09090909,0,Web_Chat,ISCX_VPN_2016
0.412348032,64,17,0.412348032,128,2,5355,1,0,Web_Chat,ISCX_VPN_2016
4.498534918,74,6,8.997069836,222,3,44111,39,0,Web_Chat,ISCX_VPN_2016
0.411237001,64,17,0.411237001,128,2,5355,1,0,Web_Chat,ISCX_VPN_2016
0.410887957,64,17,0.410887957,128,2,5355,1,0,Web_Chat,ISCX_VPN_2016
0.001616955,99,17,0.001616955,198,2,53,95.5,0,Web_Chat,ISCX_VPN_2016
0.001388073,99,17,0.001388073,198,2,53,95.5,0,Web_Chat,ISCX_VPN_2016
0.410212994,64,17,0.410212994,128,2,5355,1,0,Web_Chat,ISCX_VPN_2016
0.409891129,64,17,0.409891129,128,2,5355,1,0,Web_Chat,ISCX_VPN_2016
0.054859877,287,17,0.054859877,574,2,53,95.5,0,Web_Chat,ISCX_VPN_2016
0.00064683,293,17,0.00064683,586,2,53,95.5,0,Web_Chat,ISCX_VPN_2016
37.95325375,352.7777778,6,303.62603,3175,9,443,94.22222222,0,Web_Chat,ISCX_VPN_2016
9.794794867,724.6875,6,303.6386409,23190,32,443,75.75,0,Web_Chat,ISCX_VPN_2016
0.031011105,287,17,0.031011105,574,2,53,95.5,0,Web_Chat,ISCX_VPN_2016
0.031587839,287,17,0.031587839,574,2,53,94,0,Web_Chat,ISCX_VPN_2016
1.233328906,117.25,6,13.56661797,1407,12,443,90,0,Web_Chat,ISCX_VPN_2016
0.008012374,63.25,6,0.024037123,253,4,443,90.5,0,Web_Chat,ISCX_VPN_2016
0.00735267,63.25,6,0.02205801,253,4,443,90.5,0,Web_Chat,ISCX_VPN_2016
0.007189353,63.25,6,0.02156806,253,4,443,90.5,0,Web_Chat,ISCX_VPN_2016
0.007504384,63.25,6,0.022513151,253,4,443,90.5,0,Web_Chat,ISCX_VPN_2016
0.010418653,63.25,6,0.03125596,253,4,443,90.5,0,Web_Chat,ISCX_VPN_2016
0.007209301,63.25,6,0.021627903,253,4,443,90.5,0,Web_Chat,ISCX_VPN_2016
0.00437762,527.3333333,6,0.126950979,15820,30,13000,126.2666667,0,Web_Chat,ISCX_VPN_2016
0.215229988,314,17,0.215229988,628,2,53,159,0,Web_Chat,ISCX_VPN_2016
0.146467924,90,17,0.146467924,180,2,123,148,0,Web_Chat,ISCX_VPN_2016
42.87658943,94.75,17,300.136126,758,8,11113,182,0,Web_Chat,ISCX_VPN_2016
0.412744999,64,17,0.412744999,128,2,5355,1,0,Web_Chat,ISCX_VPN_2016
0.4123981,64,17,0.4123981,128,2,5355,1,0,Web_Chat,ISCX_VPN_2016
0.411718845,64,17,0.411718845,128,2,5355,1,0,Web_Chat,ISCX_VPN_2016
0.411144018,64,17,0.411144018,128,2,5355,1,0,Web_Chat,ISCX_VPN_2016
0.411386967,64,17,0.411386967,128,2,5355,1,0,Web_Chat,ISCX_VPN_2016
0.411108971,64,17,0.411108971,128,2,5355,1,0,Web_Chat,ISCX_VPN_2016
0.41309309,64,17,0.41309309,128,2,5355,1,0,Web_Chat,ISCX_VPN_2016
0.412748098,64,17,0.412748098,128,2,5355,1,0,Web_Chat,ISCX_VPN_2016
0.412194014,64,17,0.412194014,128,2,5355,1,0,Web_Chat,ISCX_VPN_2016
0.411581993,64,17,0.411581993,128,2,5355,1,0,Web_Chat,ISCX_VPN_2016
0.000398159,247,17,0.000398159,494,2,53,95.5,0,Web_Chat,ISCX_VPN_2016
0.016993841,518.8571429,17,0.101963043,3632,7,443,96.71428571,0,Web_Chat,ISCX_VPN_2016
0.014419576,130.9230769,6,0.173034906,1702,13,443,88.69230769,0,Web_Chat,ISCX_VPN_2016
27.42465888,215,17,246.8219299,2150,10,1900,128,1,Email,ISCX_VPN_2016
4.247324665,86,17,25.48394799,602,7,5353,255,1,Email,ISCX_VPN_2016
4.999975605,63,17,279.9986339,3591,57,32412,128,1,Email,ISCX_VPN_2016
4.999973501,63,17,279.9985161,3591,57,32414,128,1,Email,ISCX_VPN_2016
60.00075674,80,17,240.003027,400,5,4644,64,1,Email,ISCX_VPN_2016
4.648263999,86,17,32.537848,688,8,5353,255,1,Email,ISCX_VPN_2016
0.807497049,92,17,280.2014759,32016,348,137,128,1,Email,ISCX_VPN_2016
0.426352978,64,17,0.426352978,128,2,5355,1,1,Email,ISCX_VPN_2016
0.426318169,64,17,0.426318169,128,2,5355,1,1,Email,ISCX_VPN_2016
12.93956172,92,17,181.1538641,1380,15,137,128,1,Email,ISCX_VPN_2016
0.422711134,64,17,0.422711134,128,2,5355,1,1,Email,ISCX_VPN_2016
0.422085047,64,17,0.422085047,128,2,5355,1,1,Email,ISCX_VPN_2016
3.79035554,86,17,272.9055989,6278,73,5353,255,1,Email,ISCX_VPN_2016
2.291477159,92,17,272.685782,11040,120,137,128,1,Email,ISCX_VPN_2016
0.413995981,64,17,0.413995981,128,2,5355,1,1,Email,ISCX_VPN_2016
0.413681984,64,17,0.413681984,128,2,5355,1,1,Email,ISCX_VPN_2016
1.989462323,92,17,278.5247252,12972,141,137,128,1,Email,ISCX_VPN_2016
2.775476731,86.92857143,17,269.2212429,8519,98,5353,255,1,Email,ISCX_VPN_2016
3.879191597,86,17,279.301795,6278,73,5353,255,1,Email,ISCX_VPN_2016
30.05710467,168,17,270.513942,1680,10,17500,64,1,Email,ISCX_VPN_2016
30.05710655,168,17,270.5139589,1680,10,17500,64,1,Email,ISCX_VPN_2016
3.872712334,86.31506849,17,278.835288,6301,73,5353,255,1,Email,ISCX_VPN_2016
2.095392654,92,17,278.687223,12328,134,137,128,1,Email,ISCX_VPN_2016
0.412099838,64,17,0.412099838,128,2,5355,1,1,Email,ISCX_VPN_2016
0.411550999,64,17,0.411550999,128,2,5355,1,1,Email,ISCX_VPN_2016
0.744794488,92,17,1.489588976,276,3,137,128,1,Email,ISCX_VPN_2016
0.411325216,64,17,0.411325216,128,2,5355,1,1,Email,ISCX_VPN_2016
0.411232948,64,17,0.411232948,128,2,5355,1,1,Email,ISCX_VPN_2016
2.901824831,92,17,275.6733589,8832,96,137,128,1,Email,ISCX_VPN_2016
1.132665812,92,17,277.503124,22632,246,137,128,1,Email,ISCX_VPN_2016
0.421708107,64,17,0.421708107,128,2,5355,1,1,Email,ISCX_VPN_2016
0.421928167,64,17,0.421928167,128,2,5355,1,1,Email,ISCX_VPN_2016
14.32271415,157,17,272.1315689,3140,20,17500,128,1,Email,ISCX_VPN_2016
30.23659465,157,17,272.1293519,1570,10,17500,128,1,Email,ISCX_VPN_2016
2.451350503,87.22807018,17,277.0026069,9944,114,5353,255,1,Email,ISCX_VPN_2016
19.99596031,90,17,259.947484,1260,14,123,254,1,Email,ISCX_VPN_2016
0.410942078,64,17,0.410942078,128,2,5355,1,1,Email,ISCX_VPN_2016
0.410518169,64,17,0.410518169,128,2,5355,1,1,Email,ISCX_VPN_2016
64.05084705,343,17,64.05084705,686,2,5353,255,1,Email,ISCX_VPN_2016
8.529894277,92,17,272.9566169,3036,33,137,128,1,Email,ISCX_VPN_2016
0.420839071,64,17,0.420839071,128,2,5355,1,1,Email,ISCX_VPN_2016
0.42068696,64,17,0.42068696,128,2,5355,1,1,Email,ISCX_VPN_2016
30.12070277,146,17,271.0863249,1460,10,17500,128,1,Email,ISCX_VPN_2016
30.12069678,146,17,271.086271,1460,10,17500,128,1,Email,ISCX_VPN_2016
0.746160507,92,17,1.492321014,276,3,137,128,1,Email,ISCX_VPN_2016
0.413938999,64,17,0.413938999,128,2,5355,1,1,Email,ISCX_VPN_2016
0.413887024,64,17,0.413887024,128,2,5355,1,1,Email,ISCX_VPN_2016
2.500507018,92,17,267.554251,9936,108,137,128,1,Email,ISCX_VPN_2016
0.420971155,64,17,0.420971155,128,2,5355,1,1,Email,ISCX_VPN_2016
0.420503855,64,17,0.420503855,128,2,5355,1,1,Email,ISCX_VPN_2016
30.12858446,145,17,271.1572602,1450,10,17500,128,1,Email,ISCX_VPN_2016
30.12859578,145,17,271.157362,1450,10,17500,128,1,Email,ISCX_VPN_2016
8.707517303,92,17,226.3954499,2484,27,137,128,1,Email,ISCX_VPN_2016
0.410857201,64,17,0.410857201,128,2,5355,1,1,Email,ISCX_VPN_2016
0.410546064,64,17,0.410546064,128,2,5355,1,1,Email,ISCX_VPN_2016
0.412292004,64,17,0.412292004,128,2,5355,1,1,Email,ISCX_VPN_2016
0.412041187,64,17,0.412041187,128,2,5355,1,1,Email,ISCX_VPN_2016
0.413681984,64,17,0.413681984,128,2,5355,1,1,Email,ISCX_VPN_2016
0.413687944,64,17,0.413687944,128,2,5355,1,1,Email,ISCX_VPN_2016
4.460380382,92,17,80.28684688,1748,19,137,64,1,Email,ISCX_VPN_2016
4.452392565,92,17,80.14306617,1748,19,137,64,1,Email,ISCX_VPN_2016
6.545102684,92,17,268.34921,3864,42,137,128,1,Email,ISCX_VPN_2016
0.420837879,64,17,0.420837879,128,2,5355,1,1,Email,ISCX_VPN_2016
0.420590162,64,17,0.420590162,128,2,5355,1,1,Email,ISCX_VPN_2016
0.409487009,64,17,0.409487009,128,2,5355,1,1,Email,ISCX_VPN_2016
0.409135103,64,17,0.409135103,128,2,5355,1,1,Email,ISCX_VPN_2016
4.415583226,92,17,79.48049808,1748,19,137,64,1,Email,ISCX_VPN_2016
4.347603891,92,17,78.25687003,1748,19,137,64,1,Email,ISCX_VPN_2016
4.347568009,92,17,78.25622416,1748,19,137,64,1,Email,ISCX_VPN_2016
38.00034588,86,17,266.0024211,688,8,57621,64,1,Email,ISCX_VPN_2016
0.410993099,64,17,0.410993099,128,2,5355,1,1,Email,ISCX_VPN_2016
0.410835028,64,17,0.410835028,128,2,5355,1,1,Email,ISCX_VPN_2016
30.09153774,145,17,240.732302,1305,9,17500,64,1,Email,ISCX_VPN_2016
30.09153613,145,17,240.7322891,1305,9,17500,64,1,Email,ISCX_VPN_2016
4.297384501,92,17,77.35292101,1748,19,137,64,1,Email,ISCX_VPN_2016
15.05849046,60,17,255.9943378,1080,18,1534,128,1,Email,ISCX_VPN_2016
0.420723915,64,17,0.420723915,128,2,5355,1,1,Email,ISCX_VPN_2016
0.420434952,64,17,0.420434952,128,2,5355,1,1,Email,ISCX_VPN_2016
0.410800934,64,17,0.410800934,128,2,5355,1,1,Email,ISCX_VPN_2016
0.410472155,64,17,0.410472155,128,2,5355,1,1,Email,ISCX_VPN_2016
4.223646164,92,17,76.02563095,1748,19,137,64,1,Email,ISCX_VPN_2016
4.22366133,92,17,76.02590394,1748,19,137,64,1,Email,ISCX_VPN_2016
4.223642667,92,17,76.02556801,1748,19,137,64,1,Email,ISCX_VPN_2016
4.197120508,92,17,75.54816914,1748,19,137,64,1,Email,ISCX_VPN_2016
0.744696498,92,17,1.489392996,276,3,137,128,1,Email,ISCX_VPN_2016
0.411051989,64,17,0.411051989,128,2,5355,1,1,Email,ISCX_VPN_2016
0.410840034,64,17,0.410840034,128,2,5355,1,1,Email,ISCX_VPN_2016
64.08063388,348,17,64.08063388,696,2,5353,255,1,Email,ISCX_VPN_2016
23.97084032,215,17,215.7375629,2150,10,1900,4,1,Email,ISCX_VPN_2016
0.41685605,64,17,0.41685605,128,2,5355,1,1,Email,ISCX_VPN_2016
0.416691065,64,17,0.416691065,128,2,5355,1,1,Email,ISCX_VPN_2016
0.411204815,64,17,0.411204815,128,2,5355,1,1,Email,ISCX_VPN_2016
0.410860062,64,17,0.410860062,128,2,5355,1,1,Email,ISCX_VPN_2016
12.61668141,86,17,239.7169468,1720,20,5353,255,1,Email,ISCX_VPN_2016
14.16957976,168,17,240.8828559,3024,18,17500,127,1,Email,ISCX_VPN_2016
0.746636987,92,17,1.493273973,276,3,137,128,1,Email,ISCX_VPN_2016
0.414822102,64,17,0.414822102,128,2,5355,1,1,Email,ISCX_VPN_2016
0.414783001,64,17,0.414783001,128,2,5355,1,1,Email,ISCX_VPN_2016
0.411360979,64,17,0.411360979,128,2,5355,1,1,Email,ISCX_VPN_2016
0.411024094,64,17,0.411024094,128,2,5355,1,1,Email,ISCX_VPN_2016
5.752358283,269.6666667,17,80.53301597,4045,15,138,64,1,Email,ISCX_VPN_2016
8.787076447,92,17,158.167376,1748,19,137,64,1,Email,ISCX_VPN_2016
4.74626193,92,17,71.19392896,1472,16,137,64,1,Email,ISCX_VPN_2016
4.746258005,92,17,71.19387007,1472,16,137,64,1,Email,ISCX_VPN_2016
17.56579947,216,17,70.2631979,1080,5,138,64,1,Email,ISCX_VPN_2016
17.56580079,216,17,70.26320314,1080,5,138,64,1,Email,ISCX_VPN_2016
17.5657295,216,17,70.262918,1080,5,138,64,1,Email,ISCX_VPN_2016
17.56573075,216,17,70.262923,1080,5,138,64,1,Email,ISCX_VPN_2016
17.56578702,216,17,70.26314807,1080,5,138,64,1,Email,ISCX_VPN_2016
17.56578273,216,17,70.2631309,1080,5,138,64,1,Email,ISCX_VPN_2016
17.56578976,216,17,70.26315904,1080,5,138,64,1,Email,ISCX_VPN_2016
17.56576771,216,17,70.26307082,1080,5,138,64,1,Email,ISCX_VPN_2016
17.565772,216,17,70.26308799,1080,5,138,64,1,Email,ISCX_VPN_2016
17.56577927,216,17,70.26311707,1080,5,138,64,1,Email,ISCX_VPN_2016
17.56574178,216,17,70.26296711,1080,5,138,64,1,Email,ISCX_VPN_2016
17.56571048,216,17,70.26284194,1080,5,138,64,1,Email,ISCX_VPN_2016
17.56564403,216,17,70.2625761,1080,5,138,64,1,Email,ISCX_VPN_2016
0.422976017,64,17,0.422976017,128,2,5355,1,1,Email,ISCX_VPN_2016
0.422564983,64,17,0.422564983,128,2,5355,1,1,Email,ISCX_VPN_2016
3.307242253,92,17,145.5186591,4140,45,137,128,1,Email,ISCX_VPN_2016
0.411593914,64,17,0.411593914,128,2,5355,1,1,Email,ISCX_VPN_2016
0.411322117,64,17,0.411322117,128,2,5355,1,1,Email,ISCX_VPN_2016
0.420456886,64,17,0.420456886,128,2,5355,1,1,Email,ISCX_VPN_2016
0.420145988,64,17,0.420145988,128,2,5355,1,1,Email,ISCX_VPN_2016
4.952104998,92,17,24.76052499,552,6,137,64,1,Email,ISCX_VPN_2016
0.410839081,64,17,0.410839081,128,2,5355,1,1,Email,ISCX_VPN_2016
0.410458088,64,17,0.410458088,128,2,5355,1,1,Email,ISCX_VPN_2016
0.411198854,64,17,0.411198854,128,2,5355,1,1,Email,ISCX_VPN_2016
0.410884142,64,17,0.410884142,128,2,5355,1,1,Email,ISCX_VPN_2016
0.420059919,64,17,0.420059919,128,2,5355,1,1,Email,ISCX_VPN_2016
0.420109987,64,17,0.420109987,128,2,5355,1,1,Email,ISCX_VPN_2016
0.057816029,180.5,17,0.057816029,361,2,53,87.5,1,Email,ISCX_VPN_2016
0.057586908,174.5,17,0.057586908,349,2,53,87.5,1,Email,ISCX_VPN_2016
0.141374826,174.5,17,0.141374826,349,2,53,83.5,1,Email,ISCX_VPN_2016
0.056348191,231.2702703,6,2.028534889,8557,37,465,82.59459459,1,Email,ISCX_VPN_2016
0.410931826,64,17,0.410931826,128,2,5355,1,1,Email,ISCX_VPN_2016
0.410942078,64,17,0.410942078,128,2,5355,1,1,Email,ISCX_VPN_2016
0.410662174,64,17,0.410662174,128,2,5355,1,1,Email,ISCX_VPN_2016
0.410465956,64,17,0.410465956,128,2,5355,1,1,Email,ISCX_VPN_2016
14.16590754,146,17,240.8204281,2628,18,17500,128,1,Email,ISCX_VPN_2016
30.10238361,146,17,240.8190689,1314,9,17500,128,1,Email,ISCX_VPN_2016
0.744892001,92,17,1.489784002,276,3,137,128,1,Email,ISCX_VPN_2016
0.411410093,64,17,0.411410093,128,2,5355,1,1,Email,ISCX_VPN_2016
0.411324978,64,17,0.411324978,128,2,5355,1,1,Email,ISCX_VPN_2016
30.07957864,272,17,240.6366291,2448,9,17500,64,1,Email,ISCX_VPN_2016
30.07957664,272,17,240.6366131,2448,9,17500,64,1,Email,ISCX_VPN_2016
0.431900024,64,17,0.431900024,128,2,5355,1,1,Email,ISCX_VPN_2016
0.432109833,64,17,0.432109833,128,2,5355,1,1,Email,ISCX_VPN_2016
0.411229849,64,17,0.411229849,128,2,5355,1,1,Email,ISCX_VPN_2016
0.41084218,64,17,0.41084218,128,2,5355,1,1,Email,ISCX_VPN_2016
30.09112951,168,17,240.7290361,1512,9,17500,64,1,Email,ISCX_VPN_2016
30.09113026,168,17,240.7290421,1512,9,17500,64,1,Email,ISCX_VPN_2016
30.10462651,156,17,240.8370121,1404,9,17500,128,1,Email,ISCX_VPN_2016
30.10454664,156,17,240.8363731,1404,9,17500,128,1,Email,ISCX_VPN_2016
0.411484003,64,17,0.411484003,128,2,5355,1,1,Email,ISCX_VPN_2016
0.411046982,64,17,0.411046982,128,2,5355,1,1,Email,ISCX_VPN_2016
0.598600292,140.1119403,17,240.038717,56325,402,161,191,1,Email,ISCX_VPN_2016
0.415201902,64,17,0.415201902,128,2,5355,1,1,Email,ISCX_VPN_2016
0.415088177,64,17,0.415088177,128,2,5355,1,1,Email,ISCX_VPN_2016
30.08190489,179,17,240.6552391,1611,9,17500,64,1,Email,ISCX_VPN_2016
30.08188313,179,17,240.6550651,1611,9,17500,64,1,Email,ISCX_VPN_2016
0.001603261,528.5833333,6,0.03687501,12686,24,13000,126,1,Email,ISCX_VPN_2016
29.99999824,87,17,239.9999859,783,9,5353,1,1,Email,ISCX_VPN_2016
0.40931201,64,17,0.40931201,128,2,5355,1,1,Email,ISCX_VPN_2016
0.408946991,64,17,0.408946991,128,2,5355,1,1,Email,ISCX_VPN_2016
0.747516513,92,17,1.495033026,276,3,137,128,1,Email,ISCX_VPN_2016
0.41655612,64,17,0.41655612,128,2,5355,1,1,Email,ISCX_VPN_2016
0.416432858,64,17,0.416432858,128,2,5355,1,1,Email,ISCX_VPN_2016
37.99832785,86,17,227.9899671,602,7,57621,128,1,Email,ISCX_VPN_2016
0.412799835,64,17,0.412799835,128,2,5355,1,1,Email,ISCX_VPN_2016
0.412388086,64,17,0.412388086,128,2,5355,1,1,Email,ISCX_VPN_2016
0.411282063,64,17,0.411282063,128,2,5355,1,1,Email,ISCX_VPN_2016
0.41089797,64,17,0.41089797,128,2,5355,1,1,Email,ISCX_VPN_2016
0.750756502,92,17,1.501513004,276,3,137,128,1,Email,ISCX_VPN_2016
0.409797907,64,17,0.409797907,128,2,5355,1,1,Email,ISCX_VPN_2016
0.409528017,64,17,0.409528017,128,2,5355,1,1,Email,ISCX_VPN_2016
0.300644207,92,17,1.503221035,552,6,137,127,1,Email,ISCX_VPN_2016
10.12550801,92,17,81.00406408,828,9,137,128,1,Email,ISCX_VPN_2016
0.419229984,64,17,0.419229984,128,2,5355,1,1,Email,ISCX_VPN_2016
0.419059038,64,17,0.419059038,128,2,5355,1,1,Email,ISCX_VPN_2016
0.414492846,64,17,0.414492846,128,2,5355,1,1,Email,ISCX_VPN_2016
0.414212942,64,17,0.414212942,128,2,5355,1,1,Email,ISCX_VPN_2016
0.418730021,64,17,0.418730021,128,2,5355,1,1,Email,ISCX_VPN_2016
0.432945967,64,17,0.432945967,128,2,5355,1,1,Email,ISCX_VPN_2016
0.423313856,64,17,0.423313856,128,2,5355,1,1,Email,ISCX_VPN_2016
0.423376083,64,17,0.423376083,128,2,5355,1,1,Email,ISCX_VPN_2016
0.098268032,64,17,0.098268032,128,2,5355,1,1,Email,ISCX_VPN_2016
3.498286247,92,17,27.98628998,828,9,137,64,1,Email,ISCX_VPN_2016
0.037288854,148.3235294,6,1.230532169,5043,34,465,81.05882353,1,Email,ISCX_VPN_2016
0.411467075,64,17,0.411467075,128,2,5355,1,1,Email,ISCX_VPN_2016
0.411193848,64,17,0.411193848,128,2,5355,1,1,Email,ISCX_VPN_2016
0.420905828,64,17,0.420905828,128,2,5355,1,1,Email,ISCX_VPN_2016
0.420420885,64,17,0.420420885,128,2,5355,1,1,Email,ISCX_VPN_2016
0.420766115,64,17,0.420766115,128,2,5355,1,1,Email,ISCX_VPN_2016
0.420314074,64,17,0.420314074,128,2,5355,1,1,Email,ISCX_VPN_2016
0.05842185,173,17,0.05842185,346,2,53,87.5,1,Email,ISCX_VPN_2016
0.09483695,179,17,0.09483695,358,2,53,87.5,1,Email,ISCX_VPN_2016
0.171945095,179,17,0.171945095,358,2,53,81.5,1,Email,ISCX_VPN_2016
0.021519745,297.2115385,6,1.097507,15455,52,995,80.03846154,1,Email,ISCX_VPN_2016
0.410444975,64,17,0.410444975,128,2,5355,1,1,Email,ISCX_VPN_2016
0.409916878,64,17,0.409916878,128,2,5355,1,1,Email,ISCX_VPN_2016
0.409847021,64,17,0.409847021,128,2,5355,1,1,Email,ISCX_VPN_2016
0.409687996,64,17,0.409687996,128,2,5355,1,1,Email,ISCX_VPN_2016
0.411115885,64,17,0.411115885,128,2,5355,1,1,Email,ISCX_VPN_2016
0.410688877,64,17,0.410688877,128,2,5355,1,1,Email,ISCX_VPN_2016
0.416159153,64,17,0.416159153,128,2,5355,1,1,Email,ISCX_VPN_2016
0.416201115,64,17,0.416201115,128,2,5355,1,1,Email,ISCX_VPN_2016
0.420947075,64,17,0.420947075,128,2,5355,1,1,Email,ISCX_VPN_2016
0.42045784,64,17,0.42045784,128,2,5355,1,1,Email,ISCX_VPN_2016
0.412352085,64,17,0.412352085,128,2,5355,1,1,Email,ISCX_VPN_2016
0.411970854,64,17,0.411970854,128,2,5355,1,1,Email,ISCX_VPN_2016
0.414451122,64,17,0.414451122,128,2,5355,1,1,Email,ISCX_VPN_2016
0.413906813,64,17,0.413906813,128,2,5355,1,1,Email,ISCX_VPN_2016
0.433779001,64,17,0.433779001,128,2,5355,1,1,Email,ISCX_VPN_2016
0.433446169,64,17,0.433446169,128,2,5355,1,1,Email,ISCX_VPN_2016
0.415599823,64,17,0.415599823,128,2,5355,1,1,Email,ISCX_VPN_2016
0.415214062,64,17,0.415214062,128,2,5355,1,1,Email,ISCX_VPN_2016
0.746090531,92,17,1.492181063,276,3,137,128,1,Email,ISCX_VPN_2016
0.413794041,64,17,0.413794041,128,2,5355,1,1,Email,ISCX_VPN_2016
0.413731098,64,17,0.413731098,128,2,5355,1,1,Email,ISCX_VPN_2016
0.415492058,64,17,0.415492058,128,2,5355,1,1,Email,ISCX_VPN_2016
0.415359974,64,17,0.415359974,128,2,5355,1,1,Email,ISCX_VPN_2016
59.9983267,75,17,179.9949801,300,4,4644,64,1,Email,ISCX_VPN_2016
0.420813084,64,17,0.420813084,128,2,5355,1,1,Email,ISCX_VPN_2016
0.420495987,64,17,0.420495987,128,2,5355,1,1,Email,ISCX_VPN_2016
0.412067175,64,17,0.412067175,128,2,5355,1,1,Email,ISCX_VPN_2016
0.411554098,64,17,0.411554098,128,2,5355,1,1,Email,ISCX_VPN_2016
0.411875963,64,17,0.411875963,128,2,5355,1,1,Email,ISCX_VPN_2016
0.411545992,64,17,0.411545992,128,2,5355,1,1,Email,ISCX_VPN_2016
10.48945508,246.2142857,17,136.362916,3447,14,5353,255,1,Email,ISCX_VPN_2016
0.413728952,64,17,0.413728952,128,2,5355,1,1,Email,ISCX_VPN_2016
0.413585901,64,17,0.413585901,128,2,5355,1,1,Email,ISCX_VPN_2016
0.411141157,64,17,0.411141157,128,2,5355,1,1,Email,ISCX_VPN_2016
0.410898209,64,17,0.410898209,128,2,5355,1,1,Email,ISCX_VPN_2016
0.095978022,64,17,0.095978022,128,2,5355,1,1,Email,ISCX_VPN_2016
0.411370039,64,17,0.411370039,128,2,5355,1,1,Email,ISCX_VPN_2016
0.413666964,64,17,0.413666964,128,2,5355,1,1,Email,ISCX_VPN_2016
0.413290977,64,17,0.413290977,128,2,5355,1,1,Email,ISCX_VPN_2016
0.412282944,64,17,0.412282944,128,2,5355,1,1,Email,ISCX_VPN_2016
0.41161108,64,17,0.41161108,128,2,5355,1,1,Email,ISCX_VPN_2016
0.105417967,64,17,0.105417967,128,2,5355,1,1,Email,ISCX_VPN_2016
0.420867205,64,17,0.420867205,128,2,5355,1,1,Email,ISCX_VPN_2016
0.420325994,64,17,0.420325994,128,2,5355,1,1,Email,ISCX_VPN_2016
0.416646957,64,17,0.416646957,128,2,5355,1,1,Email,ISCX_VPN_2016
0.416404009,64,17,0.416404009,128,2,5355,1,1,Email,ISCX_VPN_2016
0.420840025,64,17,0.420840025,128,2,5355,1,1,Email,ISCX_VPN_2016
0.420567036,64,17,0.420567036,128,2,5355,1,1,Email,ISCX_VPN_2016
0.410457134,64,17,0.410457134,128,2,5355,1,1,Email,ISCX_VPN_2016
0.410018921,64,17,0.410018921,128,2,5355,1,1,Email,ISCX_VPN_2016
0.411049843,64,17,0.411049843,128,2,5355,1,1,Email,ISCX_VPN_2016
0.410521984,64,17,0.410521984,128,2,5355,1,1,Email,ISCX_VPN_2016
0.412708044,64,17,0.412708044,128,2,5355,1,1,Email,ISCX_VPN_2016
0.412282944,64,17,0.412282944,128,2,5355,1,1,Email,ISCX_VPN_2016
0.421725988,64,17,0.421725988,128,2,5355,1,1,Email,ISCX_VPN_2016
0.42169404,64,17,0.42169404,128,2,5355,1,1,Email,ISCX_VPN_2016
0.439194918,64,17,0.439194918,128,2,5355,1,1,Email,ISCX_VPN_2016
0.439221144,64,17,0.439221144,128,2,5355,1,1,Email,ISCX_VPN_2016
0.421648026,64,17,0.421648026,128,2,5355,1,1,Email,ISCX_VPN_2016
0.421691895,64,17,0.421691895,128,2,5355,1,1,Email,ISCX_VPN_2016
0.428789854,64,17,0.428789854,128,2,5355,1,1,Email,ISCX_VPN_2016
0.428803205,64,17,0.428803205,128,2,5355,1,1,Email,ISCX_VPN_2016
0.410819054,64,17,0.410819054,128,2,5355,1,1,Email,ISCX_VPN_2016
0.410851002,64,17,0.410851002,128,2,5355,1,1,Email,ISCX_VPN_2016
0.411563873,64,17,0.411563873,128,2,5355,1,1,Email,ISCX_VPN_2016
0.411164999,64,17,0.411164999,128,2,5355,1,1,Email,ISCX_VPN_2016
0.41373992,64,17,0.41373992,128,2,5355,1,1,Email,ISCX_VPN_2016
0.413658857,64,17,0.413658857,128,2,5355,1,1,Email,ISCX_VPN_2016
15.81586012,226.1111111,17,126.526881,2035,9,138,127,1,Email,ISCX_VPN_2016
0.424783945,64,17,0.424783945,128,2,5355,1,1,Email,ISCX_VPN_2016
0.424894094,64,17,0.424894094,128,2,5355,1,1,Email,ISCX_VPN_2016
0.410101175,64,17,0.410101175,128,2,5355,1,1,Email,ISCX_VPN_2016
0.409855127,64,17,0.409855127,128,2,5355,1,1,Email,ISCX_VPN_2016
0.410567045,64,17,0.410567045,128,2,5355,1,1,Email,ISCX_VPN_2016
0.410407066,64,17,0.410407066,128,2,5355,1,1,Email,ISCX_VPN_2016
0.411262989,64,17,0.411262989,128,2,5355,1,1,Email,ISCX_VPN_2016
0.411138058,64,17,0.411138058,128,2,5355,1,1,Email,ISCX_VPN_2016
0.412358999,64,17,0.412358999,128,2,5355,1,1,Email,ISCX_VPN_2016
0.411775827,64,17,0.411775827,128,2,5355,1,1,Email,ISCX_VPN_2016
0.755869508,92,17,1.511739016,276,3,137,128,1,Email,ISCX_VPN_2016
0.412297964,64,17,0.412297964,128,2,5355,1,1,Email,ISCX_VPN_2016
0.412068844,64,17,0.412068844,128,2,5355,1,1,Email,ISCX_VPN_2016
0.41093111,64,17,0.41093111,128,2,5355,1,1,Email,ISCX_VPN_2016
0.410600901,64,17,0.410600901,128,2,5355,1,1,Email,ISCX_VPN_2016
0.411119938,64,17,0.411119938,128,2,5355,1,1,Email,ISCX_VPN_2016
0.410870075,64,17,0.410870075,128,2,5355,1,1,Email,ISCX_VPN_2016
0.417468786,64,17,0.417468786,128,2,5355,1,1,Email,ISCX_VPN_2016
0.417444944,64,17,0.417444944,128,2,5355,1,1,Email,ISCX_VPN_2016
0.416783094,64,17,0.416783094,128,2,5355,1,1,Email,ISCX_VPN_2016
0.41643095,64,17,0.41643095,128,2,5355,1,1,Email,ISCX_VPN_2016
0.412572145,64,17,0.412572145,128,2,5355,1,1,Email,ISCX_VPN_2016
0.41229105,64,17,0.41229105,128,2,5355,1,1,Email,ISCX_VPN_2016
0.442671061,64,17,0.442671061,128,2,5355,1,1,Email,ISCX_VPN_2016
0.442169905,64,17,0.442169905,128,2,5355,1,1,Email,ISCX_VPN_2016
0.416997194,64,17,0.416997194,128,2,5355,1,1,Email,ISCX_VPN_2016
0.41672802,64,17,0.41672802,128,2,5355,1,1,Email,ISCX_VPN_2016
1.927780867,233,17,1.927780867,466,2,138,64,1,Email,ISCX_VPN_2016
4.496922016,246.6666667,17,8.993844032,740,3,138,64,1,Email,ISCX_VPN_2016
0.439387798,64,17,0.439387798,128,2,5355,1,1,Email,ISCX_VPN_2016
0.439585924,64,17,0.439585924,128,2,5355,1,1,Email,ISCX_VPN_2016
28.9144187,64,17,86.74325609,256,4,5355,1,1,Email,ISCX_VPN_2016
0.43047595,64,17,0.43047595,128,2,5355,1,1,Email,ISCX_VPN_2016
0.410091162,64,17,0.410091162,128,2,5355,1,1,Email,ISCX_VPN_2016
0.409878969,64,17,0.409878969,128,2,5355,1,1,Email,ISCX_VPN_2016
1.52850219,92,17,81.01061606,4968,54,137,128,1,Email,ISCX_VPN_2016
0.41071701,64,17,0.41071701,128,2,5355,1,1,Email,ISCX_VPN_2016
0.410428047,64,17,0.410428047,128,2,5355,1,1,Email,ISCX_VPN_2016
0.411739111,64,17,0.411739111,128,2,5355,1,1,Email,ISCX_VPN_2016
0.411376953,64,17,0.411376953,128,2,5355,1,1,Email,ISCX_VPN_2016
0.033065692,151.3939394,6,1.058102131,4996,33,465,82.18181818,1,Email,ISCX_VPN_2016
0.418139935,64,17,0.418139935,128,2,5355,1,1,Email,ISCX_VPN_2016
0.4179039,64,17,0.4179039,128,2,5355,1,1,Email,ISCX_VPN_2016
0.061032057,98,17,0.061032057,196,2,53,87.5,1,Email,ISCX_VPN_2016
0.060726881,98,17,0.060726881,196,2,53,87.5,1,Email,ISCX_VPN_2016
9.017383984,111,17,63.12168789,888,8,53,92,1,Email,ISCX_VPN_2016
0.41275382,64,17,0.41275382,128,2,5355,1,1,Email,ISCX_VPN_2016
0.412947178,64,17,0.412947178,128,2,5355,1,1,Email,ISCX_VPN_2016
0.410513163,64,17,0.410513163,128,2,5355,1,1,Email,ISCX_VPN_2016
0.410247087,64,17,0.410247087,128,2,5355,1,1,Email,ISCX_VPN_2016
0.421237946,64,17,0.421237946,128,2,5355,1,1,Email,ISCX_VPN_2016
0.421056986,64,17,0.421056986,128,2,5355,1,1,Email,ISCX_VPN_2016
0.410259008,64,17,0.410259008,128,2,5355,1,1,Email,ISCX_VPN_2016
0.409999132,64,17,0.409999132,128,2,5355,1,1,Email,ISCX_VPN_2016
0.427500963,64,17,0.427500963,128,2,5355,1,1,Email,ISCX_VPN_2016
0.431401968,64,17,0.431401968,128,2,5355,1,1,Email,ISCX_VPN_2016
0.416697025,64,17,0.416697025,128,2,5355,1,1,Email,ISCX_VPN_2016
0.416471004,64,17,0.416471004,128,2,5355,1,1,Email,ISCX_VPN_2016
0.413069963,64,17,0.413069963,128,2,5355,1,1,Email,ISCX_VPN_2016
0.412997961,64,17,0.412997961,128,2,5355,1,1,Email,ISCX_VPN_2016
0.438931942,64,17,0.438931942,128,2,5355,1,1,Email,ISCX_VPN_2016
0.438593149,64,17,0.438593149,128,2,5355,1,1,Email,ISCX_VPN_2016
0.410262108,64,17,0.410262108,128,2,5355,1,1,Email,ISCX_VPN_2016
0.409895897,64,17,0.409895897,128,2,5355,1,1,Email,ISCX_VPN_2016
0.412075996,64,17,0.412075996,128,2,5355,1,1,Email,ISCX_VPN_2016
0.411653996,64,17,0.411653996,128,2,5355,1,1,Email,ISCX_VPN_2016
0.423424959,64,17,0.423424959,128,2,5355,1,1,Email,ISCX_VPN_2016
0.434747934,64,17,0.434747934,128,2,5355,1,1,Email,ISCX_VPN_2016
0.444482088,64,17,0.444482088,128,2,5355,1,1,Email,ISCX_VPN_2016
0.444373846,64,17,0.444373846,128,2,5355,1,1,Email,ISCX_VPN_2016
0.420871973,64,17,0.420871973,128,2,5355,1,1,Email,ISCX_VPN_2016
0.420511007,64,17,0.420511007,128,2,5355,1,1,Email,ISCX_VPN_2016
0.410991907,64,17,0.410991907,128,2,5355,1,1,Email,ISCX_VPN_2016
0.410769939,64,17,0.410769939,128,2,5355,1,1,Email,ISCX_VPN_2016
0.411869049,64,17,0.411869049,128,2,5355,1,1,Email,ISCX_VPN_2016
0.411466122,64,17,0.411466122,128,2,5355,1,1,Email,ISCX_VPN_2016
0.420493126,64,17,0.420493126,128,2,5355,1,1,Email,ISCX_VPN_2016
0.420047045,64,17,0.420047045,128,2,5355,1,1,Email,ISCX_VPN_2016
0.409399033,64,17,0.409399033,128,2,5355,1,1,Email,ISCX_VPN_2016
0.409097195,64,17,0.409097195,128,2,5355,1,1,Email,ISCX_VPN_2016
0.412154913,64,17,0.412154913,128,2,5355,1,1,Email,ISCX_VPN_2016
0.41167593,64,17,0.41167593,128,2,5355,1,1,Email,ISCX_VPN_2016
0.41503191,64,17,0.41503191,128,2,5355,1,1,Email,ISCX_VPN_2016
0.414861917,64,17,0.414861917,128,2,5355,1,1,Email,ISCX_VPN_2016
0.420937061,64,17,0.420937061,128,2,5355,1,1,Email,ISCX_VPN_2016
0.420638084,64,17,0.420638084,128,2,5355,1,1,Email,ISCX_VPN_2016
0.420735121,64,17,0.420735121,128,2,5355,1,1,Email,ISCX_VPN_2016
0.420439005,64,17,0.420439005,128,2,5355,1,1,Email,ISCX_VPN_2016
0.042595878,148.8529412,6,1.405663967,5061,34,465,81.05882353,1,Email,ISCX_VPN_2016
0.415097952,64,17,0.415097952,128,2,5355,1,1,Email,ISCX_VPN_2016
0.414916992,64,17,0.414916992,128,2,5355,1,1,Email,ISCX_VPN_2016
0.414597988,64,17,0.414597988,128,2,5355,1,1,Email,ISCX_VPN_2016
0.414718151,64,17,0.414718151,128,2,5355,1,1,Email,ISCX_VPN_2016
0.420910835,64,17,0.420910835,128,2,5355,1,1,Email,ISCX_VPN_2016
0.420710802,64,17,0.420710802,128,2,5355,1,1,Email,ISCX_VPN_2016
0.416688919,64,17,0.416688919,128,2,5355,1,1,Email,ISCX_VPN_2016
0.416551828,64,17,0.416551828,128,2,5355,1,1,Email,ISCX_VPN_2016
0.422923088,64,17,0.422923088,128,2,5355,1,1,Email,ISCX_VPN_2016
0.422957897,64,17,0.422957897,128,2,5355,1,1,Email,ISCX_VPN_2016
0.412046909,64,17,0.412046909,128,2,5355,1,1,Email,ISCX_VPN_2016
0.411483049,64,17,0.411483049,128,2,5355,1,1,Email,ISCX_VPN_2016
0.411887169,64,17,0.411887169,128,2,5355,1,1,Email,ISCX_VPN_2016
0.411405087,64,17,0.411405087,128,2,5355,1,1,Email,ISCX_VPN_2016
0.411581039,64,17,0.411581039,128,2,5355,1,1,Email,ISCX_VPN_2016
0.411339998,64,17,0.411339998,128,2,5355,1,1,Email,ISCX_VPN_2016
0.41032505,64,17,0.41032505,128,2,5355,1,1,Email,ISCX_VPN_2016
0.409867048,64,17,0.409867048,128,2,5355,1,1,Email,ISCX_VPN_2016
0.421026945,64,17,0.421026945,128,2,5355,1,1,Email,ISCX_VPN_2016
0.420519114,64,17,0.420519114,128,2,5355,1,1,Email,ISCX_VPN_2016
0.420785189,64,17,0.420785189,128,2,5355,1,1,Email,ISCX_VPN_2016
0.420366049,64,17,0.420366049,128,2,5355,1,1,Email,ISCX_VPN_2016
0.409615993,64,17,0.409615993,128,2,5355,1,1,Email,ISCX_VPN_2016
0.409386873,64,17,0.409386873,128,2,5355,1,1,Email,ISCX_VPN_2016
0.412071943,64,17,0.412071943,128,2,5355,1,1,Email,ISCX_VPN_2016
0.411798,64,17,0.411798,128,2,5355,1,1,Email,ISCX_VPN_2016
0.750479937,92,17,1.500959873,276,3,137,128,1,Email,ISCX_VPN_2016
0.410182953,64,17,0.410182953,128,2,5355,1,1,Email,ISCX_VPN_2016
0.409743071,64,17,0.409743071,128,2,5355,1,1,Email,ISCX_VPN_2016
0.409970045,64,17,0.409970045,128,2,5355,1,1,Email,ISCX_VPN_2016
0.409552097,64,17,0.409552097,128,2,5355,1,1,Email,ISCX_VPN_2016
0.413784981,64,17,0.413784981,128,2,5355,1,1,Email,ISCX_VPN_2016
0.413432121,64,17,0.413432121,128,2,5355,1,1,Email,ISCX_VPN_2016
0.420969009,64,17,0.420969009,128,2,5355,1,1,Email,ISCX_VPN_2016
0.420626879,64,17,0.420626879,128,2,5355,1,1,Email,ISCX_VPN_2016
0.417870045,64,17,0.417870045,128,2,5355,1,1,Email,ISCX_VPN_2016
0.417763948,64,17,0.417763948,128,2,5355,1,1,Email,ISCX_VPN_2016
0.419188976,64,17,0.419188976,128,2,5355,1,1,Email,ISCX_VPN_2016
0.424663067,64,17,0.424663067,128,2,5355,1,1,Email,ISCX_VPN_2016
0.412000895,64,17,0.412000895,128,2,5355,1,1,Email,ISCX_VPN_2016
0.423260927,64,17,0.423260927,128,2,5355,1,1,Email,ISCX_VPN_2016
0.416316032,64,17,0.416316032,128,2,5355,1,1,Email,ISCX_VPN_2016
0.415823936,64,17,0.415823936,128,2,5355,1,1,Email,ISCX_VPN_2016
0.421921015,64,17,0.421921015,128,2,5355,1,1,Email,ISCX_VPN_2016
0.426568031,64,17,0.426568031,128,2,5355,1,1,Email,ISCX_VPN_2016
0.414849997,64,17,0.414849997,128,2,5355,1,1,Email,ISCX_VPN_2016
0.414606094,64,17,0.414606094,128,2,5355,1,1,Email,ISCX_VPN_2016
0.422173977,64,17,0.422173977,128,2,5355,1,1,Email,ISCX_VPN_2016
0.422188997,64,17,0.422188997,128,2,5355,1,1,Email,ISCX_VPN_2016
0.036460526,151.3636364,6,1.166736841,4995,33,465,84.72727273,1,Email,ISCX_VPN_2016
0.420922995,64,17,0.420922995,128,2,5355,1,1,Email,ISCX_VPN_2016
0.42048192,64,17,0.42048192,128,2,5355,1,1,Email,ISCX_VPN_2016
0.411195993,64,17,0.411195993,128,2,5355,1,1,Email,ISCX_VPN_2016
0.411033154,64,17,0.411033154,128,2,5355,1,1,Email,ISCX_VPN_2016
0.411280155,64,17,0.411280155,128,2,5355,1,1,Email,ISCX_VPN_2016
0.410912991,64,17,0.410912991,128,2,5355,1,1,Email,ISCX_VPN_2016
0.421007872,64,17,0.421007872,128,2,5355,1,1,Email,ISCX_VPN_2016
0.420480013,64,17,0.420480013,128,2,5355,1,1,Email,ISCX_VPN_2016
0.410739899,64,17,0.410739899,128,2,5355,1,1,Email,ISCX_VPN_2016
0.410215855,64,17,0.410215855,128,2,5355,1,1,Email,ISCX_VPN_2016
0.423367977,64,17,0.423367977,128,2,5355,1,1,Email,ISCX_VPN_2016
0.42325902,64,17,0.42325902,128,2,5355,1,1,Email,ISCX_VPN_2016
0.412951946,64,17,0.412951946,128,2,5355,1,1,Email,ISCX_VPN_2016
0.412953854,64,17,0.412953854,128,2,5355,1,1,Email,ISCX_VPN_2016
0.410331011,64,17,0.410331011,128,2,5355,1,1,Email,ISCX_VPN_2016
0.409744024,64,17,0.409744024,128,2,5355,1,1,Email,ISCX_VPN_2016
0.411110163,64,17,0.411110163,128,2,5355,1,1,Email,ISCX_VPN_2016
0.410757065,64,17,0.410757065,128,2,5355,1,1,Email,ISCX_VPN_2016
0.41188097,64,17,0.41188097,128,2,5355,1,1,Email,ISCX_VPN_2016
0.411628962,64,17,0.411628962,128,2,5355,1,1,Email,ISCX_VPN_2016
0.420976162,64,17,0.420976162,128,2,5355,1,1,Email,ISCX_VPN_2016
0.42057991,64,17,0.42057991,128,2,5355,1,1,Email,ISCX_VPN_2016
0.411064148,64,17,0.411064148,128,2,5355,1,1,Email,ISCX_VPN_2016
0.410923958,64,17,0.410923958,128,2,5355,1,1,Email,ISCX_VPN_2016
0.410413027,64,17,0.410413027,128,2,5355,1,1,Email,ISCX_VPN_2016
0.410380125,64,17,0.410380125,128,2,5355,1,1,Email,ISCX_VPN_2016
0.410451889,64,17,0.410451889,128,2,5355,1,1,Email,ISCX_VPN_2016
0.410099983,64,17,0.410099983,128,2,5355,1,1,Email,ISCX_VPN_2016
0.412117004,64,17,0.412117004,128,2,5355,1,1,Email,ISCX_VPN_2016
0.411697865,64,17,0.411697865,128,2,5355,1,1,Email,ISCX_VPN_2016
0.427340984,64,17,0.427340984,128,2,5355,1,1,Email,ISCX_VPN_2016
0.427340984,64,17,0.427340984,128,2,5355,1,1,Email,ISCX_VPN_2016
0.411159992,64,17,0.411159992,128,2,5355,1,1,Email,ISCX_VPN_2016
0.411186934,64,17,0.411186934,128,2,5355,1,1,Email,ISCX_VPN_2016
0.415571213,64,17,0.415571213,128,2,5355,1,1,Email,ISCX_VPN_2016
0.415561914,64,17,0.415561914,128,2,5355,1,1,Email,ISCX_VPN_2016
0.032935096,154.1875,6,1.020987988,4934,32,465,83.375,1,Email,ISCX_VPN_2016
0.410636902,64,17,0.410636902,128,2,5355,1,1,Email,ISCX_VPN_2016
24.87059967,64,17,74.611799,256,4,5355,1,1,Email,ISCX_VPN_2016
0.431038857,64,17,0.431038857,128,2,5355,1,1,Email,ISCX_VPN_2016
0.431207895,64,17,0.431207895,128,2,5355,1,1,Email,ISCX_VPN_2016
0.411216021,64,17,0.411216021,128,2,5355,1,1,Email,ISCX_VPN_2016
0.41090703,64,17,0.41090703,128,2,5355,1,1,Email,ISCX_VPN_2016
0.432679892,64,17,0.432679892,128,2,5355,1,1,Email,ISCX_VPN_2016
0.432690144,64,17,0.432690144,128,2,5355,1,1,Email,ISCX_VPN_2016
0.410905838,64,17,0.410905838,128,2,5355,1,1,Email,ISCX_VPN_2016
0.410781145,64,17,0.410781145,128,2,5355,1,1,Email,ISCX_VPN_2016
0.412077904,64,17,0.412077904,128,2,5355,1,1,Email,ISCX_VPN_2016
0.411552906,64,17,0.411552906,128,2,5355,1,1,Email,ISCX_VPN_2016
0.427769899,64,17,0.427769899,128,2,5355,1,1,Email,ISCX_VPN_2016
0.427492857,64,17,0.427492857,128,2,5355,1,1,Email,ISCX_VPN_2016
0.416667938,64,17,0.416667938,128,2,5355,1,1,Email,ISCX_VPN_2016
0.416587114,64,17,0.416587114,128,2,5355,1,1,Email,ISCX_VPN_2016
0.420695066,64,17,0.420695066,128,2,5355,1,1,Email,ISCX_VPN_2016
0.420351982,64,17,0.420351982,128,2,5355,1,1,Email,ISCX_VPN_2016
0.420632839,64,17,0.420632839,128,2,5355,1,1,Email,ISCX_VPN_2016
0.420266867,64,17,0.420266867,128,2,5355,1,1,Email,ISCX_VPN_2016
0.431451797,64,17,0.431451797,128,2,5355,1,1,Email,ISCX_VPN_2016
0.431500912,64,17,0.431500912,128,2,5355,1,1,Email,ISCX_VPN_2016
0.410337925,64,17,0.410337925,128,2,5355,1,1,Email,ISCX_VPN_2016
0.409764051,64,17,0.409764051,128,2,5355,1,1,Email,ISCX_VPN_2016
0.40909791,64,17,0.40909791,128,2,5355,1,1,Email,ISCX_VPN_2016
0.408801079,64,17,0.408801079,128,2,5355,1,1,Email,ISCX_VPN_2016
0.438588142,64,17,0.438588142,128,2,5355,1,1,Email,ISCX_VPN_2016
0.438229084,64,17,0.438229084,128,2,5355,1,1,Email,ISCX_VPN_2016
0.036507645,154.25,6,1.131736994,4936,32,465,83.375,1,Email,ISCX_VPN_2016
0.414760113,64,17,0.414760113,128,2,5355,1,1,Email,ISCX_VPN_2016
0.414788961,64,17,0.414788961,128,2,5355,1,1,Email,ISCX_VPN_2016
0.41095686,64,17,0.41095686,128,2,5355,1,1,Email,ISCX_VPN_2016
0.410950899,64,17,0.410950899,128,2,5355,1,1,Email,ISCX_VPN_2016
0.410709143,64,17,0.410709143,128,2,5355,1,1,Email,ISCX_VPN_2016
0.410480022,64,17,0.410480022,128,2,5355,1,1,Email,ISCX_VPN_2016
0.411931992,64,17,0.411931992,128,2,5355,1,1,Email,ISCX_VPN_2016
0.411687851,64,17,0.411687851,128,2,5355,1,1,Email,ISCX_VPN_2016
0.412452936,64,17,0.412452936,128,2,5355,1,1,Email,ISCX_VPN_2016
0.412084103,64,17,0.412084103,128,2,5355,1,1,Email,ISCX_VPN_2016
0.420800924,64,17,0.420800924,128,2,5355,1,1,Email,ISCX_VPN_2016
0.420379877,64,17,0.420379877,128,2,5355,1,1,Email,ISCX_VPN_2016
0.410691023,64,17,0.410691023,128,2,5355,1,1,Email,ISCX_VPN_2016
0.410164833,64,17,0.410164833,128,2,5355,1,1,Email,ISCX_VPN_2016
0.411286116,64,17,0.411286116,128,2,5355,1,1,Email,ISCX_VPN_2016
0.410897017,64,17,0.410897017,128,2,5355,1,1,Email,ISCX_VPN_2016
0.413394928,64,17,0.413394928,128,2,5355,1,1,Email,ISCX_VPN_2016
0.413121939,64,17,0.413121939,128,2,5355,1,1,Email,ISCX_VPN_2016
26.40764101,64,17,79.22292304,256,4,5355,1,1,Email,ISCX_VPN_2016
22.48350541,64,17,67.45051622,256,4,5355,1,1,Email,ISCX_VPN_2016
0.41726613,64,17,0.41726613,128,2,5355,1,1,Email,ISCX_VPN_2016
0.417308092,64,17,0.417308092,128,2,5355,1,1,Email,ISCX_VPN_2016
0.410329819,64,17,0.410329819,128,2,5355,1,1,Email,ISCX_VPN_2016
0.409761906,64,17,0.409761906,128,2,5355,1,1,Email,ISCX_VPN_2016
0.412373066,64,17,0.412373066,128,2,5355,1,1,Email,ISCX_VPN_2016
0.412023067,64,17,0.412023067,128,2,5355,1,1,Email,ISCX_VPN_2016
0.421388149,64,17,0.421388149,128,2,5355,1,1,Email,ISCX_VPN_2016
0.421534777,64,17,0.421534777,128,2,5355,1,1,Email,ISCX_VPN_2016
0.411154032,64,17,0.411154032,128,2,5355,1,1,Email,ISCX_VPN_2016
0.410912037,64,17,0.410912037,128,2,5355,1,1,Email,ISCX_VPN_2016
0.411404848,64,17,0.411404848,128,2,5355,1,1,Email,ISCX_VPN_2016
0.411276817,64,17,0.411276817,128,2,5355,1,1,Email,ISCX_VPN_2016
0.410001993,64,17,0.410001993,128,2,5355,1,1,Email,ISCX_VPN_2016
0.409612894,64,17,0.409612894,128,2,5355,1,1,Email,ISCX_VPN_2016
0.412352085,64,17,0.412352085,128,2,5355,1,1,Email,ISCX_VPN_2016
0.412089109,64,17,0.412089109,128,2,5355,1,1,Email,ISCX_VPN_2016
0.414367914,64,17,0.414367914,128,2,5355,1,1,Email,ISCX_VPN_2016
0.413920164,64,17,0.413920164,128,2,5355,1,1,Email,ISCX_VPN_2016
0.410839081,64,17,0.410839081,128,2,5355,1,1,Email,ISCX_VPN_2016
0.410558939,64,17,0.410558939,128,2,5355,1,1,Email,ISCX_VPN_2016
0.410334826,64,17,0.410334826,128,2,5355,1,1,Email,ISCX_VPN_2016
0.409920931,64,17,0.409920931,128,2,5355,1,1,Email,ISCX_VPN_2016
0.033634132,154.25,6,1.042658091,4936,32,465,83.375,1,Email,ISCX_VPN_2016
0.417866945,64,17,0.417866945,128,2,5355,1,1,Email,ISCX_VPN_2016
0.417884827,64,17,0.417884827,128,2,5355,1,1,Email,ISCX_VPN_2016
0.411386967,64,17,0.411386967,128,2,5355,1,1,Email,ISCX_VPN_2016
0.411370039,64,17,0.411370039,128,2,5355,1,1,Email,ISCX_VPN_2016
0.424395084,64,17,0.424395084,128,2,5355,1,1,Email,ISCX_VPN_2016
0.424390078,64,17,0.424390078,128,2,5355,1,1,Email,ISCX_VPN_2016
0.4120121,64,17,0.4120121,128,2,5355,1,1,Email,ISCX_VPN_2016
0.411734104,64,17,0.411734104,128,2,5355,1,1,Email,ISCX_VPN_2016
0.415293932,64,17,0.415293932,128,2,5355,1,1,Email,ISCX_VPN_2016
0.415291071,64,17,0.415291071,128,2,5355,1,1,Email,ISCX_VPN_2016
0.04024299,152,17,0.12072897,608,4,53,87.5,1,Email,ISCX_VPN_2016
0.057585001,120,17,0.057585001,240,2,53,87.5,1,Email,ISCX_VPN_2016
0.419398069,64,17,0.419398069,128,2,5355,1,1,Email,ISCX_VPN_2016
0.438514948,64,17,0.438514948,128,2,5355,1,1,Email,ISCX_VPN_2016
0.160126925,152,17,0.160126925,304,2,53,82.5,1,Email,ISCX_VPN_2016
0.412075043,64,17,0.412075043,128,2,5355,1,1,Email,ISCX_VPN_2016
0.411879063,64,17,0.411879063,128,2,5355,1,1,Email,ISCX_VPN_2016
0.420399904,64,17,0.420399904,128,2,5355,1,1,Email,ISCX_VPN_2016
0.420365095,64,17,0.420365095,128,2,5355,1,1,Email,ISCX_VPN_2016
0.411060095,64,17,0.411060095,128,2,5355,1,1,Email,ISCX_VPN_2016
0.410830021,64,17,0.410830021,128,2,5355,1,1,Email,ISCX_VPN_2016
0.003592124,524.44,6,0.086210966,13111,25,13000,125.92,1,Email,ISCX_VPN_2016
0.410468102,64,17,0.410468102,128,2,5355,1,1,Email,ISCX_VPN_2016
0.410090923,64,17,0.410090923,128,2,5355,1,1,Email,ISCX_VPN_2016
0.057244062,98,17,0.057244062,196,2,53,87.5,1,Email,ISCX_VPN_2016
0.058805943,98,17,0.058805943,196,2,53,87.5,1,Email,ISCX_VPN_2016
0.057090998,152,17,0.057090998,304,2,53,87.5,1,Email,ISCX_VPN_2016
0.05723691,120,17,0.05723691,240,2,53,87.5,1,Email,ISCX_VPN_2016
2.985329103,208.8181818,6,29.85329103,2297,11,80,92.54545455,1,Email,ISCX_VPN_2016
0.424788952,64,17,0.424788952,128,2,5355,1,1,Email,ISCX_VPN_2016
0.424886942,64,17,0.424886942,128,2,5355,1,1,Email,ISCX_VPN_2016
0.411510944,64,17,0.411510944,128,2,5355,1,1,Email,ISCX_VPN_2016
0.411162853,64,17,0.411162853,128,2,5355,1,1,Email,ISCX_VPN_2016
0.427121162,64,17,0.427121162,128,2,5355,1,1,Email,ISCX_VPN_2016
0.427225113,64,17,0.427225113,128,2,5355,1,1,Email,ISCX_VPN_2016
0.413125038,64,17,0.413125038,128,2,5355,1,1,Email,ISCX_VPN_2016
0.41464901,64,17,0.41464901,128,2,5355,1,1,Email,ISCX_VPN_2016
0.410894871,64,17,0.410894871,128,2,5355,1,1,Email,ISCX_VPN_2016
0.410518885,64,17,0.410518885,128,2,5355,1,1,Email,ISCX_VPN_2016
0.421462059,64,17,0.421462059,128,2,5355,1,1,Email,ISCX_VPN_2016
0.421478987,64,17,0.421478987,128,2,5355,1,1,Email,ISCX_VPN_2016
0.033789396,157.2580645,6,1.013681889,4875,31,465,84.64516129,1,Email,ISCX_VPN_2016
0.411724806,64,17,0.411724806,128,2,5355,1,1,Email,ISCX_VPN_2016
0.41122508,64,17,0.41122508,128,2,5355,1,1,Email,ISCX_VPN_2016
0.412432909,64,17,0.412432909,128,2,5355,1,1,Email,ISCX_VPN_2016
0.412070036,64,17,0.412070036,128,2,5355,1,1,Email,ISCX_VPN_2016
0.411692142,64,17,0.411692142,128,2,5355,1,1,Email,ISCX_VPN_2016
0.411792994,64,17,0.411792994,128,2,5355,1,1,Email,ISCX_VPN_2016
0.413156986,64,17,0.413156986,128,2,5355,1,1,Email,ISCX_VPN_2016
0.412713051,64,17,0.412713051,128,2,5355,1,1,Email,ISCX_VPN_2016
0.430962086,64,17,0.430962086,128,2,5355,1,1,Email,ISCX_VPN_2016
0.430896997,64,17,0.430896997,128,2,5355,1,1,Email,ISCX_VPN_2016
0.426717997,64,17,0.426717997,128,2,5355,1,1,Email,ISCX_VPN_2016
18.98117701,64,17,56.94353104,256,4,5355,1,1,Email,ISCX_VPN_2016
0.411770105,64,17,0.411770105,128,2,5355,1,1,Email,ISCX_VPN_2016
0.411405087,64,17,0.411405087,128,2,5355,1,1,Email,ISCX_VPN_2016
0.410249949,64,17,0.410249949,128,2,5355,1,1,Email,ISCX_VPN_2016
0.409849882,64,17,0.409849882,128,2,5355,1,1,Email,ISCX_VPN_2016
0.410087824,64,17,0.410087824,128,2,5355,1,1,Email,ISCX_VPN_2016
0.409536123,64,17,0.409536123,128,2,5355,1,1,Email,ISCX_VPN_2016
0.415531874,64,17,0.415531874,128,2,5355,1,1,Email,ISCX_VPN_2016
0.415256977,64,17,0.415256977,128,2,5355,1,1,Email,ISCX_VPN_2016
0.414368153,64,17,0.414368153,128,2,5355,1,1,Email,ISCX_VPN_2016
0.414425135,64,17,0.414425135,128,2,5355,1,1,Email,ISCX_VPN_2016
0.411369801,64,17,0.411369801,128,2,5355,1,1,Email,ISCX_VPN_2016
0.411078215,64,17,0.411078215,128,2,5355,1,1,Email,ISCX_VPN_2016
0.418859959,64,17,0.418859959,128,2,5355,1,1,Email,ISCX_VPN_2016
0.418517113,64,17,0.418517113,128,2,5355,1,1,Email,ISCX_VPN_2016
0.410705805,64,17,0.410705805,128,2,5355,1,1,Email,ISCX_VPN_2016
0.410727024,64,17,0.410727024,128,2,5355,1,1,Email,ISCX_VPN_2016
0.429929972,64,17,0.429929972,128,2,5355,1,1,Email,ISCX_VPN_2016
0.429853201,64,17,0.429853201,128,2,5355,1,1,Email,ISCX_VPN_2016
0.412450075,64,17,0.412450075,128,2,5355,1,1,Email,ISCX_VPN_2016
0.440279961,64,17,0.440279961,128,2,5355,1,1,Email,ISCX_VPN_2016
0.411779881,64,17,0.411779881,128,2,5355,1,1,Email,ISCX_VPN_2016
0.41146493,64,17,0.41146493,128,2,5355,1,1,Email,ISCX_VPN_2016
0.422489882,64,17,0.422489882,128,2,5355,1,1,Email,ISCX_VPN_2016
0.032488162,154.125,6,1.007133007,4932,32,465,83.375,1,Email,ISCX_VPN_2016
0.413507938,64,17,0.413507938,128,2,5355,1,1,Email,ISCX_VPN_2016
0.413169861,64,17,0.413169861,128,2,5355,1,1,Email,ISCX_VPN_2016
0.42234087,64,17,0.42234087,128,2,5355,1,1,Email,ISCX_VPN_2016
0.422079086,64,17,0.422079086,128,2,5355,1,1,Email,ISCX_VPN_2016
0.412411928,64,17,0.412411928,128,2,5355,1,1,Email,ISCX_VPN_2016
0.412078857,64,17,0.412078857,128,2,5355,1,1,Email,ISCX_VPN_2016
0.00027585,285,17,0.00027585,570,2,31282,114.5,2,File_Transfer,ISCX_VPN_2016
0.093325004,125.1632653,6,4.479600191,6133,49,4490,128,2,File_Transfer,ISCX_VPN_2016
5.87E-05,994.3011534,6,0.137381792,2327659,2341,4491,128,2,File_Transfer,ISCX_VPN_2016
0.000272989,236,17,0.000272989,472,2,61688,114.5,2,File_Transfer,ISCX_VPN_2016
0.000208855,236,17,0.000208855,472,2,6881,87,2,File_Transfer,ISCX_VPN_2016
2.91E-05,997.2185525,6,0.142557144,4891357,4905,4492,128,2,File_Transfer,ISCX_VPN_2016
0.046076377,94.75,17,0.138229132,379,4,11113,181.5,2,File_Transfer,ISCX_VPN_2016
7.53E-05,994.8447005,6,0.163369894,2158813,2170,4493,128,2,File_Transfer,ISCX_VPN_2016
0.000298023,238,17,0.000298023,476,2,40356,117,2,File_Transfer,ISCX_VPN_2016
3.75E-05,996.0565627,6,0.206688166,5494248,5516,4494,128,2,File_Transfer,ISCX_VPN_2016
0.091426061,126.3,6,4.479876995,6315,50,4490,128,2,File_Transfer,ISCX_VPN_2016
7.04E-05,2580.674025,6,0.137053013,5027153,1948,4491,128,2,File_Transfer,ISCX_VPN_2016
7.24E-05,2572.377483,6,0.142111063,5049577,1963,4492,128,2,File_Transfer,ISCX_VPN_2016
7.87E-05,2586.784008,6,0.161324978,5305494,2051,4493,128,2,File_Transfer,ISCX_VPN_2016
5.19E-05,2584.26358,6,0.466382027,23217024,8984,4494,128,2,File_Transfer,ISCX_VPN_2016
0.000302076,254.5,17,0.000302076,509,2,15145,117,2,File_Transfer,ISCX_VPN_2016
0.000164032,236,17,0.000164032,472,2,10977,85,2,File_Transfer,ISCX_VPN_2016
3.999740791,238,17,19.99870396,1428,6,32575,116.5,2,File_Transfer,ISCX_VPN_2016
4.387391186,190,17,21.93695593,1140,6,23836,85.5,2,File_Transfer,ISCX_VPN_2016
0.112074043,116.3174603,6,21.06992006,21984,189,6059,128,2,File_Transfer,ISCX_VPN_2016
6.07E-05,983.7508897,6,0.017008066,276434,281,6060,128,2,File_Transfer,ISCX_VPN_2016
0.000281076,116,6,0.003372908,1508,13,6061,128,2,File_Transfer,ISCX_VPN_2016
0.000249147,254,17,0.000249147,508,2,61009,115,2,File_Transfer,ISCX_VPN_2016
0.000283957,238,17,0.000283957,476,2,6881,84.5,2,File_Transfer,ISCX_VPN_2016
0.000243457,234.3125,6,0.003651857,3749,16,6062,128,2,File_Transfer,ISCX_VPN_2016
0.051520109,238,17,0.051520109,476,2,39379,117.5,2,File_Transfer,ISCX_VPN_2016
0.000233375,115.9285714,6,0.003033876,1623,14,6063,128,2,File_Transfer,ISCX_VPN_2016
0.000287803,245.125,6,0.004317045,3922,16,6064,128,2,File_Transfer,ISCX_VPN_2016
0.000194238,120.6428571,6,0.002525091,1689,14,6065,128,2,File_Transfer,ISCX_VPN_2016
0.001387373,307.4117647,6,0.022197962,5226,17,6066,128,2,File_Transfer,ISCX_VPN_2016
0.000242765,124.5,6,0.003155947,1743,14,6067,128,2,File_Transfer,ISCX_VPN_2016
0.000243902,254,17,0.000243902,508,2,61009,86,2,File_Transfer,ISCX_VPN_2016
0.000290871,236,17,0.000290871,472,2,6881,116,2,File_Transfer,ISCX_VPN_2016
4.13E-05,969.2044728,6,0.064553022,1516805,1565,6068,128,2,File_Transfer,ISCX_VPN_2016
0.000358398,130.0714286,6,0.004659176,1821,14,6069,128,2,File_Transfer,ISCX_VPN_2016
0.000262976,236,17,0.000262976,472,2,31749,117,2,File_Transfer,ISCX_VPN_2016
0.042566061,232,17,0.042566061,464,2,6881,89,2,File_Transfer,ISCX_VPN_2016
3.33E-05,979.9735099,6,0.050247908,1479760,1510,6070,128,2,File_Transfer,ISCX_VPN_2016
0.000192477,135.2142857,6,0.002502203,1893,14,6071,128,2,File_Transfer,ISCX_VPN_2016
0.052546978,127,17,0.052546978,254,2,3544,89,2,File_Transfer,ISCX_VPN_2016
0.000296116,236,17,0.000296116,472,2,52387,116.5,2,File_Transfer,ISCX_VPN_2016
7.93E-05,941.125,6,0.010705948,127993,136,6072,128,2,File_Transfer,ISCX_VPN_2016
0.000242765,140.2857143,6,0.003155947,1964,14,6073,128,2,File_Transfer,ISCX_VPN_2016
0.000271797,236,17,0.000271797,472,2,61009,85.5,2,File_Transfer,ISCX_VPN_2016
0.000340033,951.8571429,6,0.05202508,146586,154,6074,128,2,File_Transfer,ISCX_VPN_2016
0.000302608,145.2857143,6,0.003933907,2034,14,6075,128,2,File_Transfer,ISCX_VPN_2016
0.000307083,254.5,17,0.000307083,509,2,5943,117.5,2,File_Transfer,ISCX_VPN_2016
3.56E-05,980.4987795,6,0.043773174,1205033,1229,6076,128,2,File_Transfer,ISCX_VPN_2016
0.000267982,263.5,17,0.000267982,527,2,59696,85.5,2,File_Transfer,ISCX_VPN_2016
0.000348623,150.3571429,6,0.004532099,2105,14,6077,128,2,File_Transfer,ISCX_VPN_2016
0.000333071,238,17,0.000333071,476,2,46348,115,2,File_Transfer,ISCX_VPN_2016
0.201882839,238,17,0.201882839,476,2,61841,83.5,2,File_Transfer,ISCX_VPN_2016
0.000185013,254,17,0.000185013,508,2,11079,118.5,2,File_Transfer,ISCX_VPN_2016
2.63E-05,966.4238432,6,0.081843138,3007511,3112,6078,128,2,File_Transfer,ISCX_VPN_2016
0.000364065,238,17,0.000364065,476,2,6881,85,2,File_Transfer,ISCX_VPN_2016
0.000258299,155.7857143,6,0.003357887,2181,14,6079,128,2,File_Transfer,ISCX_VPN_2016
6.30E-05,971.8362832,6,0.014172077,219635,226,6080,128,2,File_Transfer,ISCX_VPN_2016
0.001266993,161.1428571,6,0.016470909,2256,14,6081,128,2,File_Transfer,ISCX_VPN_2016
4.33E-05,965.4024505,6,0.091905117,2048584,2122,6082,128,2,File_Transfer,ISCX_VPN_2016
0.00026514,166.5714286,6,0.003446817,2332,14,6083,128,2,File_Transfer,ISCX_VPN_2016
0.000247955,108.5,17,0.000247955,217,2,61009,83,2,File_Transfer,ISCX_VPN_2016
3.30E-05,976.6093156,6,0.138984203,4109572,4208,6084,128,2,File_Transfer,ISCX_VPN_2016
6.073195219,92,17,24.29278088,460,5,137,128,2,File_Transfer,ISCX_VPN_2016
0.112111697,117.1111111,6,21.07699895,22134,189,6059,128,2,File_Transfer,ISCX_VPN_2016
6.08E-05,981.8078292,6,0.017021179,275888,281,6060,128,2,File_Transfer,ISCX_VPN_2016
0.000270486,115.5384615,6,0.003245831,1502,13,6061,128,2,File_Transfer,ISCX_VPN_2016
0.000234747,233.1875,6,0.003521204,3731,16,6062,128,2,File_Transfer,ISCX_VPN_2016
0.000228387,115.9285714,6,0.002969027,1623,14,6063,128,2,File_Transfer,ISCX_VPN_2016
0.000264788,244,6,0.003971815,3904,16,6064,128,2,File_Transfer,ISCX_VPN_2016
0.000189231,120.6428571,6,0.002460003,1689,14,6065,128,2,File_Transfer,ISCX_VPN_2016
0.001364619,306.3529412,6,0.021833897,5208,17,6066,128,2,File_Transfer,ISCX_VPN_2016
0.000223985,124.5,6,0.002911806,1743,14,6067,128,2,File_Transfer,ISCX_VPN_2016
4.11E-05,967.2146965,6,0.064296007,1513691,1565,6068,128,2,File_Transfer,ISCX_VPN_2016
0.000351392,130.0714286,6,0.0045681,1821,14,6069,128,2,File_Transfer,ISCX_VPN_2016
0.049096346,94.75,17,0.147289038,379,4,11113,179.5,2,File_Transfer,ISCX_VPN_2016
3.32E-05,977.9827815,6,0.050071001,1476754,1510,6070,128,2,File_Transfer,ISCX_VPN_2016
0.000240546,135.2142857,6,0.003127098,1893,14,6071,128,2,File_Transfer,ISCX_VPN_2016
7.76E-05,939.2279412,6,0.010473967,127735,136,6072,128,2,File_Transfer,ISCX_VPN_2016
0.000217071,140.2857143,6,0.002821922,1964,14,6073,128,2,File_Transfer,ISCX_VPN_2016
0.000338012,949.9480519,6,0.051715851,146292,154,6074,128,2,File_Transfer,ISCX_VPN_2016
0.000291237,145.2857143,6,0.003786087,2034,14,6075,128,2,File_Transfer,ISCX_VPN_2016
3.51E-05,978.5117982,6,0.043149948,1202591,1229,6076,128,2,File_Transfer,ISCX_VPN_2016
0.000337546,150.3571429,6,0.004388094,2105,14,6077,128,2,File_Transfer,ISCX_VPN_2016
2.62E-05,964.4283419,6,0.081536055,3001301,3112,6078,128,2,File_Transfer,ISCX_VPN_2016
0.00023807,155.7857143,6,0.003094912,2181,14,6079,128,2,File_Transfer,ISCX_VPN_2016
6.21E-05,969.8982301,6,0.01398015,219197,226,6080,128,2,File_Transfer,ISCX_VPN_2016
0.001221602,161.1428571,6,0.015880823,2256,14,6081,128,2,File_Transfer,ISCX_VPN_2016
4.32E-05,963.4090481,6,0.091595888,2044354,2122,6082,128,2,File_Transfer,ISCX_VPN_2016
0.000254631,166.5714286,6,0.003310204,2332,14,6083,128,2,File_Transfer,ISCX_VPN_2016
0.417006016,64,17,0.417006016,128,2,5355,1,2,File_Transfer,ISCX_VPN_2016
0.416782856,64,17,0.416782856,128,2,5355,1,2,File_Transfer,ISCX_VPN_2016
3.36E-05,965.6847442,6,0.142531872,4095469,4241,6084,128,2,File_Transfer,ISCX_VPN_2016
0.095147689,57.5,6,0.285443068,230,4,40016,96,2,File_Transfer,ISCX_VPN_2016
9.506694589,328,6,66.54686213,2624,8,443,96,2,File_Transfer,ISCX_VPN_2016
0.048276981,159.25,6,0.144830942,637,4,5222,96,2,File_Transfer,ISCX_VPN_2016
18.00383878,57.5,6,90.01919389,345,6,5228,96,2,File_Transfer,ISCX_VPN_2016
0.037347412,86,6,0.186737061,516,6,443,96,2,File_Transfer,ISCX_VPN_2016
0.000161648,57,6,0.000484943,228,4,80,96,2,File_Transfer,ISCX_VPN_2016
0.003451264,111.6724138,6,0.196722031,6477,58,21,88.27586207,2,File_Transfer,ISCX_VPN_2016
0.004424943,100.8421053,6,0.079648972,1916,19,35403,94.31578947,2,File_Transfer,ISCX_VPN_2016
3.71E-05,2432.755441,6,0.552755833,36218863,14888,21209,72.75658248,2,File_Transfer,ISCX_VPN_2016
19.30879429,66,6,135.1615601,528,8,443,59.5,2,File_Transfer,ISCX_VPN_2016
19.31857099,66,6,135.2299969,528,8,443,59.5,2,File_Transfer,ISCX_VPN_2016
0.076504669,3424.871499,6,139.238498,6236691,1821,1254,92.64360242,2,File_Transfer,ISCX_VPN_2016
0.000473976,159,17,0.000473976,318,2,53,63.5,2,File_Transfer,ISCX_VPN_2016
0.000504971,159,17,0.000504971,318,2,53,63.5,2,File_Transfer,ISCX_VPN_2016
0.001214027,159,17,0.001214027,318,2,53,62,2,File_Transfer,ISCX_VPN_2016
0.000453949,142,17,0.000453949,284,2,53,63.5,2,File_Transfer,ISCX_VPN_2016
19.315196,66,6,135.206372,528,8,5228,53,2,File_Transfer,ISCX_VPN_2016
0.000429153,142,17,0.000429153,284,2,53,63.5,2,File_Transfer,ISCX_VPN_2016
0.000422955,142,17,0.000422955,284,2,53,63.5,2,File_Transfer,ISCX_VPN_2016
0.00041914,142,17,0.00041914,284,2,53,63.5,2,File_Transfer,ISCX_VPN_2016
0.000371933,142,17,0.000371933,284,2,53,63.5,2,File_Transfer,ISCX_VPN_2016
0.000345945,142,17,0.000345945,284,2,53,63.5,2,File_Transfer,ISCX_VPN_2016
0.000442982,248.5,17,0.000442982,497,2,53,63.5,2,File_Transfer,ISCX_VPN_2016
2.052101121,240.641791,6,135.438674,16123,67,443,59.29850746,2,File_Transfer,ISCX_VPN_2016
0.00040102,262.5,17,0.00040102,525,2,53,63.5,2,File_Transfer,ISCX_VPN_2016
2.185297012,233,17,2.185297012,466,2,138,64,2,File_Transfer,ISCX_VPN_2016
0.040567875,178.5,17,0.040567875,357,2,53,63.5,2,File_Transfer,ISCX_VPN_2016
0.039792061,154.5,17,0.039792061,309,2,53,63.5,2,File_Transfer,ISCX_VPN_2016
0.001392126,154.5,17,0.001392126,309,2,53,62,2,File_Transfer,ISCX_VPN_2016
1.5053243,250.0967742,6,45.159729,7753,31,443,59.64516129,2,File_Transfer,ISCX_VPN_2016
0.000461102,142,17,0.000461102,284,2,53,63.5,2,File_Transfer,ISCX_VPN_2016
0.000384092,142,17,0.000384092,284,2,53,63.5,2,File_Transfer,ISCX_VPN_2016
0.001264095,142,17,0.001264095,284,2,53,62,2,File_Transfer,ISCX_VPN_2016
0.000351191,142,17,0.000351191,284,2,53,63.5,2,File_Transfer,ISCX_VPN_2016
0.008824984,81.75,6,0.026474953,327,4,443,57.25,2,File_Transfer,ISCX_VPN_2016
0.008457343,81.75,6,0.025372028,327,4,443,57.25,2,File_Transfer,ISCX_VPN_2016
8.538158144,73.875,6,59.76710701,591,8,443,58.375,2,File_Transfer,ISCX_VPN_2016
20.02913846,66,6,180.2622461,660,10,5228,53,2,File_Transfer,ISCX_VPN_2016
2.249503851,233,17,2.249503851,466,2,138,64,2,File_Transfer,ISCX_VPN_2016
11.6505941,72.3,6,104.8553469,723,10,443,58.6,2,File_Transfer,ISCX_VPN_2016
0.022951002,4792.104308,6,94.81059098,19800975,4132,1453,92.01936108,2,File_Transfer,ISCX_VPN_2016
0.000485897,159,17,0.000485897,318,2,53,63.5,2,File_Transfer,ISCX_VPN_2016
0.000397921,159,17,0.000397921,318,2,53,63.5,2,File_Transfer,ISCX_VPN_2016
0.001189947,159,17,0.001189947,318,2,53,62,2,File_Transfer,ISCX_VPN_2016
0.000454903,142,17,0.000454903,284,2,53,63.5,2,File_Transfer,ISCX_VPN_2016
0.000406027,142,17,0.000406027,284,2,53,63.5,2,File_Transfer,ISCX_VPN_2016
0.000429153,142,17,0.000429153,284,2,53,63.5,2,File_Transfer,ISCX_VPN_2016
0.000447989,142,17,0.000447989,284,2,53,63.5,2,File_Transfer,ISCX_VPN_2016
0.000422001,142,17,0.000422001,284,2,53,63.5,2,File_Transfer,ISCX_VPN_2016
0.000350952,142,17,0.000350952,284,2,53,63.5,2,File_Transfer,ISCX_VPN_2016
0.000339985,142,17,0.000339985,284,2,53,63.5,2,File_Transfer,ISCX_VPN_2016
0.000344992,142,17,0.000344992,284,2,53,63.5,2,File_Transfer,ISCX_VPN_2016
0.001215935,142,17,0.001215935,284,2,53,62,2,File_Transfer,ISCX_VPN_2016
0.000400066,142,17,0.000400066,284,2,53,63.5,2,File_Transfer,ISCX_VPN_2016
0.016547883,4837.409543,6,8.307037115,2433217,503,1457,91.61033797,2,File_Transfer,ISCX_VPN_2016
0.000485182,159,17,0.000485182,318,2,53,63.5,2,File_Transfer,ISCX_VPN_2016
0.00041008,142,17,0.00041008,284,2,53,63.5,2,File_Transfer,ISCX_VPN_2016
0.000422955,142,17,0.000422955,284,2,53,63.5,2,File_Transfer,ISCX_VPN_2016
0.000429153,142,17,0.000429153,284,2,53,63.5,2,File_Transfer,ISCX_VPN_2016
0.000327826,142,17,0.000327826,284,2,53,63.5,2,File_Transfer,ISCX_VPN_2016
0.000342131,142,17,0.000342131,284,2,53,63.5,2,File_Transfer,ISCX_VPN_2016
0.000427961,142,17,0.000427961,284,2,53,63.5,2,File_Transfer,ISCX_VPN_2016
0.000438929,142,17,0.000438929,284,2,53,63.5,2,File_Transfer,ISCX_VPN_2016
0.000335932,142,17,0.000335932,284,2,53,63.5,2,File_Transfer,ISCX_VPN_2016
15.03144638,66,6,45.09433913,264,4,5228,53,2,File_Transfer,ISCX_VPN_2016
0.004211342,1505.760174,6,63.01852107,22533701,14965,1462,100.5610424,2,File_Transfer,ISCX_VPN_2016
0.000509024,159,17,0.000509024,318,2,53,63.5,2,File_Transfer,ISCX_VPN_2016
0.000421047,159,17,0.000421047,318,2,53,63.5,2,File_Transfer,ISCX_VPN_2016
0.001107931,159,17,0.001107931,318,2,53,62,2,File_Transfer,ISCX_VPN_2016
0.000406981,142,17,0.000406981,284,2,53,63.5,2,File_Transfer,ISCX_VPN_2016
17.99894134,233,17,53.99682403,932,4,138,64,2,File_Transfer,ISCX_VPN_2016
0.00037694,142,17,0.00037694,284,2,53,63.5,2,File_Transfer,ISCX_VPN_2016
0.000377178,142,17,0.000377178,284,2,53,63.5,2,File_Transfer,ISCX_VPN_2016
0.000393152,142,17,0.000393152,284,2,53,63.5,2,File_Transfer,ISCX_VPN_2016
0.000407934,142,17,0.000407934,284,2,53,63.5,2,File_Transfer,ISCX_VPN_2016
0.000324011,142,17,0.000324011,284,2,53,63.5,2,File_Transfer,ISCX_VPN_2016
0.004365989,934.149151,6,65.30209303,13973003,14958,42128,128,2,File_Transfer,ISCX_VPN_2016
0.000332475,68.6,6,0.001329899,343,5,42129,128,2,File_Transfer,ISCX_VPN_2016
0.000352979,68.6,6,0.001411915,343,5,42130,128,2,File_Transfer,ISCX_VPN_2016
0.000310004,68.6,6,0.001240015,343,5,42131,128,2,File_Transfer,ISCX_VPN_2016
0.000331998,68.6,6,0.001327991,343,5,42132,128,2,File_Transfer,ISCX_VPN_2016
0.000329971,68.6,6,0.001319885,343,5,42133,128,2,File_Transfer,ISCX_VPN_2016
0.000309706,68.6,6,0.001238823,343,5,42134,128,2,File_Transfer,ISCX_VPN_2016
0.000325263,68.6,6,0.00130105,343,5,42135,128,2,File_Transfer,ISCX_VPN_2016
0.000297248,68.6,6,0.001188993,343,5,42136,128,2,File_Transfer,ISCX_VPN_2016
3.275582314,92,17,9.826746941,368,4,137,128,2,File_Transfer,ISCX_VPN_2016
0.000307004,138.75,17,0.000921011,555,4,53,95.5,2,File_Transfer,ISCX_VPN_2016
0.001677549,1806.24341,6,25.07096696,26996114,14946,38033,128,2,File_Transfer,ISCX_VPN_2016
0.000530005,162,17,0.000530005,324,2,53,95.5,2,File_Transfer,ISCX_VPN_2016
0.001984835,159,17,0.001984835,318,2,53,95.5,2,File_Transfer,ISCX_VPN_2016
0.410223007,64,17,0.410223007,128,2,5355,1,2,File_Transfer,ISCX_VPN_2016
0.409904957,64,17,0.409904957,128,2,5355,1,2,File_Transfer,ISCX_VPN_2016
0.054023981,112.5,17,0.054023981,225,2,53,95.5,2,File_Transfer,ISCX_VPN_2016
0.000211537,68.6,6,0.000846148,343,5,38034,128,2,File_Transfer,ISCX_VPN_2016
0.000267982,68.6,6,0.00107193,343,5,38036,128,2,File_Transfer,ISCX_VPN_2016
0.000293016,68.6,6,0.001172066,343,5,38038,128,2,File_Transfer,ISCX_VPN_2016
0.004310131,122.5,17,0.030170918,980,8,161,191,2,File_Transfer,ISCX_VPN_2016
0.000275254,68.6,6,0.001101017,343,5,38039,128,2,File_Transfer,ISCX_VPN_2016
0.001044035,159,17,0.001044035,318,2,53,95.5,2,File_Transfer,ISCX_VPN_2016
1.120321853,69.4,6,15.68450594,1041,15,443,119.1333333,2,File_Transfer,ISCX_VPN_2016
0.001054003,796.7172894,6,15.73942494,11898176,14934,38033,128,2,File_Transfer,ISCX_VPN_2016
0.000274479,68.6,6,0.001097918,343,5,38034,128,2,File_Transfer,ISCX_VPN_2016
1.845112801,92,17,9.225564003,552,6,137,128,2,File_Transfer,ISCX_VPN_2016
0.411720991,64,17,0.411720991,128,2,5355,1,2,File_Transfer,ISCX_VPN_2016
0.411480904,64,17,0.411480904,128,2,5355,1,2,File_Transfer,ISCX_VPN_2016
0.030810568,89.4,6,0.277295113,894,10,13111,126,2,File_Transfer,ISCX_VPN_2016
0.000391006,68.6,6,0.001564026,343,5,38036,128,2,File_Transfer,ISCX_VPN_2016
0.03073544,89.4,6,0.276618958,894,10,13111,126,2,File_Transfer,ISCX_VPN_2016
0.414067984,64,17,0.414067984,128,2,5355,1,2,File_Transfer,ISCX_VPN_2016
0.413733959,64,17,0.413733959,128,2,5355,1,2,File_Transfer,ISCX_VPN_2016
0.000420511,68.6,6,0.001682043,343,5,38038,128,2,File_Transfer,ISCX_VPN_2016
0.004382554,932.6745185,6,65.30005789,13897783,14901,42128,128,2,File_Transfer,ISCX_VPN_2016
0.000277519,68.6,6,0.001110077,343,5,42129,128,2,File_Transfer,ISCX_VPN_2016
4.045439547,92,17,44.49983501,1104,12,137,128,2,File_Transfer,ISCX_VPN_2016
0.411189079,64,17,0.411189079,128,2,5355,1,2,File_Transfer,ISCX_VPN_2016
0.41085887,64,17,0.41085887,128,2,5355,1,2,File_Transfer,ISCX_VPN_2016
0.000291526,68.6,6,0.001166105,343,5,42130,128,2,File_Transfer,ISCX_VPN_2016
0.413679838,64,17,0.413679838,128,2,5355,1,2,File_Transfer,ISCX_VPN_2016
0.413348913,64,17,0.413348913,128,2,5355,1,2,File_Transfer,ISCX_VPN_2016
0.046057383,94.75,17,0.13817215,379,4,11113,180,2,File_Transfer,ISCX_VPN_2016
0.000262499,68.6,6,0.001049995,343,5,42131,128,2,File_Transfer,ISCX_VPN_2016
2.002097336,122.5,17,30.03146005,1960,16,161,191,2,File_Transfer,ISCX_VPN_2016
0.000275254,68.6,6,0.001101017,343,5,42132,128,2,File_Transfer,ISCX_VPN_2016
0.000282526,68.6,6,0.001130104,343,5,42133,128,2,File_Transfer,ISCX_VPN_2016
0.000259757,68.6,6,0.001039028,343,5,42134,128,2,File_Transfer,ISCX_VPN_2016
0.000274241,68.6,6,0.001096964,343,5,42135,128,2,File_Transfer,ISCX_VPN_2016
0.00024128,68.6,6,0.000965118,343,5,42136,128,2,File_Transfer,ISCX_VPN_2016
0.41106391,64,17,0.41106391,128,2,5355,1,2,File_Transfer,ISCX_VPN_2016
0.410742998,64,17,0.410742998,128,2,5355,1,2,File_Transfer,ISCX_VPN_2016
0.411035061,64,17,0.411035061,128,2,5355,1,2,File_Transfer,ISCX_VPN_2016
0.410562038,64,17,0.410562038,128,2,5355,1,2,File_Transfer,ISCX_VPN_2016
0.011524558,84,6,0.046098232,420,5,13111,126.4,2,File_Transfer,ISCX_VPN_2016
0.111202278,649.9471366,17,50.37463188,295076,454,49624,96.42290749,2,File_Transfer,ISCX_VPN_2016
0.055260897,57,6,0.055260897,114,2,60156,50.5,2,File_Transfer,ISCX_VPN_2016
3.3370646,61.125,6,50.055969,978,16,80,49,2,File_Transfer,ISCX_VPN_2016
2.946943998,68.66666667,6,50.09804797,1236,18,80,53.33333333,2,File_Transfer,ISCX_VPN_2016
15.01788131,66,6,45.05364394,264,4,443,59.5,2,File_Transfer,ISCX_VPN_2016
2.63474231,76,6,50.06010389,1520,20,80,49,2,File_Transfer,ISCX_VPN_2016
15.0645117,66,6,45.19353509,264,4,443,59.5,2,File_Transfer,ISCX_VPN_2016
1.837875326,348.6923077,6,22.05450392,4533,13,80,55.92307692,2,File_Transfer,ISCX_VPN_2016
15.02615738,66,6,45.07847214,264,4,80,58.5,2,File_Transfer,ISCX_VPN_2016
15.04561702,66,6,45.13685107,264,4,80,59.5,2,File_Transfer,ISCX_VPN_2016
3.62704914,69.875,6,25.38934398,559,8,443,49,2,File_Transfer,ISCX_VPN_2016
15.04295739,66,6,45.12887216,264,4,443,56.5,2,File_Transfer,ISCX_VPN_2016
4.125413497,65.14285714,6,24.75248098,456,7,80,57.57142857,2,File_Transfer,ISCX_VPN_2016
15.02592031,66,6,45.07776093,264,4,80,58.5,2,File_Transfer,ISCX_VPN_2016
4.877449179,66,6,24.38724589,396,6,80,53.5,2,File_Transfer,ISCX_VPN_2016
15.05619629,66,6,45.16858888,264,4,80,56.5,2,File_Transfer,ISCX_VPN_2016
15.05442667,66,6,45.16328001,264,4,80,56.5,2,File_Transfer,ISCX_VPN_2016
15.04554764,66,6,45.13664293,264,4,80,56.5,2,File_Transfer,ISCX_VPN_2016
15.03875168,66,6,45.11625504,264,4,80,56.5,2,File_Transfer,ISCX_VPN_2016
15.04059998,66,6,45.12179995,264,4,80,56.5,2,File_Transfer,ISCX_VPN_2016
15.05984704,57,6,45.17954111,228,4,80,152,2,File_Transfer,ISCX_VPN_2016
15.05966798,57,6,45.17900395,228,4,80,152,2,File_Transfer,ISCX_VPN_2016
15.04850801,66,6,45.14552402,264,4,443,59.5,2,File_Transfer,ISCX_VPN_2016
2.147353496,466.6,6,30.06294894,6999,15,443,52,2,File_Transfer,ISCX_VPN_2016
3.757542253,387.5555556,6,30.06033802,3488,9,80,54,2,File_Transfer,ISCX_VPN_2016
15.04240131,66,6,45.12720394,264,4,80,150,2,File_Transfer,ISCX_VPN_2016
0.039501905,66,6,0.039501905,132,2,5228,55,2,File_Transfer,ISCX_VPN_2016
0.450266944,89.12328767,6,32.41921997,6506,73,49624,94.68493151,2,File_Transfer,ISCX_VPN_2016
2.109170353,418.5714286,6,42.18340707,8790,21,443,86.28571429,2,File_Transfer,ISCX_VPN_2016
0.416221445,135.5,6,4.578435898,1626,12,40008,57.5,2,File_Transfer,ISCX_VPN_2016
0.017023206,815.6,6,0.068092823,4078,5,80,55.6,2,File_Transfer,ISCX_VPN_2016
0.093087912,227.5,17,0.093087912,455,2,53,63.5,2,File_Transfer,ISCX_VPN_2016
0.093440056,227.5,17,0.093440056,455,2,53,63.5,2,File_Transfer,ISCX_VPN_2016
0.089961052,203.5,17,0.089961052,407,2,53,62,2,File_Transfer,ISCX_VPN_2016
1.690429834,242.1428571,6,21.97558784,3390,14,80,55,2,File_Transfer,ISCX_VPN_2016
0.197118998,173.5,17,0.197118998,347,2,53,62,2,File_Transfer,ISCX_VPN_2016
0.022070169,66,6,0.022070169,132,2,80,59,2,File_Transfer,ISCX_VPN_2016
0.021170855,66,6,0.021170855,132,2,80,59,2,File_Transfer,ISCX_VPN_2016
0.020013332,243.2857143,6,0.120079994,1703,7,80,55,2,File_Transfer,ISCX_VPN_2016
2.474991268,446.82,6,121.2745721,22341,50,443,86.88,2,File_Transfer,ISCX_VPN_2016
2.453884006,75,6,14.72330403,525,7,443,58.85714286,2,File_Transfer,ISCX_VPN_2016
2.448829691,75,6,14.69297814,525,7,443,58.85714286,2,File_Transfer,ISCX_VPN_2016
0.03204014,721.2391478,17,120.2786839,2708253,3755,49624,96.33235686,2,File_Transfer,ISCX_VPN_2016
4.296945146,175.9333333,6,60.15723205,2639,15,40008,57.93333333,2,File_Transfer,ISCX_VPN_2016
1.405192424,108.4050633,6,109.6050091,8564,79,49624,93.97468354,2,File_Transfer,ISCX_VPN_2016
7.505702496,66,6,30.02280998,330,5,80,59.6,2,File_Transfer,ISCX_VPN_2016
6.564681013,66.42857143,6,39.38808608,465,7,443,59.71428571,2,File_Transfer,ISCX_VPN_2016
6.564852635,66.42857143,6,39.38911581,465,7,443,59.71428571,2,File_Transfer,ISCX_VPN_2016
3.044263277,441.2972973,6,109.593478,16328,37,443,59.37837838,2,File_Transfer,ISCX_VPN_2016
9.621757746,66,6,38.48703098,330,5,80,59.6,2,File_Transfer,ISCX_VPN_2016
6.393843492,66.42857143,6,38.36306095,465,7,443,59.71428571,2,File_Transfer,ISCX_VPN_2016
6.393765012,66.42857143,6,38.36259007,465,7,443,59.71428571,2,File_Transfer,ISCX_VPN_2016
6.393791318,66.42857143,6,38.36274791,465,7,443,59.71428571,2,File_Transfer,ISCX_VPN_2016
6.393876195,66.42857143,6,38.36325717,465,7,443,59.71428571,2,File_Transfer,ISCX_VPN_2016
6.393879175,66.42857143,6,38.36327505,465,7,443,59.71428571,2,File_Transfer,ISCX_VPN_2016
18.0429328,66,6,90.21466398,396,6,443,54.5,2,File_Transfer,ISCX_VPN_2016
18.0535018,66,6,90.26750898,396,6,443,54.5,2,File_Transfer,ISCX_VPN_2016
6.372560183,66.42857143,6,38.2353611,465,7,443,59.71428571,2,File_Transfer,ISCX_VPN_2016
0.000404119,168.5,17,0.000404119,337,2,53,63.5,2,File_Transfer,ISCX_VPN_2016
0.000375986,168.5,17,0.000375986,337,2,53,63.5,2,File_Transfer,ISCX_VPN_2016
0.039798975,248.5,17,0.039798975,497,2,53,62,2,File_Transfer,ISCX_VPN_2016
4.106015509,117.826087,6,90.33234119,2710,23,443,60.08695652,2,File_Transfer,ISCX_VPN_2016
0.009436867,611.25,17,0.21704793,14670,24,443,59.5,2,File_Transfer,ISCX_VPN_2016
0.000463009,182.5,17,0.000463009,365,2,53,63.5,2,File_Transfer,ISCX_VPN_2016
0.064483881,296,17,0.064483881,592,2,53,63.5,2,File_Transfer,ISCX_VPN_2016
2.03637104,1517.695652,6,91.63669682,69814,46,443,85.30434783,2,File_Transfer,ISCX_VPN_2016
1.781751647,1796.75,6,90.86933398,93431,52,443,87.55769231,2,File_Transfer,ISCX_VPN_2016
1.036085415,563.8181818,6,10.36085415,6202,11,443,81.81818182,2,File_Transfer,ISCX_VPN_2016
0.005389035,71.8,6,0.021556139,359,5,443,60,2,File_Transfer,ISCX_VPN_2016
0.005354524,71.8,6,0.021418095,359,5,443,60,2,File_Transfer,ISCX_VPN_2016
0.005332232,71.8,6,0.021328926,359,5,443,60,2,File_Transfer,ISCX_VPN_2016
0.005302489,71.8,6,0.021209955,359,5,443,60,2,File_Transfer,ISCX_VPN_2016
0.030225992,300.5,17,0.030225992,601,2,53,63.5,2,File_Transfer,ISCX_VPN_2016
1.647606906,1431.892857,6,90.61837983,80186,56,443,55.96428571,2,File_Transfer,ISCX_VPN_2016
1.438194827,1520.640625,6,90.60627413,97321,64,443,56.96875,2,File_Transfer,ISCX_VPN_2016
0.232811928,142,17,0.232811928,284,2,53,63.5,2,File_Transfer,ISCX_VPN_2016
1.331770942,2075.710145,6,90.56042409,143224,69,443,56.17391304,2,File_Transfer,ISCX_VPN_2016
1.291605302,2070.985915,6,90.41237116,147040,71,443,55.76056338,2,File_Transfer,ISCX_VPN_2016
0.056120872,290,17,0.056120872,580,2,53,63.5,2,File_Transfer,ISCX_VPN_2016
3.619070358,459.2307692,6,90.47675896,11940,26,443,152,2,File_Transfer,ISCX_VPN_2016
3.362559636,69.5,6,10.08767891,278,4,443,152,2,File_Transfer,ISCX_VPN_2016
0.979139884,266.8,6,8.812258959,2668,10,80,135.6,2,File_Transfer,ISCX_VPN_2016
3.135522803,68.85714286,6,18.81313682,482,7,80,140.7142857,2,File_Transfer,ISCX_VPN_2016
0.17958498,257,17,0.17958498,514,2,53,63.5,2,File_Transfer,ISCX_VPN_2016
4.637669027,68,6,18.55067611,340,5,80,84,2,File_Transfer,ISCX_VPN_2016
10.02046198,253.3,6,90.18415785,2533,10,80,84,2,File_Transfer,ISCX_VPN_2016
0.058719873,295.5,17,0.058719873,591,2,53,63.5,2,File_Transfer,ISCX_VPN_2016
1.181146875,280.3529412,6,18.89835,4766,17,443,135.2352941,2,File_Transfer,ISCX_VPN_2016
1.18109937,280.3529412,6,18.89758992,4766,17,443,135.2352941,2,File_Transfer,ISCX_VPN_2016
18.03012681,66,6,90.15063405,396,6,5228,55,2,File_Transfer,ISCX_VPN_2016
0.046885967,167,17,0.046885967,334,2,53,63.5,2,File_Transfer,ISCX_VPN_2016
0.014262438,954.3333333,17,0.028524876,2863,3,443,61,2,File_Transfer,ISCX_VPN_2016
0.043167114,69.33333333,6,0.086334229,208,3,12350,59.33333333,2,File_Transfer,ISCX_VPN_2016
0.02110988,643.614882,17,300.4146972,9159927,14232,49624,96.31478359,2,File_Transfer,ISCX_VPN_2016
0.594268921,84.10373444,6,285.8433509,40538,482,49624,93.07883817,2,File_Transfer,ISCX_VPN_2016
2.212497488,429.3846154,6,285.4121759,55820,130,443,89.2,2,File_Transfer,ISCX_VPN_2016
8.008135827,202.7096774,6,240.2440748,6284,31,40008,57.70967742,2,File_Transfer,ISCX_VPN_2016
7.478760481,73,6,59.83008385,657,9,443,59,2,File_Transfer,ISCX_VPN_2016
20.79804299,66,6,270.3745589,924,14,5228,55,2,File_Transfer,ISCX_VPN_2016
0.000519991,247,17,0.000519991,494,2,53,63.5,2,File_Transfer,ISCX_VPN_2016
0.000427961,167,17,0.000427961,334,2,53,63.5,2,File_Transfer,ISCX_VPN_2016
0.001424074,247,17,0.001424074,494,2,53,62,2,File_Transfer,ISCX_VPN_2016
0.016829014,735.5714286,17,0.100974083,5149,7,443,60.14285714,2,File_Transfer,ISCX_VPN_2016
7.745588164,105.21875,6,240.1132331,3367,32,443,59.5,2,File_Transfer,ISCX_VPN_2016
37.84013732,243.25,17,113.520412,973,4,138,64,2,File_Transfer,ISCX_VPN_2016
0.043157935,69.33333333,6,0.08631587,208,3,12350,59.33333333,2,File_Transfer,ISCX_VPN_2016
0.000200987,64,17,0.000200987,128,2,56872,117,2,File_Transfer,ISCX_VPN_2016
0.000181913,64,17,0.000181913,128,2,49624,87.5,2,File_Transfer,ISCX_VPN_2016
4.347562688,67,6,30.43293881,536,8,1039,128,2,File_Transfer,ISCX_VPN_2016
2.068277761,164.9411765,6,33.09244418,2804,17,49624,94.11764706,2,File_Transfer,ISCX_VPN_2016
1.855952919,65.56,17,44.54287004,1639,25,49624,97.28,2,File_Transfer,ISCX_VPN_2016
1.487237907,450.1875,6,46.10437512,14406,32,443,122.75,2,File_Transfer,ISCX_VPN_2016
0.602613424,72.9,6,11.44965506,1458,20,53796,118.65,2,File_Transfer,ISCX_VPN_2016
0.00018096,64,17,0.00018096,128,2,10106,119.5,2,File_Transfer,ISCX_VPN_2016
0.00018692,64,17,0.00018692,128,2,43673,85,2,File_Transfer,ISCX_VPN_2016
0.49444147,61,6,2.966648817,427,7,443,87.71428571,2,File_Transfer,ISCX_VPN_2016
0.147868383,428.3181818,6,3.105236053,9423,22,443,89.54545455,2,File_Transfer,ISCX_VPN_2016
0.052552605,271.1666667,6,0.262763023,1627,6,40023,90.5,2,File_Transfer,ISCX_VPN_2016
0.055767059,296,17,0.055767059,592,2,53,95.5,2,File_Transfer,ISCX_VPN_2016
0.04307526,474.45,6,0.818429947,9489,20,443,121.25,2,File_Transfer,ISCX_VPN_2016
0.004361069,1051.564103,6,1.186210871,287077,273,443,125.8021978,2,File_Transfer,ISCX_VPN_2016
0.000163794,64,17,0.000163794,128,2,9492,87.5,2,File_Transfer,ISCX_VPN_2016
0.354831645,75.98165138,6,76.99846697,16564,218,26578,75.25688073,2,File_Transfer,ISCX_VPN_2016
0.398310057,76.63402062,6,76.87384105,14867,194,41868,80.54123711,2,File_Transfer,ISCX_VPN_2016
1.608147763,63.125,17,75.58294487,3030,48,26513,68.58333333,2,File_Transfer,ISCX_VPN_2016
6.030595255,67,6,90.45892882,1072,16,1039,128,2,File_Transfer,ISCX_VPN_2016
0.977637938,103.1717172,6,95.80851793,10214,99,49624,95.03030303,2,File_Transfer,ISCX_VPN_2016
1.453654721,429.9,6,114.8387229,34392,80,443,122.75,2,File_Transfer,ISCX_VPN_2016
0.228053642,603.9249493,17,112.2023921,297735,493,49624,96.45436105,2,File_Transfer,ISCX_VPN_2016
6.665342781,64.5,17,59.98808503,645,10,58632,82,2,File_Transfer,ISCX_VPN_2016
0.000247955,64,17,0.000247955,128,2,61982,117,2,File_Transfer,ISCX_VPN_2016
0.167810917,192.3333333,6,0.335621834,577,3,5222,110.6666667,2,File_Transfer,ISCX_VPN_2016
7.537135005,341.8888889,6,60.29708004,3077,9,40023,94.66666667,2,File_Transfer,ISCX_VPN_2016
0.000174999,64,17,0.000174999,128,2,13415,115.5,2,File_Transfer,ISCX_VPN_2016
0.640879794,81.4,6,12.17671609,1628,20,52847,77,2,File_Transfer,ISCX_VPN_2016
0.084006488,91.2,6,0.336025953,456,5,443,122,2,File_Transfer,ISCX_VPN_2016
0.000156879,64,17,0.000156879,128,2,26557,117.5,2,File_Transfer,ISCX_VPN_2016
0.0001719,64,17,0.0001719,128,2,1479,122,2,File_Transfer,ISCX_VPN_2016
0.000161171,64,17,0.000161171,128,2,49624,116.5,2,File_Transfer,ISCX_VPN_2016
2.018094427,484.5629139,6,302.714164,73169,151,443,122.1986755,2,File_Transfer,ISCX_VPN_2016
0.023137013,57,6,0.069411039,228,4,54828,119.5,2,File_Transfer,ISCX_VPN_2016
0.629967192,84.9814433,6,304.9041212,41216,485,49624,93.03092784,2,File_Transfer,ISCX_VPN_2016
0.023772802,635.9623765,17,315.274904,8434769,13263,49624,96.34984543,2,File_Transfer,ISCX_VPN_2016
0.000166893,64,17,0.000166893,128,2,41797,87,2,File_Transfer,ISCX_VPN_2016
0.000144958,64,17,0.000144958,128,2,54710,115,2,File_Transfer,ISCX_VPN_2016
9.242554802,295.3333333,6,240.3064249,7974,27,40023,91.88888889,2,File_Transfer,ISCX_VPN_2016
0.181357225,64,17,1.632215023,640,10,3305,113,2,File_Transfer,ISCX_VPN_2016
6.938160077,67,6,270.588243,2680,40,1039,128,2,File_Transfer,ISCX_VPN_2016
0.000143051,64,17,0.000143051,128,2,59462,118.5,2,File_Transfer,ISCX_VPN_2016
9.305125205,128.1875,6,139.5768781,2051,16,443,95.625,2,File_Transfer,ISCX_VPN_2016
7.928619337,371.75,6,118.9292901,5948,16,443,119.75,2,File_Transfer,ISCX_VPN_2016
1.656225761,291.0769231,6,19.87470913,3784,13,80,90.92307692,2,File_Transfer,ISCX_VPN_2016
3.15072298,54,6,18.90433788,378,7,80,128,2,File_Transfer,ISCX_VPN_2016
6.966625131,285.875,6,160.232378,6861,24,80,100.3333333,2,File_Transfer,ISCX_VPN_2016
11.54932674,217.7692308,6,138.5919209,2831,13,80,99.15384615,2,File_Transfer,ISCX_VPN_2016
3.149488966,54,6,18.89693379,378,7,80,128,2,File_Transfer,ISCX_VPN_2016
10.66979947,96.5,6,160.0469921,1544,16,80,108.75,2,File_Transfer,ISCX_VPN_2016
1.932824802,147.9090909,6,19.32824802,1627,11,80,92.45454545,2,File_Transfer,ISCX_VPN_2016
0.5505826,395.3333333,6,19.27039099,14232,36,443,87.5,2,File_Transfer,ISCX_VPN_2016
9.873707993,183.8,6,138.2319119,2757,15,443,98.8,2,File_Transfer,ISCX_VPN_2016
5.524290915,350.9230769,6,138.1072729,9124,26,443,91.73076923,2,File_Transfer,ISCX_VPN_2016
3.10E-05,54,6,0.0001,108,2,443,128,2,File_Transfer,ISCX_VPN_2016
0.280271628,314.3043478,6,6.165975809,7229,23,443,88.30434783,2,File_Transfer,ISCX_VPN_2016
0.976509057,277.75,6,18.55367208,5555,20,443,169.05,2,File_Transfer,ISCX_VPN_2016
3.150379856,54,6,18.90227914,378,7,443,128,2,File_Transfer,ISCX_VPN_2016
5.690042896,268.2068966,6,159.3212011,7778,29,443,99.37931034,2,File_Transfer,ISCX_VPN_2016
3.86443603,59.8,6,15.45774412,299,5,10673,136.8,2,File_Transfer,ISCX_VPN_2016
7.060671764,437.0555556,6,120.03142,7867,18,10694,121,2,File_Transfer,ISCX_VPN_2016
0.000201225,64,17,0.000201225,128,2,27649,85,2,File_Transfer,ISCX_VPN_2016
16.02197073,89.25,6,240.329561,1428,16,443,121.4375,2,File_Transfer,ISCX_VPN_2016
1.50E-05,54,6,0.0001,108,2,443,128,2,File_Transfer,ISCX_VPN_2016
0.680297585,74.11111111,6,11.56505895,1334,18,57579,118,2,File_Transfer,ISCX_VPN_2016
41.64542103,64,17,124.9362631,256,4,27603,119,2,File_Transfer,ISCX_VPN_2016
0.000179052,64,17,0.000179052,128,2,17120,115.5,2,File_Transfer,ISCX_VPN_2016
0.000221968,64,17,0.000221968,128,2,32797,87,2,File_Transfer,ISCX_VPN_2016
0.000164986,64,17,0.000164986,128,2,62169,118,2,File_Transfer,ISCX_VPN_2016
0.815301005,77.4375,6,12.22951508,1239,16,61089,117.0625,2,File_Transfer,ISCX_VPN_2016
0.000154972,64,17,0.000154972,128,2,49624,86.5,2,File_Transfer,ISCX_VPN_2016
0.000197887,64,17,0.000197887,128,2,49624,85.5,2,File_Transfer,ISCX_VPN_2016
0.170358062,192.3333333,6,0.340716124,577,3,5222,110.6666667,2,File_Transfer,ISCX_VPN_2016
0.000197887,64,17,0.000197887,128,2,49624,84,2,File_Transfer,ISCX_VPN_2016
0.613387635,72.35,6,11.65436506,1447,20,54980,118.65,2,File_Transfer,ISCX_VPN_2016
29.81471268,64,17,89.44413805,256,4,10106,119.5,2,File_Transfer,ISCX_VPN_2016
0.164885521,57.66666667,6,0.329771042,173,3,12350,100.3333333,2,File_Transfer,ISCX_VPN_2016
3.29E-05,57,6,0.0001,114,2,80,91,2,File_Transfer,ISCX_VPN_2016
1.29E-05,57,6,0.0001,114,2,80,91,2,File_Transfer,ISCX_VPN_2016
4.37E-05,62.25,6,0.00013113,249,4,443,86.5,2,File_Transfer,ISCX_VPN_2016
0.000170946,64,17,0.000170946,128,2,49624,82.5,2,File_Transfer,ISCX_VPN_2016
0.000174046,64,17,0.000174046,128,2,31188,116,2,File_Transfer,ISCX_VPN_2016
1.00208955,67.03174603,6,62.12955213,4223,63,49624,113.1904762,2,File_Transfer,ISCX_VPN_2016
6.69551256,64,17,60.25961304,640,10,49624,116,2,File_Transfer,ISCX_VPN_2016
0.006289101,243.7619048,6,0.125782013,5119,21,443,96.28571429,2,File_Transfer,ISCX_VPN_2016
4.134617329,128.1875,6,62.01925993,2051,16,443,95.625,2,File_Transfer,ISCX_VPN_2016
3.448381715,321.1578947,6,62.07087088,6102,19,443,121.4736842,2,File_Transfer,ISCX_VPN_2016
4.757803047,226.8333333,6,80.88265181,4083,18,80,104.9444444,2,File_Transfer,ISCX_VPN_2016
3.516704653,290.25,6,80.88420701,6966,24,80,101,2,File_Transfer,ISCX_VPN_2016
5.170196911,223.1538462,6,62.04236293,2901,13,80,99.15384615,2,File_Transfer,ISCX_VPN_2016
6.896644009,130,6,62.06979609,1300,10,80,96.8,2,File_Transfer,ISCX_VPN_2016
0.462090817,322.6956522,6,10.16599798,7422,23,443,91.91304348,2,File_Transfer,ISCX_VPN_2016
5.378630813,118.1875,6,80.67946219,1891,16,80,107.5,2,File_Transfer,ISCX_VPN_2016
3.223142757,267.4615385,6,80.57856894,6954,26,443,102.4615385,2,File_Transfer,ISCX_VPN_2016
3.983022079,390.3076923,6,99.57555199,10148,26,443,92.92307692,2,File_Transfer,ISCX_VPN_2016
1.520585571,73.75,6,10.644099,590,8,42838,74.25,2,File_Transfer,ISCX_VPN_2016
1.779729168,73.14285714,6,10.67837501,512,7,48701,76.57142857,2,File_Transfer,ISCX_VPN_2016
1.756906748,73.75,6,12.29834723,590,8,48597,74.25,2,File_Transfer,ISCX_VPN_2016
1.757346153,73.75,6,12.30142307,590,8,44412,73.625,2,File_Transfer,ISCX_VPN_2016
0.692709769,73.94444444,6,11.77606606,1331,18,57685,118,2,File_Transfer,ISCX_VPN_2016
0.000157118,64,17,0.000157118,128,2,49624,112,2,File_Transfer,ISCX_VPN_2016
3.5282704,382.3333333,6,70.56540799,8029,21,10707,122.4285714,2,File_Transfer,ISCX_VPN_2016
0.000213861,64,17,0.000213861,128,2,49624,116,2,File_Transfer,ISCX_VPN_2016
0.000180006,64,17,0.000180006,128,2,62249,116.5,2,File_Transfer,ISCX_VPN_2016
0.695518578,75.5,6,11.82381582,1359,18,55095,118.5555556,2,File_Transfer,ISCX_VPN_2016
0.006884011,150.1666667,6,0.075724125,1802,12,443,97.16666667,2,File_Transfer,ISCX_VPN_2016
0.024737803,370.875,6,0.371067047,5934,16,443,120.9375,2,File_Transfer,ISCX_VPN_2016
3.48995445,313.9166667,6,38.38949895,3767,12,80,88.66666667,2,File_Transfer,ISCX_VPN_2016
0.692178535,408.0625,6,10.38267803,6529,16,80,91.6875,2,File_Transfer,ISCX_VPN_2016
0.015080664,273.3,6,0.135725975,2733,10,80,98,2,File_Transfer,ISCX_VPN_2016
8.138563871,130.2222222,6,65.10851097,1172,9,80,93.33333333,2,File_Transfer,ISCX_VPN_2016
3.791578992,118.1875,6,56.87368488,1891,16,80,107.75,2,File_Transfer,ISCX_VPN_2016
1.89521426,318.5714286,6,37.90428519,6690,21,443,93.95238095,2,File_Transfer,ISCX_VPN_2016
0.000208139,64,17,0.000208139,128,2,54370,117,2,File_Transfer,ISCX_VPN_2016
0.009619755,435.8333333,6,0.163535833,7845,18,10716,121.7777778,2,File_Transfer,ISCX_VPN_2016
0.000178099,64,17,0.000178099,128,2,23636,115.5,2,File_Transfer,ISCX_VPN_2016
0.000140905,64,17,0.000140905,128,2,49624,84.5,2,File_Transfer,ISCX_VPN_2016
1.979913473,399.4090909,6,41.57818294,8787,22,443,96,2,File_Transfer,ISCX_VPN_2016
0.063603242,452.76,6,1.526477814,11319,25,443,94.72,2,File_Transfer,ISCX_VPN_2016
2.082841269,89.1875,6,31.24261904,1427,16,40016,92,2,File_Transfer,ISCX_VPN_2016
0.003338465,736.1302225,17,49.21898794,10853504,14744,44106,96.02604449,2,File_Transfer,ISCX_VPN_2016
0.188602924,64,17,0.188602924,128,2,25530,96,2,File_Transfer,ISCX_VPN_2016
0.104242086,64,17,0.104242086,128,2,52458,96,2,File_Transfer,ISCX_VPN_2016
0.048666954,64,17,0.048666954,128,2,34529,96,2,File_Transfer,ISCX_VPN_2016
0.245512009,64,17,0.245512009,128,2,443,96,2,File_Transfer,ISCX_VPN_2016
0.031996012,64,17,0.031996012,128,2,443,96,2,File_Transfer,ISCX_VPN_2016
0.114166975,89.5,17,0.114166975,179,2,40018,96,2,File_Transfer,ISCX_VPN_2016
0.841321241,123.8372093,6,35.33549213,5325,43,44106,90.79069767,2,File_Transfer,ISCX_VPN_2016
0.021010131,80.66666667,6,0.168081045,726,9,58491,99.55555556,2,File_Transfer,ISCX_VPN_2016
0.012542454,75.75,6,0.188136816,1212,16,18990,92,2,File_Transfer,ISCX_VPN_2016
1.155448941,623.8333333,6,40.44071293,22458,36,443,96,2,File_Transfer,ISCX_VPN_2016
0.037451601,86,6,0.187258005,516,6,443,96,2,File_Transfer,ISCX_VPN_2016
1.291591576,224,17,9.041141033,1792,8,138,128,2,File_Transfer,ISCX_VPN_2016
0.00028801,57.5,6,0.00028801,115,2,5228,96,2,File_Transfer,ISCX_VPN_2016
8.463339329,96.5,17,25.39001799,386,4,137,128,2,File_Transfer,ISCX_VPN_2016
0.037185907,127,17,0.037185907,254,2,3544,96,2,File_Transfer,ISCX_VPN_2016
0.419382095,64,17,0.419382095,128,2,5355,1,2,File_Transfer,ISCX_VPN_2016
0.419147015,64,17,0.419147015,128,2,5355,1,2,File_Transfer,ISCX_VPN_2016
0.306832183,515.1666667,17,3.375154018,6182,12,1900,1,2,File_Transfer,ISCX_VPN_2016
0.477471448,92,17,215.339623,41584,452,137,128,2,File_Transfer,ISCX_VPN_2016
0.420875788,64,17,0.420875788,128,2,5355,1,2,File_Transfer,ISCX_VPN_2016
0.420660973,64,17,0.420660973,128,2,5355,1,2,File_Transfer,ISCX_VPN_2016
0.592521517,92,17,214.492789,33396,363,137,128,2,File_Transfer,ISCX_VPN_2016
4.209711671,228.4285714,17,25.25827003,1599,7,138,127,2,File_Transfer,ISCX_VPN_2016
7.334631608,241.4285714,17,95.35021091,3380,14,138,64,2,File_Transfer,ISCX_VPN_2016
0.253573906,92,17,215.284246,78200,850,137,128,2,File_Transfer,ISCX_VPN_2016
3.987703962,87,17,211.34831,4698,54,5353,255,2,File_Transfer,ISCX_VPN_2016
0.429236898,92,17,215.0476861,46184,502,137,128,2,File_Transfer,ISCX_VPN_2016
0.749763489,92,17,1.499526978,276,3,137,64,2,File_Transfer,ISCX_VPN_2016
0.409980059,64,17,0.409980059,128,2,5355,1,2,File_Transfer,ISCX_VPN_2016
0.409570932,64,17,0.409570932,128,2,5355,1,2,File_Transfer,ISCX_VPN_2016
30.0807927,261,17,210.5655489,2088,8,17500,64,2,File_Transfer,ISCX_VPN_2016
30.08074743,261,17,210.565232,2088,8,17500,64,2,File_Transfer,ISCX_VPN_2016
0.409436226,64,17,0.409436226,128,2,5355,1,2,File_Transfer,ISCX_VPN_2016
0.40921402,64,17,0.40921402,128,2,5355,1,2,File_Transfer,ISCX_VPN_2016
0.413369894,64,17,0.413369894,128,2,5355,1,2,File_Transfer,ISCX_VPN_2016
0.412928104,64,17,0.412928104,128,2,5355,1,2,File_Transfer,ISCX_VPN_2016
0.414395094,64,17,0.414395094,128,2,5355,1,2,File_Transfer,ISCX_VPN_2016
0.41403985,64,17,0.41403985,128,2,5355,1,2,File_Transfer,ISCX_VPN_2016
0.411585093,64,17,0.411585093,128,2,5355,1,2,File_Transfer,ISCX_VPN_2016
0.411361933,64,17,0.411361933,128,2,5355,1,2,File_Transfer,ISCX_VPN_2016
5.000115718,63,17,210.0048602,2709,43,32412,128,2,File_Transfer,ISCX_VPN_2016
5.000117143,63,17,210.00492,2709,43,32414,128,2,File_Transfer,ISCX_VPN_2016
0.413568974,64,17,0.413568974,128,2,5355,1,2,File_Transfer,ISCX_VPN_2016
0.413233042,64,17,0.413233042,128,2,5355,1,2,File_Transfer,ISCX_VPN_2016
19.99516201,90,17,199.9516201,990,11,123,254,2,File_Transfer,ISCX_VPN_2016
18.15074674,64,17,54.45224023,256,4,5355,1,2,File_Transfer,ISCX_VPN_2016
0.414108038,64,17,0.414108038,128,2,5355,1,2,File_Transfer,ISCX_VPN_2016
0.589924976,92,17,213.5528412,33396,363,137,128,2,File_Transfer,ISCX_VPN_2016
0.410377026,64,17,0.410377026,128,2,5355,1,2,File_Transfer,ISCX_VPN_2016
0.410150051,64,17,0.410150051,128,2,5355,1,2,File_Transfer,ISCX_VPN_2016
6.963128539,134.1111111,6,181.041342,3621,27,40018,54.37037037,2,File_Transfer,ISCX_VPN_2016
14.06075907,146,17,210.911386,2336,16,17500,128,2,File_Transfer,ISCX_VPN_2016
30.13001571,146,17,210.91011,1168,8,17500,128,2,File_Transfer,ISCX_VPN_2016
0.42075491,64,17,0.42075491,128,2,5355,1,2,File_Transfer,ISCX_VPN_2016
0.420300961,64,17,0.420300961,128,2,5355,1,2,File_Transfer,ISCX_VPN_2016
0.410290003,64,17,0.410290003,128,2,5355,1,2,File_Transfer,ISCX_VPN_2016
0.409797907,64,17,0.409797907,128,2,5355,1,2,File_Transfer,ISCX_VPN_2016
2.817645472,92,17,208.505765,6900,75,137,128,2,File_Transfer,ISCX_VPN_2016
0.411685944,64,17,0.411685944,128,2,5355,1,2,File_Transfer,ISCX_VPN_2016
0.411391973,64,17,0.411391973,128,2,5355,1,2,File_Transfer,ISCX_VPN_2016
1.531179439,79.97101449,6,209.7715831,11036,138,1075,88.18115942,2,File_Transfer,ISCX_VPN_2016
15.03620889,437.1,6,135.3258801,4371,10,443,84.8,2,File_Transfer,ISCX_VPN_2016
3.158259196,109.0294118,17,211.6033661,7414,68,5353,255,2,File_Transfer,ISCX_VPN_2016
48.38482875,247,17,193.539315,1235,5,5353,1,2,File_Transfer,ISCX_VPN_2016
0.43660593,64,17,0.43660593,128,2,5355,1,2,File_Transfer,ISCX_VPN_2016
5.520672321,64,17,16.56201696,256,4,5355,1,2,File_Transfer,ISCX_VPN_2016
38.70848699,226.6666667,17,193.5424349,1360,6,5353,1,2,File_Transfer,ISCX_VPN_2016
1.906802063,74.95495495,6,209.7482269,8320,111,30138,83.9009009,2,File_Transfer,ISCX_VPN_2016
0.41879797,64,17,0.41879797,128,2,5355,1,2,File_Transfer,ISCX_VPN_2016
0.418381929,64,17,0.418381929,128,2,5355,1,2,File_Transfer,ISCX_VPN_2016
0.421012878,64,17,0.421012878,128,2,5355,1,2,File_Transfer,ISCX_VPN_2016
0.420776844,64,17,0.420776844,128,2,5355,1,2,File_Transfer,ISCX_VPN_2016
0.41308403,64,17,0.41308403,128,2,5355,1,2,File_Transfer,ISCX_VPN_2016
0.412763119,64,17,0.412763119,128,2,5355,1,2,File_Transfer,ISCX_VPN_2016
3.877577129,92,17,205.5115879,4968,54,137,128,2,File_Transfer,ISCX_VPN_2016
27.28985667,260.25,17,81.86957002,1041,4,138,64,2,File_Transfer,ISCX_VPN_2016
14.05925641,165,17,210.8888462,2640,16,17500,128,2,File_Transfer,ISCX_VPN_2016
30.12668354,165,17,210.8867848,1320,8,17500,128,2,File_Transfer,ISCX_VPN_2016
2.606389776,92,17,208.5111821,7452,81,137,128,2,File_Transfer,ISCX_VPN_2016
0.411157131,64,17,0.411157131,128,2,5355,1,2,File_Transfer,ISCX_VPN_2016
0.410757065,64,17,0.410757065,128,2,5355,1,2,File_Transfer,ISCX_VPN_2016
0.410578012,64,17,0.410578012,128,2,5355,1,2,File_Transfer,ISCX_VPN_2016
0.410241127,64,17,0.410241127,128,2,5355,1,2,File_Transfer,ISCX_VPN_2016
85.64344001,233,17,85.64344001,466,2,138,64,2,File_Transfer,ISCX_VPN_2016
59.28551531,64,17,177.8565459,256,4,5355,1,2,File_Transfer,ISCX_VPN_2016
0.414067984,64,17,0.414067984,128,2,5355,1,2,File_Transfer,ISCX_VPN_2016
0.436480045,64,17,0.436480045,128,2,5355,1,2,File_Transfer,ISCX_VPN_2016
0.436554909,64,17,0.436554909,128,2,5355,1,2,File_Transfer,ISCX_VPN_2016
0.421096802,64,17,0.421096802,128,2,5355,1,2,File_Transfer,ISCX_VPN_2016
0.420711994,64,17,0.420711994,128,2,5355,1,2,File_Transfer,ISCX_VPN_2016
30.129481,145,17,180.776886,1015,7,17500,128,2,File_Transfer,ISCX_VPN_2016
30.12950782,145,17,180.7770469,1015,7,17500,128,2,File_Transfer,ISCX_VPN_2016
0.416269064,64,17,0.416269064,128,2,5355,1,2,File_Transfer,ISCX_VPN_2016
0.415642023,64,17,0.415642023,128,2,5355,1,2,File_Transfer,ISCX_VPN_2016
0.411540031,64,17,0.411540031,128,2,5355,1,2,File_Transfer,ISCX_VPN_2016
0.411109924,64,17,0.411109924,128,2,5355,1,2,File_Transfer,ISCX_VPN_2016
11.94565956,88.70588235,17,191.130553,1508,17,5353,255,2,File_Transfer,ISCX_VPN_2016
8.78441898,64,17,26.35325694,256,4,5355,1,2,File_Transfer,ISCX_VPN_2016
0.416564941,64,17,0.416564941,128,2,5355,1,2,File_Transfer,ISCX_VPN_2016
0.412163019,64,17,0.412163019,128,2,5355,1,2,File_Transfer,ISCX_VPN_2016
0.411894083,64,17,0.411894083,128,2,5355,1,2,File_Transfer,ISCX_VPN_2016
0.409574032,64,17,0.409574032,128,2,5355,1,2,File_Transfer,ISCX_VPN_2016
0.409422159,64,17,0.409422159,128,2,5355,1,2,File_Transfer,ISCX_VPN_2016
6.379914002,92,17,70.17905402,1104,12,137,128,2,File_Transfer,ISCX_VPN_2016
0.410238981,64,17,0.410238981,128,2,5355,1,2,File_Transfer,ISCX_VPN_2016
0.41090703,64,17,0.41090703,128,2,5355,1,2,File_Transfer,ISCX_VPN_2016
0.410676956,64,17,0.410676956,128,2,5355,1,2,File_Transfer,ISCX_VPN_2016
0.410209894,64,17,0.410209894,128,2,5355,1,2,File_Transfer,ISCX_VPN_2016
0.409739971,64,17,0.409739971,128,2,5355,1,2,File_Transfer,ISCX_VPN_2016
0.412900925,64,17,0.412900925,128,2,5355,1,2,File_Transfer,ISCX_VPN_2016
0.412604094,64,17,0.412604094,128,2,5355,1,2,File_Transfer,ISCX_VPN_2016
30.05394801,157,17,180.323688,1099,7,17500,128,2,File_Transfer,ISCX_VPN_2016
30.053949,157,17,180.323694,1099,7,17500,128,2,File_Transfer,ISCX_VPN_2016
0.436502934,64,17,0.436502934,128,2,5355,1,2,File_Transfer,ISCX_VPN_2016
0.435960054,64,17,0.435960054,128,2,5355,1,2,File_Transfer,ISCX_VPN_2016
0.421223879,64,17,0.421223879,128,2,5355,1,2,File_Transfer,ISCX_VPN_2016
0.420727015,64,17,0.420727015,128,2,5355,1,2,File_Transfer,ISCX_VPN_2016
0.41156292,64,17,0.41156292,128,2,5355,1,2,File_Transfer,ISCX_VPN_2016
0.411370993,64,17,0.411370993,128,2,5355,1,2,File_Transfer,ISCX_VPN_2016
2.048353393,74.52,6,202.7869859,7452,100,53953,84.68,2,File_Transfer,ISCX_VPN_2016
0.413786888,64,17,0.413786888,128,2,5355,1,2,File_Transfer,ISCX_VPN_2016
0.413469076,64,17,0.413469076,128,2,5355,1,2,File_Transfer,ISCX_VPN_2016
0.421837091,64,17,0.421837091,128,2,5355,1,2,File_Transfer,ISCX_VPN_2016
0.42147398,64,17,0.42147398,128,2,5355,1,2,File_Transfer,ISCX_VPN_2016
0.413693905,64,17,0.413693905,128,2,5355,1,2,File_Transfer,ISCX_VPN_2016
0.413383007,64,17,0.413383007,128,2,5355,1,2,File_Transfer,ISCX_VPN_2016
30.05938685,146,17,180.3563211,1022,7,17500,128,2,File_Transfer,ISCX_VPN_2016
30.05937866,146,17,180.356272,1022,7,17500,128,2,File_Transfer,ISCX_VPN_2016
0.420288086,64,17,0.420288086,128,2,5355,1,2,File_Transfer,ISCX_VPN_2016
0.420032978,64,17,0.420032978,128,2,5355,1,2,File_Transfer,ISCX_VPN_2016
15.01017708,90,17,195.132302,1260,14,123,254,2,File_Transfer,ISCX_VPN_2016
2.040187667,74.6,6,201.978579,7460,100,40644,84.24,2,File_Transfer,ISCX_VPN_2016
0.411041975,64,17,0.411041975,128,2,5355,1,2,File_Transfer,ISCX_VPN_2016
0.410629034,64,17,0.410629034,128,2,5355,1,2,File_Transfer,ISCX_VPN_2016
14.31199336,64,17,42.93598008,256,4,5355,1,2,File_Transfer,ISCX_VPN_2016
0.410778999,64,17,0.410778999,128,2,5355,1,2,File_Transfer,ISCX_VPN_2016
0.420891047,64,17,0.420891047,128,2,5355,1,2,File_Transfer,ISCX_VPN_2016
0.420450926,64,17,0.420450926,128,2,5355,1,2,File_Transfer,ISCX_VPN_2016
0.417088032,64,17,0.417088032,128,2,5355,1,2,File_Transfer,ISCX_VPN_2016
0.41653204,64,17,0.41653204,128,2,5355,1,2,File_Transfer,ISCX_VPN_2016
0.423266172,64,17,0.423266172,128,2,5355,1,2,File_Transfer,ISCX_VPN_2016
0.422806025,64,17,0.422806025,128,2,5355,1,2,File_Transfer,ISCX_VPN_2016
0.416563034,64,17,0.416563034,128,2,5355,1,2,File_Transfer,ISCX_VPN_2016
0.416148901,64,17,0.416148901,128,2,5355,1,2,File_Transfer,ISCX_VPN_2016
0.41246295,64,17,0.41246295,128,2,5355,1,2,File_Transfer,ISCX_VPN_2016
0.412025928,64,17,0.412025928,128,2,5355,1,2,File_Transfer,ISCX_VPN_2016
0.4141078,64,17,0.4141078,128,2,5355,1,2,File_Transfer,ISCX_VPN_2016
0.413821936,64,17,0.413821936,128,2,5355,1,2,File_Transfer,ISCX_VPN_2016
0.223160863,670.7092511,6,101.091871,304502,454,443,69.4185022,3,Streaming_Media,ISCX_VPN_2016
0.000413895,129.5,17,0.000413895,259,2,53,63.5,3,Streaming_Media,ISCX_VPN_2016
0.000446081,129.5,17,0.000446081,259,2,53,63.5,3,Streaming_Media,ISCX_VPN_2016
3.605310667,69.72727273,6,75.71152401,1534,22,443,59,3,Streaming_Media,ISCX_VPN_2016
0.338769531,118.75,6,5.081542969,1900,16,443,59.1875,3,Streaming_Media,ISCX_VPN_2016
0.000355005,129.5,17,0.000355005,259,2,53,63.5,3,Streaming_Media,ISCX_VPN_2016
0.000361204,129.5,17,0.000361204,259,2,53,63.5,3,Streaming_Media,ISCX_VPN_2016
11.71403036,112,6,58.57015181,672,6,443,60.66666667,3,Streaming_Media,ISCX_VPN_2016
12.88540289,73.33333333,6,103.0832231,660,9,5228,56,3,Streaming_Media,ISCX_VPN_2016
0.000381947,137.5,17,0.000381947,275,2,53,63.5,3,Streaming_Media,ISCX_VPN_2016
0.030743016,105.2,6,0.276687145,1052,10,3478,70.4,3,Streaming_Media,ISCX_VPN_2016
0.030739228,105.2,6,0.276653051,1052,10,443,70.4,3,Streaming_Media,ISCX_VPN_2016
0.030736658,105.2,6,0.276629925,1052,10,3478,70.4,3,Streaming_Media,ISCX_VPN_2016
0.032956441,105.2,6,0.296607971,1052,10,443,70.4,3,Streaming_Media,ISCX_VPN_2016
0.000323057,120,17,0.000323057,240,2,53,63.5,3,Streaming_Media,ISCX_VPN_2016
0.039582782,105.2,6,0.356245041,1052,10,3478,70.4,3,Streaming_Media,ISCX_VPN_2016
0.041804208,105.2,6,0.376237869,1052,10,443,70.4,3,Streaming_Media,ISCX_VPN_2016
0.044467555,105.2,6,0.400207996,1052,10,3478,70.4,3,Streaming_Media,ISCX_VPN_2016
0.046245999,105.2,6,0.416213989,1052,10,443,70,3,Streaming_Media,ISCX_VPN_2016
0.052879757,105.2,6,0.475917816,1052,10,3478,70.4,3,Streaming_Media,ISCX_VPN_2016
0.055097765,105.2,6,0.495879889,1052,10,443,70.4,3,Streaming_Media,ISCX_VPN_2016
0.057325443,105.2,6,0.515928984,1052,10,3478,70.4,3,Streaming_Media,ISCX_VPN_2016
0.059989982,105.2,6,0.53990984,1052,10,443,70.4,3,Streaming_Media,ISCX_VPN_2016
0.066191567,105.2,6,0.595724106,1052,10,3478,70.4,3,Streaming_Media,ISCX_VPN_2016
0.068416463,105.2,6,0.615748167,1052,10,443,70.4,3,Streaming_Media,ISCX_VPN_2016
0.070635902,105.2,6,0.635723114,1052,10,3478,70.4,3,Streaming_Media,ISCX_VPN_2016
0.072858334,105.2,6,0.655725002,1052,10,443,70.4,3,Streaming_Media,ISCX_VPN_2016
0.079508119,105.2,6,0.715573072,1052,10,3478,70.4,3,Streaming_Media,ISCX_VPN_2016
0.081729015,105.2,6,0.735561132,1052,10,443,70.4,3,Streaming_Media,ISCX_VPN_2016
0.083951765,105.2,6,0.755565882,1052,10,3478,70.4,3,Streaming_Media,ISCX_VPN_2016
0.086174091,105.2,6,0.775566816,1052,10,443,70.4,3,Streaming_Media,ISCX_VPN_2016
0.092821889,105.2,6,0.835397005,1052,10,3478,70.4,3,Streaming_Media,ISCX_VPN_2016
0.095046335,105.2,6,0.855417013,1052,10,443,70.4,3,Streaming_Media,ISCX_VPN_2016
0.097265773,105.2,6,0.87539196,1052,10,3478,70.4,3,Streaming_Media,ISCX_VPN_2016
0.099489212,105.2,6,0.895402908,1052,10,443,70.4,3,Streaming_Media,ISCX_VPN_2016
0.053133726,136,17,0.159401178,544,4,50021,72,3,Streaming_Media,ISCX_VPN_2016
0.052914302,136,17,0.158742905,544,4,50021,71.5,3,Streaming_Media,ISCX_VPN_2016
0.000346899,129.5,17,0.000346899,259,2,53,63.5,3,Streaming_Media,ISCX_VPN_2016
0.000377893,129.5,17,0.000377893,259,2,53,63.5,3,Streaming_Media,ISCX_VPN_2016
0.052815676,136,17,0.158447027,544,4,50021,72,3,Streaming_Media,ISCX_VPN_2016
0.05292201,136,17,0.158766031,544,4,50021,72,3,Streaming_Media,ISCX_VPN_2016
0.000413895,129.5,17,0.000413895,259,2,53,63.5,3,Streaming_Media,ISCX_VPN_2016
0.000383854,129.5,17,0.000383854,259,2,53,63.5,3,Streaming_Media,ISCX_VPN_2016
0.052939971,136,17,0.158819914,544,4,50021,72,3,Streaming_Media,ISCX_VPN_2016
0.000409126,129.5,17,0.000409126,259,2,53,63.5,3,Streaming_Media,ISCX_VPN_2016
0.000428915,129.5,17,0.000428915,259,2,53,63.5,3,Streaming_Media,ISCX_VPN_2016
0.000396967,129.5,17,0.000396967,259,2,53,63.5,3,Streaming_Media,ISCX_VPN_2016
0.052906672,136,17,0.158720016,544,4,50021,72,3,Streaming_Media,ISCX_VPN_2016
0.000310183,129.5,17,0.000310183,259,2,53,63.5,3,Streaming_Media,ISCX_VPN_2016
0.000334024,129.5,17,0.000334024,259,2,53,63.5,3,Streaming_Media,ISCX_VPN_2016
0.000397921,129.5,17,0.000397921,259,2,53,63.5,3,Streaming_Media,ISCX_VPN_2016
0.000390053,129.5,17,0.000390053,259,2,53,63.5,3,Streaming_Media,ISCX_VPN_2016
0.052789927,136,17,0.15836978,544,4,50021,72,3,Streaming_Media,ISCX_VPN_2016
0.000387907,129.5,17,0.000387907,259,2,53,63.5,3,Streaming_Media,ISCX_VPN_2016
0.052817265,136,17,0.158451796,544,4,50021,72,3,Streaming_Media,ISCX_VPN_2016
0.00041914,129.5,17,0.00041914,259,2,53,63.5,3,Streaming_Media,ISCX_VPN_2016
0.000424147,129.5,17,0.000424147,259,2,53,63.5,3,Streaming_Media,ISCX_VPN_2016
0.000385046,129.5,17,0.000385046,259,2,53,63.5,3,Streaming_Media,ISCX_VPN_2016
0.000305176,129.5,17,0.000305176,259,2,53,63.5,3,Streaming_Media,ISCX_VPN_2016
0.000344992,129.5,17,0.000344992,259,2,53,63.5,3,Streaming_Media,ISCX_VPN_2016
0.052882274,136,17,0.158646822,544,4,50021,72,3,Streaming_Media,ISCX_VPN_2016
0.00039196,129.5,17,0.00039196,259,2,53,63.5,3,Streaming_Media,ISCX_VPN_2016
0.052888314,136,17,0.158664942,544,4,50021,72,3,Streaming_Media,ISCX_VPN_2016
0.000422955,129.5,17,0.000422955,259,2,53,63.5,3,Streaming_Media,ISCX_VPN_2016
0.000391006,129.5,17,0.000391006,259,2,53,63.5,3,Streaming_Media,ISCX_VPN_2016
0.000396013,129.5,17,0.000396013,259,2,53,63.5,3,Streaming_Media,ISCX_VPN_2016
0.000377893,129.5,17,0.000377893,259,2,53,63.5,3,Streaming_Media,ISCX_VPN_2016
0.000442982,129.5,17,0.000442982,259,2,53,63.5,3,Streaming_Media,ISCX_VPN_2016
0.052875996,136,17,0.158627987,544,4,50021,72,3,Streaming_Media,ISCX_VPN_2016
0.000277996,129.5,17,0.000277996,259,2,53,63.5,3,Streaming_Media,ISCX_VPN_2016
0.052803993,136,17,0.15841198,544,4,50021,72,3,Streaming_Media,ISCX_VPN_2016
0.00031805,129.5,17,0.00031805,259,2,53,63.5,3,Streaming_Media,ISCX_VPN_2016
0.079387903,72,17,0.079387903,144,2,3478,72,3,Streaming_Media,ISCX_VPN_2016
0.079702139,72,17,0.079702139,144,2,3478,72,3,Streaming_Media,ISCX_VPN_2016
0.07962203,72,17,0.07962203,144,2,3478,72,3,Streaming_Media,ISCX_VPN_2016
0.079821825,72,17,0.079821825,144,2,3478,72,3,Streaming_Media,ISCX_VPN_2016
0.079329967,72,17,0.079329967,144,2,3478,72,3,Streaming_Media,ISCX_VPN_2016
0.079674006,72,17,0.079674006,144,2,3478,72,3,Streaming_Media,ISCX_VPN_2016
0.079188108,72,17,0.079188108,144,2,3478,72,3,Streaming_Media,ISCX_VPN_2016
0.079176903,72,17,0.079176903,144,2,3478,72,3,Streaming_Media,ISCX_VPN_2016
0.079384089,72,17,0.079384089,144,2,3478,72,3,Streaming_Media,ISCX_VPN_2016
0.079267979,72,17,0.079267979,144,2,3478,72,3,Streaming_Media,ISCX_VPN_2016
0.079118013,72,17,0.079118013,144,2,3478,72,3,Streaming_Media,ISCX_VPN_2016
0.079775095,72,17,0.079775095,144,2,3478,72,3,Streaming_Media,ISCX_VPN_2016
0.000571012,129.5,17,0.000571012,259,2,53,63.5,3,Streaming_Media,ISCX_VPN_2016
0.000433922,135.5,17,0.000433922,271,2,53,63.5,3,Streaming_Media,ISCX_VPN_2016
0.000420094,135.5,17,0.000420094,271,2,53,63.5,3,Streaming_Media,ISCX_VPN_2016
0.001254082,135.5,17,0.001254082,271,2,53,62,3,Streaming_Media,ISCX_VPN_2016
0.000391006,135.5,17,0.000391006,271,2,53,63.5,3,Streaming_Media,ISCX_VPN_2016
2.659843175,160.5833333,6,61.17639303,3854,24,443,70,3,Streaming_Media,ISCX_VPN_2016
0.024677259,357.0318182,17,97.69726706,1413846,3960,63222,122.8606061,3,Streaming_Media,ISCX_VPN_2016
0.000334978,129.5,17,0.000334978,259,2,53,63.5,3,Streaming_Media,ISCX_VPN_2016
0.009693549,131.2921068,17,97.255373,1317385,10034,63221,96.00637831,3,Streaming_Media,ISCX_VPN_2016
31.41176355,246.6666667,17,62.8235271,740,3,138,64,3,Streaming_Media,ISCX_VPN_2016
7.478685528,73,6,59.82948422,657,9,443,59,3,Streaming_Media,ISCX_VPN_2016
0.37880464,89.08333333,6,4.166851044,1069,12,443,59.41666667,3,Streaming_Media,ISCX_VPN_2016
0.999774098,136,17,1.999548197,408,3,1900,1,3,Streaming_Media,ISCX_VPN_2016
0.000442028,129.5,17,0.000442028,259,2,53,63.5,3,Streaming_Media,ISCX_VPN_2016
0.000407934,129.5,17,0.000407934,259,2,53,63.5,3,Streaming_Media,ISCX_VPN_2016
0.00126195,129.5,17,0.00126195,259,2,53,62,3,Streaming_Media,ISCX_VPN_2016
0.000344992,137.5,17,0.000344992,275,2,53,63.5,3,Streaming_Media,ISCX_VPN_2016
0.000348806,129.5,17,0.000348806,259,2,53,63.5,3,Streaming_Media,ISCX_VPN_2016
0.000422955,129.5,17,0.000422955,259,2,53,63.5,3,Streaming_Media,ISCX_VPN_2016
0.09373498,129.5,17,0.09373498,259,2,53,63.5,3,Streaming_Media,ISCX_VPN_2016
0.001269102,129.5,17,0.001269102,259,2,53,62,3,Streaming_Media,ISCX_VPN_2016
0.33957273,533.9809524,6,142.2809739,224272,420,443,98.65714286,3,Streaming_Media,ISCX_VPN_2016
0.000442982,247,17,0.000442982,494,2,53,95.5,3,Streaming_Media,ISCX_VPN_2016
0.688008315,493.3661972,6,48.16058207,35029,71,443,83.78873239,3,Streaming_Media,ISCX_VPN_2016
18.0398078,60.5,6,90.19903898,363,6,5228,85,3,Streaming_Media,ISCX_VPN_2016
0.007148345,62.25,6,0.021445036,249,4,443,90.5,3,Streaming_Media,ISCX_VPN_2016
0.000448942,137.5,17,0.000448942,275,2,53,95.5,3,Streaming_Media,ISCX_VPN_2016
1.906116101,269.3125,6,59.08959913,8618,32,443,102,3,Streaming_Media,ISCX_VPN_2016
1.055207461,62,17,93.91346407,5580,90,443,128,3,Streaming_Media,ISCX_VPN_2016
1.055545169,62,17,93.94352007,5580,90,3478,128,3,Streaming_Media,ISCX_VPN_2016
1.816135683,116.1176471,17,90.80678415,5922,51,50001,108.2352941,3,Streaming_Media,ISCX_VPN_2016
1.055544248,62,17,93.94343805,5580,90,443,128,3,Streaming_Media,ISCX_VPN_2016
1.055678595,62,17,93.95539498,5580,90,3478,128,3,Streaming_Media,ISCX_VPN_2016
2.214742876,102,17,90.8044579,4284,42,50001,104,3,Streaming_Media,ISCX_VPN_2016
4.779280161,68,17,90.80632305,1360,20,3478,104,3,Streaming_Media,ISCX_VPN_2016
4.779250107,68,17,90.80575204,1360,20,3478,104,3,Streaming_Media,ISCX_VPN_2016
0.024606517,361.3045502,17,95.1534009,1397526,3868,63222,122.8707342,3,Streaming_Media,ISCX_VPN_2016
0.613476616,117.2075472,6,31.90078402,6212,53,3478,106.7358491,3,Streaming_Media,ISCX_VPN_2016
0.892386324,112.1714286,6,30.34113503,3926,35,3478,108.4,3,Streaming_Media,ISCX_VPN_2016
0.579994379,136.8214286,6,31.89969087,7662,56,443,102.2857143,3,Streaming_Media,ISCX_VPN_2016
0.798467743,143.9487179,6,30.34177423,5614,39,443,100.9230769,3,Streaming_Media,ISCX_VPN_2016
0.00969648,131.325929,17,94.71521902,1282923,9769,63221,96.009827,3,Streaming_Media,ISCX_VPN_2016
0.000398874,135.5,17,0.000398874,271,2,53,95.5,3,Streaming_Media,ISCX_VPN_2016
2.856049828,144.9166667,6,65.68914604,3478,24,443,99.83333333,3,Streaming_Media,ISCX_VPN_2016
0.20554689,709.9513185,6,101.12907,350006,493,443,69.52535497,3,Streaming_Media,ISCX_VPN_2016
0.000431061,129.5,17,0.000431061,259,2,53,63.5,3,Streaming_Media,ISCX_VPN_2016
0.000329971,129.5,17,0.000329971,259,2,53,63.5,3,Streaming_Media,ISCX_VPN_2016
0.094388008,129.5,17,0.094388008,259,2,53,62,3,Streaming_Media,ISCX_VPN_2016
0.000405073,129.5,17,0.000405073,259,2,53,63.5,3,Streaming_Media,ISCX_VPN_2016
4.151971272,142.6,6,58.12759781,2139,15,443,59.6,3,Streaming_Media,ISCX_VPN_2016
0.000389099,129.5,17,0.000389099,259,2,53,63.5,3,Streaming_Media,ISCX_VPN_2016
0.000342846,129.5,17,0.000342846,259,2,53,63.5,3,Streaming_Media,ISCX_VPN_2016
0.000384092,137.5,17,0.000384092,275,2,53,63.5,3,Streaming_Media,ISCX_VPN_2016
0.027825212,101.6363636,6,0.278252125,1118,11,3478,71.27272727,3,Streaming_Media,ISCX_VPN_2016
0.030914333,105.2,6,0.278228998,1052,10,443,70.4,3,Streaming_Media,ISCX_VPN_2016
0.030914545,105.2,6,0.278230906,1052,10,3478,70.4,3,Streaming_Media,ISCX_VPN_2016
0.033578343,105.2,6,0.302205086,1052,10,443,70.4,3,Streaming_Media,ISCX_VPN_2016
0.000279903,120,17,0.000279903,240,2,53,63.5,3,Streaming_Media,ISCX_VPN_2016
0.04022691,105.2,6,0.362042189,1052,10,3478,70.4,3,Streaming_Media,ISCX_VPN_2016
0.042004108,105.2,6,0.378036976,1052,10,443,70.4,3,Streaming_Media,ISCX_VPN_2016
0.044223203,105.2,6,0.398008823,1052,10,3478,70.4,3,Streaming_Media,ISCX_VPN_2016
0.046887557,105.2,6,0.42198801,1052,10,443,70.4,3,Streaming_Media,ISCX_VPN_2016
0.053097222,105.2,6,0.477874994,1052,10,3478,70.4,3,Streaming_Media,ISCX_VPN_2016
0.055317879,105.2,6,0.497860909,1052,10,443,70.4,3,Streaming_Media,ISCX_VPN_2016
0.057540894,105.2,6,0.517868042,1052,10,3478,70.4,3,Streaming_Media,ISCX_VPN_2016
0.059762133,105.2,6,0.537859201,1052,10,443,70,3,Streaming_Media,ISCX_VPN_2016
0.066851113,105.2,6,0.601660013,1052,10,3478,70.4,3,Streaming_Media,ISCX_VPN_2016
0.068628682,105.2,6,0.617658138,1052,10,443,70.4,3,Streaming_Media,ISCX_VPN_2016
0.070852227,105.2,6,0.63767004,1052,10,3478,70.4,3,Streaming_Media,ISCX_VPN_2016
0.073960887,105.2,6,0.665647984,1052,10,443,70.4,3,Streaming_Media,ISCX_VPN_2016
0.079723226,105.2,6,0.717509031,1052,10,3478,70,3,Streaming_Media,ISCX_VPN_2016
0.081945234,105.2,6,0.737507105,1052,10,443,70.4,3,Streaming_Media,ISCX_VPN_2016
0.084611681,105.2,6,0.761505127,1052,10,3478,70.4,3,Streaming_Media,ISCX_VPN_2016
0.086389648,105.2,6,0.777506828,1052,10,443,70.4,3,Streaming_Media,ISCX_VPN_2016
0.093041446,105.2,6,0.837373018,1052,10,3478,70.4,3,Streaming_Media,ISCX_VPN_2016
0.095264567,105.2,6,0.857381105,1052,10,443,70.4,3,Streaming_Media,ISCX_VPN_2016
0.097485887,105.2,6,0.87737298,1052,10,3478,70.4,3,Streaming_Media,ISCX_VPN_2016
0.099701669,105.2,6,0.897315025,1052,10,443,70.4,3,Streaming_Media,ISCX_VPN_2016
0.053476016,136,17,0.160428047,544,4,50019,72,3,Streaming_Media,ISCX_VPN_2016
0.052925348,136,17,0.158776045,544,4,50019,72,3,Streaming_Media,ISCX_VPN_2016
0.000393152,129.5,17,0.000393152,259,2,53,63.5,3,Streaming_Media,ISCX_VPN_2016
0.000367165,129.5,17,0.000367165,259,2,53,63.5,3,Streaming_Media,ISCX_VPN_2016
0.000306129,129.5,17,0.000306129,259,2,53,63.5,3,Streaming_Media,ISCX_VPN_2016
0.0528543,136,17,0.158562899,544,4,50019,72,3,Streaming_Media,ISCX_VPN_2016
0.052905321,136,17,0.158715963,544,4,50019,72,3,Streaming_Media,ISCX_VPN_2016
0.000370979,129.5,17,0.000370979,259,2,53,63.5,3,Streaming_Media,ISCX_VPN_2016
0.000371933,129.5,17,0.000371933,259,2,53,63.5,3,Streaming_Media,ISCX_VPN_2016
0.000380039,129.5,17,0.000380039,259,2,53,63.5,3,Streaming_Media,ISCX_VPN_2016
0.05292503,136,17,0.158775091,544,4,50019,72,3,Streaming_Media,ISCX_VPN_2016
0.000374794,129.5,17,0.000374794,259,2,53,63.5,3,Streaming_Media,ISCX_VPN_2016
0.000362158,129.5,17,0.000362158,259,2,53,63.5,3,Streaming_Media,ISCX_VPN_2016
0.052822351,136,17,0.158467054,544,4,50019,72,3,Streaming_Media,ISCX_VPN_2016
0.0003829,129.5,17,0.0003829,259,2,53,63.5,3,Streaming_Media,ISCX_VPN_2016
0.000400066,129.5,17,0.000400066,259,2,53,63.5,3,Streaming_Media,ISCX_VPN_2016
0.000306129,129.5,17,0.000306129,259,2,53,63.5,3,Streaming_Media,ISCX_VPN_2016
0.000384092,129.5,17,0.000384092,259,2,53,63.5,3,Streaming_Media,ISCX_VPN_2016
0.000411987,129.5,17,0.000411987,259,2,53,63.5,3,Streaming_Media,ISCX_VPN_2016
0.053011338,136,17,0.159034014,544,4,50019,71.5,3,Streaming_Media,ISCX_VPN_2016
0.00041604,129.5,17,0.00041604,259,2,53,63.5,3,Streaming_Media,ISCX_VPN_2016
0.053868294,136,17,0.161604881,544,4,50019,72,3,Streaming_Media,ISCX_VPN_2016
0.000359058,129.5,17,0.000359058,259,2,53,63.5,3,Streaming_Media,ISCX_VPN_2016
0.000339031,129.5,17,0.000339031,259,2,53,63.5,3,Streaming_Media,ISCX_VPN_2016
0.000326872,129.5,17,0.000326872,259,2,53,63.5,3,Streaming_Media,ISCX_VPN_2016
0.000437975,129.5,17,0.000437975,259,2,53,63.5,3,Streaming_Media,ISCX_VPN_2016
0.000364065,129.5,17,0.000364065,259,2,53,63.5,3,Streaming_Media,ISCX_VPN_2016
0.052805662,136,17,0.158416986,544,4,50019,72,3,Streaming_Media,ISCX_VPN_2016
0.000413895,129.5,17,0.000413895,259,2,53,63.5,3,Streaming_Media,ISCX_VPN_2016
0.053188721,136,17,0.159566164,544,4,50019,72,3,Streaming_Media,ISCX_VPN_2016
0.0003829,129.5,17,0.0003829,259,2,53,63.5,3,Streaming_Media,ISCX_VPN_2016
0.000361919,129.5,17,0.000361919,259,2,53,63.5,3,Streaming_Media,ISCX_VPN_2016
0.000411987,129.5,17,0.000411987,259,2,53,63.5,3,Streaming_Media,ISCX_VPN_2016
0.000380039,129.5,17,0.000380039,259,2,53,63.5,3,Streaming_Media,ISCX_VPN_2016
0.000317097,129.5,17,0.000317097,259,2,53,63.5,3,Streaming_Media,ISCX_VPN_2016
0.000344038,129.5,17,0.000344038,259,2,53,63.5,3,Streaming_Media,ISCX_VPN_2016
0.000427008,129.5,17,0.000427008,259,2,53,63.5,3,Streaming_Media,ISCX_VPN_2016
0.052783728,136,17,0.158351183,544,4,50019,72,3,Streaming_Media,ISCX_VPN_2016
0.052794933,136,17,0.1583848,544,4,50019,71.5,3,Streaming_Media,ISCX_VPN_2016
0.00043416,129.5,17,0.00043416,259,2,53,63.5,3,Streaming_Media,ISCX_VPN_2016
0.079193115,72,17,0.079193115,144,2,3478,72,3,Streaming_Media,ISCX_VPN_2016
0.079217911,72,17,0.079217911,144,2,3478,72,3,Streaming_Media,ISCX_VPN_2016
0.079267979,72,17,0.079267979,144,2,3478,72,3,Streaming_Media,ISCX_VPN_2016
0.079446077,72,17,0.079446077,144,2,3478,72,3,Streaming_Media,ISCX_VPN_2016
0.079503059,72,17,0.079503059,144,2,3478,72,3,Streaming_Media,ISCX_VPN_2016
0.07917285,72,17,0.07917285,144,2,3478,72,3,Streaming_Media,ISCX_VPN_2016
0.079447031,72,17,0.079447031,144,2,3478,72,3,Streaming_Media,ISCX_VPN_2016
0.079641104,72,17,0.079641104,144,2,3478,72,3,Streaming_Media,ISCX_VPN_2016
0.079207182,72,17,0.079207182,144,2,3478,72,3,Streaming_Media,ISCX_VPN_2016
0.079150915,72,17,0.079150915,144,2,3478,72,3,Streaming_Media,ISCX_VPN_2016
0.000347853,137.5,17,0.000347853,275,2,53,63.5,3,Streaming_Media,ISCX_VPN_2016
0.079226017,72,17,0.079226017,144,2,3478,72,3,Streaming_Media,ISCX_VPN_2016
0.079134941,72,17,0.079134941,144,2,3478,72,3,Streaming_Media,ISCX_VPN_2016
107.7213142,233,17,107.7213142,466,2,138,64,3,Streaming_Media,ISCX_VPN_2016
0.000559092,129.5,17,0.000559092,259,2,53,63.5,3,Streaming_Media,ISCX_VPN_2016
0.000400066,135.5,17,0.000400066,271,2,53,63.5,3,Streaming_Media,ISCX_VPN_2016
0.000279903,135.5,17,0.000279903,271,2,53,63.5,3,Streaming_Media,ISCX_VPN_2016
2.659868821,160.5833333,6,61.17698288,3854,24,443,70,3,Streaming_Media,ISCX_VPN_2016
0.009565506,131.4371548,17,98.69688702,1356300,10319,50768,95.99689892,3,Streaming_Media,ISCX_VPN_2016
0.027640186,239.831187,17,98.70310593,856677,3572,50769,122.3740202,3,Streaming_Media,ISCX_VPN_2016
0.00031209,129.5,17,0.00031209,259,2,53,63.5,3,Streaming_Media,ISCX_VPN_2016
1.000368595,136,17,2.00073719,408,3,1900,1,3,Streaming_Media,ISCX_VPN_2016
15.03144304,66,6,45.09432912,264,4,5228,55,3,Streaming_Media,ISCX_VPN_2016
0.000439167,129.5,17,0.000439167,259,2,53,63.5,3,Streaming_Media,ISCX_VPN_2016
0.093683958,129.5,17,0.093683958,259,2,53,63.5,3,Streaming_Media,ISCX_VPN_2016
0.001319885,129.5,17,0.001319885,259,2,53,62,3,Streaming_Media,ISCX_VPN_2016
11.64716039,112,6,58.23580194,672,6,443,60.33333333,3,Streaming_Media,ISCX_VPN_2016
11.64721999,112,6,58.23609996,672,6,443,60.33333333,3,Streaming_Media,ISCX_VPN_2016
0.143703938,264.5,17,0.143703938,529,2,53,63.5,3,Streaming_Media,ISCX_VPN_2016
0.14737606,123,17,0.14737606,246,2,53,63.5,3,Streaming_Media,ISCX_VPN_2016
0.019934569,349.8666667,6,0.279083967,5248,15,443,83.6,3,Streaming_Media,ISCX_VPN_2016
0.07427597,137.5,17,0.07427597,275,2,53,63.5,3,Streaming_Media,ISCX_VPN_2016
0.0003829,137.5,17,0.0003829,275,2,53,63.5,3,Streaming_Media,ISCX_VPN_2016
0.167652845,137.5,17,0.167652845,275,2,53,62,3,Streaming_Media,ISCX_VPN_2016
0.000386,137.5,17,0.000386,275,2,53,63.5,3,Streaming_Media,ISCX_VPN_2016
0.000520945,129.5,17,0.000520945,259,2,53,63.5,3,Streaming_Media,ISCX_VPN_2016
0.022533178,296,17,0.022533178,592,2,53,63.5,3,Streaming_Media,ISCX_VPN_2016
0.022534847,296,17,0.022534847,592,2,53,63.5,3,Streaming_Media,ISCX_VPN_2016
0.34349267,1320.606742,6,30.227355,117534,89,443,57.4494382,3,Streaming_Media,ISCX_VPN_2016
0.000442982,129.5,17,0.000442982,259,2,53,63.5,3,Streaming_Media,ISCX_VPN_2016
0.000417948,129.5,17,0.000417948,259,2,53,63.5,3,Streaming_Media,ISCX_VPN_2016
0.001806021,129.5,17,0.001806021,259,2,53,62,3,Streaming_Media,ISCX_VPN_2016
0.332785312,516.122449,6,146.4255371,227610,441,443,98.16780045,3,Streaming_Media,ISCX_VPN_2016
0.025786161,66.57142857,6,0.154716969,466,7,443,98.28571429,3,Streaming_Media,ISCX_VPN_2016
0.000427008,247,17,0.000427008,494,2,53,95.5,3,Streaming_Media,ISCX_VPN_2016
0.664320477,445.9193548,6,40.52354908,27647,62,443,83.25806452,3,Streaming_Media,ISCX_VPN_2016
11.44755557,63.5,6,103.0280001,635,10,5228,85,3,Streaming_Media,ISCX_VPN_2016
1.032928573,62,17,97.09528589,5890,95,443,128,3,Streaming_Media,ISCX_VPN_2016
1.03578214,62,17,96.327739,5828,94,443,128,3,Streaming_Media,ISCX_VPN_2016
2.215142686,102,17,90.82085013,4284,42,50011,104,3,Streaming_Media,ISCX_VPN_2016
1.035780763,62,17,96.32761097,5828,94,3478,128,3,Streaming_Media,ISCX_VPN_2016
1.035781591,62,17,96.32768798,5828,94,3478,128,3,Streaming_Media,ISCX_VPN_2016
2.215749438,102,17,90.84572697,4284,42,50011,104,3,Streaming_Media,ISCX_VPN_2016
4.781319254,68,17,90.84506583,1360,20,3478,104,3,Streaming_Media,ISCX_VPN_2016
4.7813182,68,17,90.8450458,1360,20,3478,103.5,3,Streaming_Media,ISCX_VPN_2016
0.009566086,131.4475214,17,97.05751085,1333798,10147,50768,96.00315364,3,Streaming_Media,ISCX_VPN_2016
0.86649783,110.7222222,6,30.32742405,3986,36,3478,108,3,Streaming_Media,ISCX_VPN_2016
0.892018858,154.2285714,6,30.32864118,5398,35,443,101.4,3,Streaming_Media,ISCX_VPN_2016
0.02763087,239.8969248,17,97.01198578,842518,3512,50769,122.3690205,3,Streaming_Media,ISCX_VPN_2016
0.891959611,112.1714286,6,30.32662678,3926,35,3478,108.8,3,Streaming_Media,ISCX_VPN_2016
0.798465321,143.9487179,6,30.3416822,5614,39,443,100.9230769,3,Streaming_Media,ISCX_VPN_2016
0.000396013,137.5,17,0.000396013,275,2,53,95.5,3,Streaming_Media,ISCX_VPN_2016
1.93958807,264.3870968,6,58.1876421,8196,31,443,102.8387097,3,Streaming_Media,ISCX_VPN_2016
0.001281023,135.5,17,0.001281023,271,2,53,95.5,3,Streaming_Media,ISCX_VPN_2016
3.284968996,154.7619048,6,65.69937992,3250,21,443,100.7619048,3,Streaming_Media,ISCX_VPN_2016
0.00955497,130.9734219,17,135.1645999,1852881,14147,55618,96.0248816,3,Streaming_Media,ISCX_VPN_2016
0.479179513,126,17,134.6494431,35532,282,39490,96,3,Streaming_Media,ISCX_VPN_2016
1.057821905,62,17,132.2277381,7812,126,443,128,3,Streaming_Media,ISCX_VPN_2016
1.0578216,62,17,132.2277,7812,126,3478,128,3,Streaming_Media,ISCX_VPN_2016
4.857492155,68,17,131.1522882,1904,28,50017,96,3,Streaming_Media,ISCX_VPN_2016
4.857839558,68,17,131.1616681,1904,28,3478,96,3,Streaming_Media,ISCX_VPN_2016
14.4974696,127,17,101.4822872,1016,8,3544,96,3,Streaming_Media,ISCX_VPN_2016
3.721395775,195.3928571,6,100.4776859,5471,28,443,91.42857143,3,Streaming_Media,ISCX_VPN_2016
1.762645839,398.5689655,6,100.4708128,23117,58,443,91.5862069,3,Streaming_Media,ISCX_VPN_2016
18.00151057,57.5,6,90.00755286,345,6,443,96,3,Streaming_Media,ISCX_VPN_2016
7.499763012,63,6,59.9981041,567,9,443,92.44444444,3,Streaming_Media,ISCX_VPN_2016
18.0003644,57.5,6,90.00182199,345,6,5228,96,3,Streaming_Media,ISCX_VPN_2016
17.99986582,57.5,6,89.99932909,345,6,443,96,3,Streaming_Media,ISCX_VPN_2016
7.498169631,63,6,59.98535705,567,9,443,92.44444444,3,Streaming_Media,ISCX_VPN_2016
0.375190637,515.1666667,17,6.378240824,9273,18,1900,1,3,Streaming_Media,ISCX_VPN_2016
0.000778913,308,17,0.000778913,616,2,53,96,3,Streaming_Media,ISCX_VPN_2016
0.019546151,479.047619,6,0.390923023,10060,21,443,91.42857143,3,Streaming_Media,ISCX_VPN_2016
0.04884243,209.3333333,17,0.09768486,628,3,53,106.6666667,3,Streaming_Media,ISCX_VPN_2016
0.015479527,592.75,6,0.294111013,11855,20,443,92.8,3,Streaming_Media,ISCX_VPN_2016
1.286542143,224,17,9.005795002,1792,8,138,128,3,Streaming_Media,ISCX_VPN_2016
0.016207933,224.3333333,17,0.032415867,673,3,53,106.6666667,3,Streaming_Media,ISCX_VPN_2016
0.091434757,586.6923077,6,1.097217083,7627,13,80,93.53846154,3,Streaming_Media,ISCX_VPN_2016
0.009559643,131.1423615,17,85.40585399,1171757,8935,40836,95.5740347,3,Streaming_Media,ISCX_VPN_2016
0.007691789,81,6,0.076917887,891,11,443,52,3,Streaming_Media,ISCX_VPN_2016
0.006384015,84.33333333,6,0.051072121,759,9,443,59,3,Streaming_Media,ISCX_VPN_2016
0.456574731,92,17,83.09660101,16836,183,137,128,3,Streaming_Media,ISCX_VPN_2016
0.411166906,64,17,0.411166906,128,2,5355,1,3,Streaming_Media,ISCX_VPN_2016
0.410776138,64,17,0.410776138,128,2,5355,1,3,Streaming_Media,ISCX_VPN_2016
0.57223461,92,17,80.68508005,13064,142,137,128,3,Streaming_Media,ISCX_VPN_2016
0.410635948,64,17,0.410635948,128,2,5355,1,3,Streaming_Media,ISCX_VPN_2016
0.410089016,64,17,0.410089016,128,2,5355,1,3,Streaming_Media,ISCX_VPN_2016
0.272626164,92,17,85.05936313,28796,313,137,128,3,Streaming_Media,ISCX_VPN_2016
0.411705971,64,17,0.411705971,128,2,5355,1,3,Streaming_Media,ISCX_VPN_2016
0.411386013,64,17,0.411386013,128,2,5355,1,3,Streaming_Media,ISCX_VPN_2016
0.478324916,126,17,84.66351008,22428,178,40836,95.5,3,Streaming_Media,ISCX_VPN_2016
0.003204763,81.44444444,6,0.025638103,733,9,443,58.66666667,3,Streaming_Media,ISCX_VPN_2016
0.770449419,92,17,84.74943614,10212,111,137,128,3,Streaming_Media,ISCX_VPN_2016
1.842317089,92,17,84.74658608,4324,47,137,128,3,Streaming_Media,ISCX_VPN_2016
0.374831337,92,17,84.71188211,20884,227,137,128,3,Streaming_Media,ISCX_VPN_2016
1.001571644,92,17,84.13201809,7820,85,137,128,3,Streaming_Media,ISCX_VPN_2016
0.411458015,64,17,0.411458015,128,2,5355,1,3,Streaming_Media,ISCX_VPN_2016
0.411039114,64,17,0.411039114,128,2,5355,1,3,Streaming_Media,ISCX_VPN_2016
20.82570028,215,17,62.47710085,860,4,1900,128,3,Streaming_Media,ISCX_VPN_2016
4.185641832,66,6,75.34155297,1254,19,80,59.73684211,3,Streaming_Media,ISCX_VPN_2016
0.006101873,82.5,6,0.054916859,825,10,443,58.6,3,Streaming_Media,ISCX_VPN_2016
0.00617565,82.5,6,0.055580854,825,10,443,58.6,3,Streaming_Media,ISCX_VPN_2016
0.009571155,90.42857143,6,0.057426929,633,7,443,58.85714286,3,Streaming_Media,ISCX_VPN_2016
0.006055779,82.5,6,0.05450201,825,10,443,58.6,3,Streaming_Media,ISCX_VPN_2016
0.005635685,82.5,6,0.050721169,825,10,443,58.6,3,Streaming_Media,ISCX_VPN_2016
0.416064024,64,17,0.416064024,128,2,5355,1,3,Streaming_Media,ISCX_VPN_2016
0.415927172,64,17,0.415927172,128,2,5355,1,3,Streaming_Media,ISCX_VPN_2016
0.415614843,64,17,0.415614843,128,2,5355,1,3,Streaming_Media,ISCX_VPN_2016
0.41562891,64,17,0.41562891,128,2,5355,1,3,Streaming_Media,ISCX_VPN_2016
4.522116952,66,6,81.39810514,1254,19,80,58.31578947,3,Streaming_Media,ISCX_VPN_2016
4.173198051,66,6,75.11756492,1254,19,80,59.73684211,3,Streaming_Media,ISCX_VPN_2016
4.729769931,66,6,80.40608883,1188,18,80,58,3,Streaming_Media,ISCX_VPN_2016
4.72976153,66,6,80.40594602,1188,18,80,58,3,Streaming_Media,ISCX_VPN_2016
2.844788338,92,17,82.49886179,2760,30,137,128,3,Streaming_Media,ISCX_VPN_2016
0.42091608,64,17,0.42091608,128,2,5355,1,3,Streaming_Media,ISCX_VPN_2016
0.420562029,64,17,0.420562029,128,2,5355,1,3,Streaming_Media,ISCX_VPN_2016
4.999888629,63,17,79.99821806,1071,17,32412,128,3,Streaming_Media,ISCX_VPN_2016
4.99989213,63,17,79.99827409,1071,17,32414,128,3,Streaming_Media,ISCX_VPN_2016
30.06472754,168,17,60.12945509,504,3,17500,64,3,Streaming_Media,ISCX_VPN_2016
30.06470299,168,17,60.12940598,504,3,17500,64,3,Streaming_Media,ISCX_VPN_2016
3.678577852,92,17,73.57155704,1932,21,137,128,3,Streaming_Media,ISCX_VPN_2016
0.418357134,64,17,0.418357134,128,2,5355,1,3,Streaming_Media,ISCX_VPN_2016
0.417968035,64,17,0.417968035,128,2,5355,1,3,Streaming_Media,ISCX_VPN_2016
0.410912991,64,17,0.410912991,128,2,5355,1,3,Streaming_Media,ISCX_VPN_2016
0.410532951,64,17,0.410532951,128,2,5355,1,3,Streaming_Media,ISCX_VPN_2016
3.914537498,66,6,54.80352497,990,15,80,59.8,3,Streaming_Media,ISCX_VPN_2016
4.729768473,66,6,80.40606403,1188,18,80,58,3,Streaming_Media,ISCX_VPN_2016
4.729742934,66,6,80.40562987,1188,18,80,58,3,Streaming_Media,ISCX_VPN_2016
0.421252966,64,17,0.421252966,128,2,5355,1,3,Streaming_Media,ISCX_VPN_2016
0.421200991,64,17,0.421200991,128,2,5355,1,3,Streaming_Media,ISCX_VPN_2016
0.000305891,129.5,17,0.000305891,259,2,53,63.5,3,Streaming_Media,ISCX_VPN_2016
0.815803893,452.6842105,6,76.68556595,43005,95,443,69.43157895,3,Streaming_Media,ISCX_VPN_2016
4.757289241,66,6,80.8739171,1188,18,80,56,3,Streaming_Media,ISCX_VPN_2016
0.420835972,64,17,0.420835972,128,2,5355,1,3,Streaming_Media,ISCX_VPN_2016
0.420624971,64,17,0.420624971,128,2,5355,1,3,Streaming_Media,ISCX_VPN_2016
0.41240406,64,17,0.41240406,128,2,5355,1,3,Streaming_Media,ISCX_VPN_2016
0.412158012,64,17,0.412158012,128,2,5355,1,3,Streaming_Media,ISCX_VPN_2016
0.431925774,64,17,0.431925774,128,2,5355,1,3,Streaming_Media,ISCX_VPN_2016
0.431666136,64,17,0.431666136,128,2,5355,1,3,Streaming_Media,ISCX_VPN_2016
0.411292791,64,17,0.411292791,128,2,5355,1,3,Streaming_Media,ISCX_VPN_2016
0.410844088,64,17,0.410844088,128,2,5355,1,3,Streaming_Media,ISCX_VPN_2016
0.420935869,64,17,0.420935869,128,2,5355,1,3,Streaming_Media,ISCX_VPN_2016
0.420497894,64,17,0.420497894,128,2,5355,1,3,Streaming_Media,ISCX_VPN_2016
30.07688451,261,17,60.15376902,783,3,17500,64,3,Streaming_Media,ISCX_VPN_2016
30.07702804,261,17,60.15405607,783,3,17500,64,3,Streaming_Media,ISCX_VPN_2016
0.410749197,64,17,0.410749197,128,2,5355,1,3,Streaming_Media,ISCX_VPN_2016
0.410527945,64,17,0.410527945,128,2,5355,1,3,Streaming_Media,ISCX_VPN_2016
0.41128087,64,17,0.41128087,128,2,5355,1,3,Streaming_Media,ISCX_VPN_2016
0.411051989,64,17,0.411051989,128,2,5355,1,3,Streaming_Media,ISCX_VPN_2016
0.420866966,64,17,0.420866966,128,2,5355,1,3,Streaming_Media,ISCX_VPN_2016
0.420556068,64,17,0.420556068,128,2,5355,1,3,Streaming_Media,ISCX_VPN_2016
9.679634869,159.1111111,17,77.43707895,1432,9,5353,255,3,Streaming_Media,ISCX_VPN_2016
48.29318786,247,17,48.29318786,494,2,5353,1,3,Streaming_Media,ISCX_VPN_2016
48.28045607,247,17,48.28045607,494,2,5353,1,3,Streaming_Media,ISCX_VPN_2016
4.72977641,66,6,80.40619898,1188,18,80,58,3,Streaming_Media,ISCX_VPN_2016
0.410646915,64,17,0.410646915,128,2,5355,1,3,Streaming_Media,ISCX_VPN_2016
0.410390139,64,17,0.410390139,128,2,5355,1,3,Streaming_Media,ISCX_VPN_2016
0.000420094,129.5,17,0.000420094,259,2,53,63.5,3,Streaming_Media,ISCX_VPN_2016
0.411314011,64,17,0.411314011,128,2,5355,1,3,Streaming_Media,ISCX_VPN_2016
0.411199808,64,17,0.411199808,128,2,5355,1,3,Streaming_Media,ISCX_VPN_2016
2.826960811,92,17,73.50098109,2484,27,137,128,3,Streaming_Media,ISCX_VPN_2016
0.411751032,64,17,0.411751032,128,2,5355,1,3,Streaming_Media,ISCX_VPN_2016
0.411257029,64,17,0.411257029,128,2,5355,1,3,Streaming_Media,ISCX_VPN_2016
0.442904949,64,17,0.442904949,128,2,5355,1,3,Streaming_Media,ISCX_VPN_2016
0.442585945,64,17,0.442585945,128,2,5355,1,3,Streaming_Media,ISCX_VPN_2016
0.411792994,64,17,0.411792994,128,2,5355,1,3,Streaming_Media,ISCX_VPN_2016
0.411621094,64,17,0.411621094,128,2,5355,1,3,Streaming_Media,ISCX_VPN_2016
0.000396967,129.5,17,0.000396967,259,2,53,63.5,3,Streaming_Media,ISCX_VPN_2016
0.000379086,129.5,17,0.000379086,259,2,53,63.5,3,Streaming_Media,ISCX_VPN_2016
0.420898914,64,17,0.420898914,128,2,5355,1,3,Streaming_Media,ISCX_VPN_2016
0.420348883,64,17,0.420348883,128,2,5355,1,3,Streaming_Media,ISCX_VPN_2016
14.63552332,64,17,43.90656996,256,4,5355,1,3,Streaming_Media,ISCX_VPN_2016
0.413399935,64,17,0.413399935,128,2,5355,1,3,Streaming_Media,ISCX_VPN_2016
0.414173841,64,17,0.414173841,128,2,5355,1,3,Streaming_Media,ISCX_VPN_2016
0.413717031,64,17,0.413717031,128,2,5355,1,3,Streaming_Media,ISCX_VPN_2016
0.409675121,64,17,0.409675121,128,2,5355,1,3,Streaming_Media,ISCX_VPN_2016
0.409589052,64,17,0.409589052,128,2,5355,1,3,Streaming_Media,ISCX_VPN_2016
0.420727015,64,17,0.420727015,128,2,5355,1,3,Streaming_Media,ISCX_VPN_2016
0.42051816,64,17,0.42051816,128,2,5355,1,3,Streaming_Media,ISCX_VPN_2016
0.414083958,64,17,0.414083958,128,2,5355,1,3,Streaming_Media,ISCX_VPN_2016
0.413618803,64,17,0.413618803,128,2,5355,1,3,Streaming_Media,ISCX_VPN_2016
10.91212869,64,17,32.73638606,256,4,5355,1,3,Streaming_Media,ISCX_VPN_2016
0.411260128,64,17,0.411260128,128,2,5355,1,3,Streaming_Media,ISCX_VPN_2016
0.420210123,64,17,0.420210123,128,2,5355,1,3,Streaming_Media,ISCX_VPN_2016
0.419888973,64,17,0.419888973,128,2,5355,1,3,Streaming_Media,ISCX_VPN_2016
0.420822144,64,17,0.420822144,128,2,5355,1,3,Streaming_Media,ISCX_VPN_2016
0.420440912,64,17,0.420440912,128,2,5355,1,3,Streaming_Media,ISCX_VPN_2016
0.419829845,64,17,0.419829845,128,2,5355,1,3,Streaming_Media,ISCX_VPN_2016
0.419916868,64,17,0.419916868,128,2,5355,1,3,Streaming_Media,ISCX_VPN_2016
0.419472933,64,17,0.419472933,128,2,5355,1,3,Streaming_Media,ISCX_VPN_2016
0.419440031,64,17,0.419440031,128,2,5355,1,3,Streaming_Media,ISCX_VPN_2016
0.419183016,64,17,0.419183016,128,2,5355,1,3,Streaming_Media,ISCX_VPN_2016
0.419234991,64,17,0.419234991,128,2,5355,1,3,Streaming_Media,ISCX_VPN_2016
0.419081926,64,17,0.419081926,128,2,5355,1,3,Streaming_Media,ISCX_VPN_2016
0.418883085,64,17,0.418883085,128,2,5355,1,3,Streaming_Media,ISCX_VPN_2016
0.418488026,64,17,0.418488026,128,2,5355,1,3,Streaming_Media,ISCX_VPN_2016
0.418181896,64,17,0.418181896,128,2,5355,1,3,Streaming_Media,ISCX_VPN_2016
0.418086052,64,17,0.418086052,128,2,5355,1,3,Streaming_Media,ISCX_VPN_2016
0.417939901,64,17,0.417939901,128,2,5355,1,3,Streaming_Media,ISCX_VPN_2016
0.411543846,64,17,0.411543846,128,2,5355,1,3,Streaming_Media,ISCX_VPN_2016
0.412521124,64,17,0.412521124,128,2,5355,1,3,Streaming_Media,ISCX_VPN_2016
0.419202805,64,17,0.419202805,128,2,5355,1,3,Streaming_Media,ISCX_VPN_2016
0.41897893,64,17,0.41897893,128,2,5355,1,3,Streaming_Media,ISCX_VPN_2016
0.411306858,64,17,0.411306858,128,2,5355,1,3,Streaming_Media,ISCX_VPN_2016
0.411017895,64,17,0.411017895,128,2,5355,1,3,Streaming_Media,ISCX_VPN_2016
0.411802053,64,17,0.411802053,128,2,5355,1,3,Streaming_Media,ISCX_VPN_2016
0.411477089,64,17,0.411477089,128,2,5355,1,3,Streaming_Media,ISCX_VPN_2016
0.420860052,64,17,0.420860052,128,2,5355,1,3,Streaming_Media,ISCX_VPN_2016
0.420551062,64,17,0.420551062,128,2,5355,1,3,Streaming_Media,ISCX_VPN_2016
3.936467869,66,6,55.11055017,990,15,80,57.93333333,3,Streaming_Media,ISCX_VPN_2016
3.936467784,66,6,55.11054897,990,15,80,57.93333333,3,Streaming_Media,ISCX_VPN_2016
3.936803,66,6,55.115242,990,15,80,57.93333333,3,Streaming_Media,ISCX_VPN_2016
3.936776706,66,6,55.11487389,990,15,80,57.93333333,3,Streaming_Media,ISCX_VPN_2016
3.936458996,66,6,55.11042595,990,15,80,57.93333333,3,Streaming_Media,ISCX_VPN_2016
0.415993929,64,17,0.415993929,128,2,5355,1,3,Streaming_Media,ISCX_VPN_2016
0.415518999,64,17,0.415518999,128,2,5355,1,3,Streaming_Media,ISCX_VPN_2016
0.420846939,64,17,0.420846939,128,2,5355,1,3,Streaming_Media,ISCX_VPN_2016
0.420868158,64,17,0.420868158,128,2,5355,1,3,Streaming_Media,ISCX_VPN_2016
0.419725895,64,17,0.419725895,128,2,5355,1,3,Streaming_Media,ISCX_VPN_2016
0.418693066,64,17,0.418693066,128,2,5355,1,3,Streaming_Media,ISCX_VPN_2016
0.421334028,64,17,0.421334028,128,2,5355,1,3,Streaming_Media,ISCX_VPN_2016
0.421022892,64,17,0.421022892,128,2,5355,1,3,Streaming_Media,ISCX_VPN_2016
0.41279912,64,17,0.41279912,128,2,5355,1,3,Streaming_Media,ISCX_VPN_2016
0.412239075,64,17,0.412239075,128,2,5355,1,3,Streaming_Media,ISCX_VPN_2016
0.412915945,64,17,0.412915945,128,2,5355,1,3,Streaming_Media,ISCX_VPN_2016
0.412691832,64,17,0.412691832,128,2,5355,1,3,Streaming_Media,ISCX_VPN_2016
0.449067116,64,17,0.449067116,128,2,5355,1,3,Streaming_Media,ISCX_VPN_2016
0.448579073,64,17,0.448579073,128,2,5355,1,3,Streaming_Media,ISCX_VPN_2016
0.412490129,64,17,0.412490129,128,2,5355,1,3,Streaming_Media,ISCX_VPN_2016
0.412194967,64,17,0.412194967,128,2,5355,1,3,Streaming_Media,ISCX_VPN_2016
4.690513595,66,6,70.35770392,1056,16,443,58,3,Streaming_Media,ISCX_VPN_2016
4.203455607,66,6,75.66220093,1254,19,80,59.73684211,3,Streaming_Media,ISCX_VPN_2016
0.409948111,64,17,0.409948111,128,2,5355,1,3,Streaming_Media,ISCX_VPN_2016
0.409631968,64,17,0.409631968,128,2,5355,1,3,Streaming_Media,ISCX_VPN_2016
0.413030863,64,17,0.413030863,128,2,5355,1,3,Streaming_Media,ISCX_VPN_2016
0.412624836,64,17,0.412624836,128,2,5355,1,3,Streaming_Media,ISCX_VPN_2016
3.957907125,81.76470588,6,63.32651401,1390,17,443,68.94117647,3,Streaming_Media,ISCX_VPN_2016
18.08274929,215,17,54.24824786,860,4,1900,4,3,Streaming_Media,ISCX_VPN_2016
0.447833061,64,17,0.447833061,128,2,5355,1,3,Streaming_Media,ISCX_VPN_2016
0.44741416,64,17,0.44741416,128,2,5355,1,3,Streaming_Media,ISCX_VPN_2016
0.416383982,64,17,0.416383982,128,2,5355,1,3,Streaming_Media,ISCX_VPN_2016
0.416159868,64,17,0.416159868,128,2,5355,1,3,Streaming_Media,ISCX_VPN_2016
30.14705944,145,17,60.29411888,435,3,17500,128,3,Streaming_Media,ISCX_VPN_2016
30.14703298,145,17,60.29406595,435,3,17500,128,3,Streaming_Media,ISCX_VPN_2016
0.410828829,64,17,0.410828829,128,2,5355,1,3,Streaming_Media,ISCX_VPN_2016
0.410301924,64,17,0.410301924,128,2,5355,1,3,Streaming_Media,ISCX_VPN_2016
0.411052942,64,17,0.411052942,128,2,5355,1,3,Streaming_Media,ISCX_VPN_2016
0.410778999,64,17,0.410778999,128,2,5355,1,3,Streaming_Media,ISCX_VPN_2016
2.563921005,66,6,20.51136804,594,9,80,46.77777778,3,Streaming_Media,ISCX_VPN_2016
2.563922495,66,6,20.51137996,594,9,80,46.77777778,3,Streaming_Media,ISCX_VPN_2016
0.4208529,64,17,0.4208529,128,2,5355,1,3,Streaming_Media,ISCX_VPN_2016
0.420520067,64,17,0.420520067,128,2,5355,1,3,Streaming_Media,ISCX_VPN_2016
0.41176796,64,17,0.41176796,128,2,5355,1,3,Streaming_Media,ISCX_VPN_2016
0.411428928,64,17,0.411428928,128,2,5355,1,3,Streaming_Media,ISCX_VPN_2016
0.436339855,64,17,0.436339855,128,2,5355,1,3,Streaming_Media,ISCX_VPN_2016
0.43601203,64,17,0.43601203,128,2,5355,1,3,Streaming_Media,ISCX_VPN_2016
30.066311,157,17,60.132622,471,3,17500,128,3,Streaming_Media,ISCX_VPN_2016
30.06629348,157,17,60.13258696,471,3,17500,128,3,Streaming_Media,ISCX_VPN_2016
0.411710024,64,17,0.411710024,128,2,5355,1,3,Streaming_Media,ISCX_VPN_2016
0.411231041,64,17,0.411231041,128,2,5355,1,3,Streaming_Media,ISCX_VPN_2016
0.411202908,64,17,0.411202908,128,2,5355,1,3,Streaming_Media,ISCX_VPN_2016
0.410678864,64,17,0.410678864,128,2,5355,1,3,Streaming_Media,ISCX_VPN_2016
0.412219048,64,17,0.412219048,128,2,5355,1,3,Streaming_Media,ISCX_VPN_2016
0.411922932,64,17,0.411922932,128,2,5355,1,3,Streaming_Media,ISCX_VPN_2016
0.41365695,64,17,0.41365695,128,2,5355,1,3,Streaming_Media,ISCX_VPN_2016
0.413327932,64,17,0.413327932,128,2,5355,1,3,Streaming_Media,ISCX_VPN_2016
0.420816898,64,17,0.420816898,128,2,5355,1,3,Streaming_Media,ISCX_VPN_2016
0.420576096,64,17,0.420576096,128,2,5355,1,3,Streaming_Media,ISCX_VPN_2016
19.99525571,90,17,59.98576713,360,4,123,254,3,Streaming_Media,ISCX_VPN_2016
0.412337065,64,17,0.412337065,128,2,5355,1,3,Streaming_Media,ISCX_VPN_2016
0.411900043,64,17,0.411900043,128,2,5355,1,3,Streaming_Media,ISCX_VPN_2016
0.236638941,521.1666667,17,8.282362938,18762,36,1900,1,3,Streaming_Media,ISCX_VPN_2016
0.413668156,64,17,0.413668156,128,2,5355,1,3,Streaming_Media,ISCX_VPN_2016
0.413581133,64,17,0.413581133,128,2,5355,1,3,Streaming_Media,ISCX_VPN_2016
0.411648989,64,17,0.411648989,128,2,5355,1,3,Streaming_Media,ISCX_VPN_2016
0.411131144,64,17,0.411131144,128,2,5355,1,3,Streaming_Media,ISCX_VPN_2016
1.497812796,92,17,7.489063978,552,6,137,128,3,Streaming_Media,ISCX_VPN_2016
0.419859886,64,17,0.419859886,128,2,5355,1,3,Streaming_Media,ISCX_VPN_2016
0.419719934,64,17,0.419719934,128,2,5355,1,3,Streaming_Media,ISCX_VPN_2016
15.01015675,90,17,60.040627,450,5,123,254,3,Streaming_Media,ISCX_VPN_2016
8.550305754,92,17,68.40244603,828,9,137,128,3,Streaming_Media,ISCX_VPN_2016
0.411120892,64,17,0.411120892,128,2,5355,1,3,Streaming_Media,ISCX_VPN_2016
0.410780907,64,17,0.410780907,128,2,5355,1,3,Streaming_Media,ISCX_VPN_2016
0.417479992,64,17,0.417479992,128,2,5355,1,3,Streaming_Media,ISCX_VPN_2016
0.417057991,64,17,0.417057991,128,2,5355,1,3,Streaming_Media,ISCX_VPN_2016
0.411178827,64,17,0.411178827,128,2,5355,1,3,Streaming_Media,ISCX_VPN_2016
0.410881996,64,17,0.410881996,128,2,5355,1,3,Streaming_Media,ISCX_VPN_2016
0.420625925,64,17,0.420625925,128,2,5355,1,3,Streaming_Media,ISCX_VPN_2016
0.42021513,64,17,0.42021513,128,2,5355,1,3,Streaming_Media,ISCX_VPN_2016
0.412102938,64,17,0.412102938,128,2,5355,1,3,Streaming_Media,ISCX_VPN_2016
0.411576986,64,17,0.411576986,128,2,5355,1,3,Streaming_Media,ISCX_VPN_2016
0.420881033,64,17,0.420881033,128,2,5355,1,3,Streaming_Media,ISCX_VPN_2016
0.420679092,64,17,0.420679092,128,2,5355,1,3,Streaming_Media,ISCX_VPN_2016
0.411890984,64,17,0.411890984,128,2,5355,1,3,Streaming_Media,ISCX_VPN_2016
0.411534071,64,17,0.411534071,128,2,5355,1,3,Streaming_Media,ISCX_VPN_2016
12.06113,165,17,60.30565,990,6,17500,128,3,Streaming_Media,ISCX_VPN_2016
30.15184546,165,17,60.30369091,495,3,17500,128,3,Streaming_Media,ISCX_VPN_2016
30.09843194,146,17,60.19686389,438,3,17500,128,3,Streaming_Media,ISCX_VPN_2016
30.09851742,146,17,60.19703484,438,3,17500,128,3,Streaming_Media,ISCX_VPN_2016
30.09878993,168,17,60.19757986,504,3,17500,64,3,Streaming_Media,ISCX_VPN_2016
30.098786,168,17,60.19757199,504,3,17500,64,3,Streaming_Media,ISCX_VPN_2016
30.14065099,145,17,60.28130198,435,3,17500,128,3,Streaming_Media,ISCX_VPN_2016
30.14065695,145,17,60.2813139,435,3,17500,128,3,Streaming_Media,ISCX_VPN_2016
0.411835909,64,17,0.411835909,128,2,5355,1,3,Streaming_Media,ISCX_VPN_2016
0.411359072,64,17,0.411359072,128,2,5355,1,3,Streaming_Media,ISCX_VPN_2016
0.411152124,64,17,0.411152124,128,2,5355,1,3,Streaming_Media,ISCX_VPN_2016
0.410663128,64,17,0.410663128,128,2,5355,1,3,Streaming_Media,ISCX_VPN_2016
0.42088604,64,17,0.42088604,128,2,5355,1,3,Streaming_Media,ISCX_VPN_2016
9.584379991,64,17,28.75313997,256,4,5355,1,3,Streaming_Media,ISCX_VPN_2016
0.41168189,64,17,0.41168189,128,2,5355,1,3,Streaming_Media,ISCX_VPN_2016
0.411371946,64,17,0.411371946,128,2,5355,1,3,Streaming_Media,ISCX_VPN_2016
0.420953035,64,17,0.420953035,128,2,5355,1,3,Streaming_Media,ISCX_VPN_2016
0.420586824,64,17,0.420586824,128,2,5355,1,3,Streaming_Media,ISCX_VPN_2016
0.420865059,64,17,0.420865059,128,2,5355,1,3,Streaming_Media,ISCX_VPN_2016
0.420460939,64,17,0.420460939,128,2,5355,1,3,Streaming_Media,ISCX_VPN_2016
0.412255049,64,17,0.412255049,128,2,5355,1,3,Streaming_Media,ISCX_VPN_2016
0.411990881,64,17,0.411990881,128,2,5355,1,3,Streaming_Media,ISCX_VPN_2016
0.412304163,64,17,0.412304163,128,2,5355,1,3,Streaming_Media,ISCX_VPN_2016
0.411780119,64,17,0.411780119,128,2,5355,1,3,Streaming_Media,ISCX_VPN_2016
0.411815166,64,17,0.411815166,128,2,5355,1,3,Streaming_Media,ISCX_VPN_2016
0.411525965,64,17,0.411525965,128,2,5355,1,3,Streaming_Media,ISCX_VPN_2016
0.411293983,64,17,0.411293983,128,2,5355,1,3,Streaming_Media,ISCX_VPN_2016
0.411114931,64,17,0.411114931,128,2,5355,1,3,Streaming_Media,ISCX_VPN_2016
0.415437937,64,17,0.415437937,128,2,5355,1,3,Streaming_Media,ISCX_VPN_2016
0.414861917,64,17,0.414861917,128,2,5355,1,3,Streaming_Media,ISCX_VPN_2016
0.452194929,64,17,0.452194929,128,2,5355,1,3,Streaming_Media,ISCX_VPN_2016
0.451751947,64,17,0.451751947,128,2,5355,1,3,Streaming_Media,ISCX_VPN_2016
0.421174049,64,17,0.421174049,128,2,5355,1,3,Streaming_Media,ISCX_VPN_2016
0.421107054,64,17,0.421107054,128,2,5355,1,3,Streaming_Media,ISCX_VPN_2016
0.420880079,64,17,0.420880079,128,2,5355,1,3,Streaming_Media,ISCX_VPN_2016
0.42058897,64,17,0.42058897,128,2,5355,1,3,Streaming_Media,ISCX_VPN_2016
0.420597076,64,17,0.420597076,128,2,5355,1,3,Streaming_Media,ISCX_VPN_2016
0.420284986,64,17,0.420284986,128,2,5355,1,3,Streaming_Media,ISCX_VPN_2016
0.421143055,64,17,0.421143055,128,2,5355,1,3,Streaming_Media,ISCX_VPN_2016
0.420948029,64,17,0.420948029,128,2,5355,1,3,Streaming_Media,ISCX_VPN_2016
0.420762062,64,17,0.420762062,128,2,5355,1,3,Streaming_Media,ISCX_VPN_2016
0.420403004,64,17,0.420403004,128,2,5355,1,3,Streaming_Media,ISCX_VPN_2016
0.420909882,64,17,0.420909882,128,2,5355,1,3,Streaming_Media,ISCX_VPN_2016
0.420608997,64,17,0.420608997,128,2,5355,1,3,Streaming_Media,ISCX_VPN_2016
12.05332756,146,17,60.2666378,876,6,17500,128,3,Streaming_Media,ISCX_VPN_2016
30.13264251,146,17,60.26528502,438,3,17500,128,3,Streaming_Media,ISCX_VPN_2016
0.410497904,64,17,0.410497904,128,2,5355,1,3,Streaming_Media,ISCX_VPN_2016
0.410119057,64,17,0.410119057,128,2,5355,1,3,Streaming_Media,ISCX_VPN_2016
0.410269022,64,17,0.410269022,128,2,5355,1,3,Streaming_Media,ISCX_VPN_2016
0.410037041,64,17,0.410037041,128,2,5355,1,3,Streaming_Media,ISCX_VPN_2016
0.411737919,64,17,0.411737919,128,2,5355,1,3,Streaming_Media,ISCX_VPN_2016
0.411534786,64,17,0.411534786,128,2,5355,1,3,Streaming_Media,ISCX_VPN_2016
0.424247026,64,17,0.424247026,128,2,5355,1,3,Streaming_Media,ISCX_VPN_2016
0.423778772,64,17,0.423778772,128,2,5355,1,3,Streaming_Media,ISCX_VPN_2016
0.423912048,64,17,0.423912048,128,2,5355,1,3,Streaming_Media,ISCX_VPN_2016
0.423488855,64,17,0.423488855,128,2,5355,1,3,Streaming_Media,ISCX_VPN_2016
0.412523031,64,17,0.412523031,128,2,5355,1,3,Streaming_Media,ISCX_VPN_2016
0.411971092,64,17,0.411971092,128,2,5355,1,3,Streaming_Media,ISCX_VPN_2016
0.411113977,64,17,0.411113977,128,2,5355,1,3,Streaming_Media,ISCX_VPN_2016
0.410789967,64,17,0.410789967,128,2,5355,1,3,Streaming_Media,ISCX_VPN_2016
0.420888901,64,17,0.420888901,128,2,5355,1,3,Streaming_Media,ISCX_VPN_2016
0.42059803,64,17,0.42059803,128,2,5355,1,3,Streaming_Media,ISCX_VPN_2016
0.420897007,64,17,0.420897007,128,2,5355,1,3,Streaming_Media,ISCX_VPN_2016
0.420519114,64,17,0.420519114,128,2,5355,1,3,Streaming_Media,ISCX_VPN_2016
4.871318519,227.5555556,17,38.97054815,2048,9,138,127,3,Streaming_Media,ISCX_VPN_2016
1.729096784,93.8,17,15.56187105,938,10,137,127,3,Streaming_Media,ISCX_VPN_2016
0.419429064,64,17,0.419429064,128,2,5355,1,3,Streaming_Media,ISCX_VPN_2016
0.419203997,64,17,0.419203997,128,2,5355,1,3,Streaming_Media,ISCX_VPN_2016
0.41256094,64,17,0.41256094,128,2,5355,1,3,Streaming_Media,ISCX_VPN_2016
0.412045002,64,17,0.412045002,128,2,5355,1,3,Streaming_Media,ISCX_VPN_2016
0.742734075,92,17,1.485468149,276,3,137,128,3,Streaming_Media,ISCX_VPN_2016
0.407146931,64,17,0.407146931,128,2,5355,1,3,Streaming_Media,ISCX_VPN_2016
0.406933784,64,17,0.406933784,128,2,5355,1,3,Streaming_Media,ISCX_VPN_2016
0.423410177,64,17,0.423410177,128,2,5355,1,3,Streaming_Media,ISCX_VPN_2016
0.423165083,64,17,0.423165083,128,2,5355,1,3,Streaming_Media,ISCX_VPN_2016
0.421139002,64,17,0.421139002,128,2,5355,1,3,Streaming_Media,ISCX_VPN_2016
0.420960188,64,17,0.420960188,128,2,5355,1,3,Streaming_Media,ISCX_VPN_2016
0.410672188,64,17,0.410672188,128,2,5355,1,3,Streaming_Media,ISCX_VPN_2016
0.410392046,64,17,0.410392046,128,2,5355,1,3,Streaming_Media,ISCX_VPN_2016
0.413980961,64,17,0.413980961,128,2,5355,1,3,Streaming_Media,ISCX_VPN_2016
0.413580894,64,17,0.413580894,128,2,5355,1,3,Streaming_Media,ISCX_VPN_2016
30.08685613,168,17,30.08685613,336,2,17500,64,3,Streaming_Media,ISCX_VPN_2016
30.08687901,168,17,30.08687901,336,2,17500,64,3,Streaming_Media,ISCX_VPN_2016
0.411625147,64,17,0.411625147,128,2,5355,1,3,Streaming_Media,ISCX_VPN_2016
0.411172867,64,17,0.411172867,128,2,5355,1,3,Streaming_Media,ISCX_VPN_2016
0.420958996,64,17,0.420958996,128,2,5355,1,3,Streaming_Media,ISCX_VPN_2016
0.420497894,64,17,0.420497894,128,2,5355,1,3,Streaming_Media,ISCX_VPN_2016
0.411108017,64,17,0.411108017,128,2,5355,1,3,Streaming_Media,ISCX_VPN_2016
0.410872936,64,17,0.410872936,128,2,5355,1,3,Streaming_Media,ISCX_VPN_2016
0.41070199,64,17,0.41070199,128,2,5355,1,3,Streaming_Media,ISCX_VPN_2016
0.410391092,64,17,0.410391092,128,2,5355,1,3,Streaming_Media,ISCX_VPN_2016
0.414039135,64,17,0.414039135,128,2,5355,1,3,Streaming_Media,ISCX_VPN_2016
0.414045095,64,17,0.414045095,128,2,5355,1,3,Streaming_Media,ISCX_VPN_2016
0.413192034,64,17,0.413192034,128,2,5355,1,3,Streaming_Media,ISCX_VPN_2016
1.018954556,138.8689176,6,1025.068283,139841,1007,443,85.26514399,4,VPN_Tunnel,ISCX_VPN_2016
50.53339905,114.15,6,960.134582,2283,20,443,86.05,4,VPN_Tunnel,ISCX_VPN_2016
14.43837099,70.34782609,6,981.809227,4854,69,40011,54.60869565,4,VPN_Tunnel,ISCX_VPN_2016
0.145230055,286,17,0.145230055,572,2,40002,58,4,VPN_Tunnel,ISCX_VPN_2016
201.6949553,106,17,605.0848658,424,4,40027,57,4,VPN_Tunnel,ISCX_VPN_2016
108.1085248,55.33333333,6,540.542624,332,6,12350,57.33333333,4,VPN_Tunnel,ISCX_VPN_2016
0.146291971,250.5,17,0.146291971,501,2,53,64,4,VPN_Tunnel,ISCX_VPN_2016
0.146178007,250.5,17,0.146178007,501,2,53,64,4,VPN_Tunnel,ISCX_VPN_2016
0.14605999,109,17,0.14605999,218,2,53,64,4,VPN_Tunnel,ISCX_VPN_2016
0.050596939,276.1052632,6,0.910744905,5246,19,443,85.05263158,4,VPN_Tunnel,ISCX_VPN_2016
103.0807222,40,6,618.484333,280,7,443,88.57142857,4,VPN_Tunnel,ISCX_VPN_2016
120.0814226,40,6,600.4071131,240,6,443,85.5,4,VPN_Tunnel,ISCX_VPN_2016
0.380598068,55,17,0.380598068,110,2,40029,57.5,4,VPN_Tunnel,ISCX_VPN_2016
0.221576929,267,17,0.221576929,534,2,40033,56,4,VPN_Tunnel,ISCX_VPN_2016
0.140838861,58.5,17,0.140838861,117,2,40029,58,4,VPN_Tunnel,ISCX_VPN_2016
201.368531,108,17,604.105593,432,4,40019,54,4,VPN_Tunnel,ISCX_VPN_2016
0.226588964,480.5,17,0.226588964,961,2,40005,56,4,VPN_Tunnel,ISCX_VPN_2016
0.384534121,480.5,17,0.384534121,961,2,40033,57,4,VPN_Tunnel,ISCX_VPN_2016
0.279021978,480.5,17,0.279021978,961,2,40005,54.5,4,VPN_Tunnel,ISCX_VPN_2016
0.224766016,55,17,0.224766016,110,2,40008,56,4,VPN_Tunnel,ISCX_VPN_2016
0.276273012,58.5,17,0.276273012,117,2,40029,53,4,VPN_Tunnel,ISCX_VPN_2016
0.208449125,55,17,0.208449125,110,2,40028,58,4,VPN_Tunnel,ISCX_VPN_2016
0.926172778,141.1353791,6,1025.273265,156378,1108,443,85.5631769,4,VPN_Tunnel,ISCX_VPN_2016
14.35029349,42.91428571,6,990.1702509,3004,70,443,86,4,VPN_Tunnel,ISCX_VPN_2016
14.77870764,43,6,990.1734121,2924,68,443,86,4,VPN_Tunnel,ISCX_VPN_2016
120.0801626,40,6,600.4008131,240,6,443,86,4,VPN_Tunnel,ISCX_VPN_2016
100.5366356,40,6,603.2198138,280,7,443,88.57142857,4,VPN_Tunnel,ISCX_VPN_2016
0.123361826,250.5,17,0.123361826,501,2,53,64,4,VPN_Tunnel,ISCX_VPN_2016
0.123801947,250.5,17,0.123801947,501,2,53,64,4,VPN_Tunnel,ISCX_VPN_2016
0.93001318,109,17,0.93001318,218,2,53,64,4,VPN_Tunnel,ISCX_VPN_2016
0.051033669,276.1052632,6,0.918606043,5246,19,443,84.63157895,4,VPN_Tunnel,ISCX_VPN_2016
0.238626003,76,17,0.238626003,152,2,123,56,4,VPN_Tunnel,ISCX_VPN_2016
2.67335248,30,17,16.04011488,210,7,57405,64,4,VPN_Tunnel,ISCX_VPN_2016
2.003594001,153.75,17,6.010782003,615,4,1900,1,4,VPN_Tunnel,ISCX_VPN_2016
2.15587306,229.5,17,2.15587306,459,2,53,64,4,VPN_Tunnel,ISCX_VPN_2016
2.156364202,229.5,17,2.156364202,459,2,53,64,4,VPN_Tunnel,ISCX_VPN_2016
1.949044943,227,17,1.949044943,454,2,53,64,4,VPN_Tunnel,ISCX_VPN_2016
1.950913906,94.5,17,1.950913906,189,2,53,64,4,VPN_Tunnel,ISCX_VPN_2016
2.143597841,97,17,2.143597841,194,2,53,64,4,VPN_Tunnel,ISCX_VPN_2016
2.149747133,229.5,17,2.149747133,459,2,53,64,4,VPN_Tunnel,ISCX_VPN_2016
2.149498224,97,17,2.149498224,194,2,53,64,4,VPN_Tunnel,ISCX_VPN_2016
1.95065403,227,17,1.95065403,454,2,53,64,4,VPN_Tunnel,ISCX_VPN_2016
1.95085597,94.5,17,1.95085597,189,2,53,64,4,VPN_Tunnel,ISCX_VPN_2016
1.946146965,227,17,1.946146965,454,2,53,64,4,VPN_Tunnel,ISCX_VPN_2016
1.95047307,227,17,1.95047307,454,2,53,64,4,VPN_Tunnel,ISCX_VPN_2016
1.950675964,94.5,17,1.950675964,189,2,53,64,4,VPN_Tunnel,ISCX_VPN_2016
1.945847034,227,17,1.945847034,454,2,53,64,4,VPN_Tunnel,ISCX_VPN_2016
1.949988842,94.5,17,1.949988842,189,2,53,64,4,VPN_Tunnel,ISCX_VPN_2016
1.950025082,227,17,1.950025082,454,2,53,64,4,VPN_Tunnel,ISCX_VPN_2016
1.949953079,94.5,17,1.949953079,189,2,53,64,4,VPN_Tunnel,ISCX_VPN_2016
1.949875116,215,17,1.949875116,430,2,53,64,4,VPN_Tunnel,ISCX_VPN_2016
1.950111151,82.5,17,1.950111151,165,2,53,64,4,VPN_Tunnel,ISCX_VPN_2016
1.949299812,94.5,17,1.949299812,189,2,53,64,4,VPN_Tunnel,ISCX_VPN_2016
1.949203968,215,17,1.949203968,430,2,53,64,4,VPN_Tunnel,ISCX_VPN_2016
1.949321985,82.5,17,1.949321985,165,2,53,64,4,VPN_Tunnel,ISCX_VPN_2016
1.949122906,215,17,1.949122906,430,2,53,64,4,VPN_Tunnel,ISCX_VPN_2016
1.949157,82.5,17,1.949157,165,2,53,64,4,VPN_Tunnel,ISCX_VPN_2016
1.948693991,215,17,1.948693991,430,2,53,64,4,VPN_Tunnel,ISCX_VPN_2016
1.945250034,227,17,1.945250034,454,2,53,64,4,VPN_Tunnel,ISCX_VPN_2016
1.947646141,94.5,17,1.947646141,189,2,53,64,4,VPN_Tunnel,ISCX_VPN_2016
1.947667122,227,17,1.947667122,454,2,53,64,4,VPN_Tunnel,ISCX_VPN_2016
1.947730064,94.5,17,1.947730064,189,2,53,64,4,VPN_Tunnel,ISCX_VPN_2016
1.94788599,215,17,1.94788599,430,2,53,64,4,VPN_Tunnel,ISCX_VPN_2016
1.947971106,82.5,17,1.947971106,165,2,53,64,4,VPN_Tunnel,ISCX_VPN_2016
1.948413134,82.5,17,1.948413134,165,2,53,64,4,VPN_Tunnel,ISCX_VPN_2016
0.005549016,858.4257246,6,6.120564938,947702,1104,80,53.48278986,4,VPN_Tunnel,ISCX_VPN_2016
0.004479878,779.5841364,6,6.038876057,1051659,1349,80,54.52335063,4,VPN_Tunnel,ISCX_VPN_2016
0.004844575,813.900161,6,6.012118101,1010864,1242,80,54.06280193,4,VPN_Tunnel,ISCX_VPN_2016
0.00202097,769.1312585,6,4.478468895,1705164,2217,80,54.69102391,4,VPN_Tunnel,ISCX_VPN_2016
0.006434802,722.5803922,6,3.275314093,368516,510,80,54.64705882,4,VPN_Tunnel,ISCX_VPN_2016
0.002985098,840.523624,6,6.125421047,1725595,2053,80,53.06673161,4,VPN_Tunnel,ISCX_VPN_2016
0.004134614,790.8437281,6,5.895960093,1128534,1427,80,53.73230554,4,VPN_Tunnel,ISCX_VPN_2016
0.006164794,840.1893861,6,5.918202162,807422,961,80,53.08012487,4,VPN_Tunnel,ISCX_VPN_2016
0.10283245,302.6842105,6,1.850984097,5751,19,80,55.94736842,4,VPN_Tunnel,ISCX_VPN_2016
0.169205015,110.0833333,6,1.861255169,1321,12,80,55.5,4,VPN_Tunnel,ISCX_VPN_2016
0.206002686,106.7,6,1.854024172,1067,10,80,55.5,4,VPN_Tunnel,ISCX_VPN_2016
0.20604976,106.5,6,1.854447842,1065,10,80,55.5,4,VPN_Tunnel,ISCX_VPN_2016
0.205568446,102.2,6,1.850116014,1022,10,80,55.5,4,VPN_Tunnel,ISCX_VPN_2016
0.166595793,99.27272727,6,1.665957928,1092,11,6969,56.27272727,4,VPN_Tunnel,ISCX_VPN_2016
0.164394879,99.27272727,6,1.643948793,1092,11,6969,55.81818182,4,VPN_Tunnel,ISCX_VPN_2016
0.007164996,742.3811252,6,3.940747976,409052,551,80,54.36297641,4,VPN_Tunnel,ISCX_VPN_2016
0.024098871,772.3022222,6,5.398147106,173768,225,80,53.84,4,VPN_Tunnel,ISCX_VPN_2016
0.190672417,101.3846154,6,2.28806901,1318,13,80,55.69230769,4,VPN_Tunnel,ISCX_VPN_2016
0.008348176,852.7522796,6,5.48475194,561111,658,80,52.8662614,4,VPN_Tunnel,ISCX_VPN_2016
0.230133891,101.0909091,6,2.301338911,1112,11,80,56.27272727,4,VPN_Tunnel,ISCX_VPN_2016
0.005122723,730.7409794,6,3.97010994,567055,776,80,55.1056701,4,VPN_Tunnel,ISCX_VPN_2016
0.003319191,839.6784922,6,2.990591049,757390,902,80,53.06430155,4,VPN_Tunnel,ISCX_VPN_2016
0.182290177,130.4615385,6,2.187482119,1696,13,80,57.46153846,4,VPN_Tunnel,ISCX_VPN_2016
0.003695147,714.1722114,6,1.884525061,364942,511,80,55.31702544,4,VPN_Tunnel,ISCX_VPN_2016
0.010011734,895.8563218,6,1.732029915,155879,174,80,51.89655172,4,VPN_Tunnel,ISCX_VPN_2016
0.00776632,678.5310345,6,1.118350029,98387,145,80,55.06206897,4,VPN_Tunnel,ISCX_VPN_2016
0.26748991,76,17,0.26748991,152,2,123,58,4,VPN_Tunnel,ISCX_VPN_2016
4.181174609,52,6,75.26114297,988,19,80,59.26315789,4,VPN_Tunnel,ISCX_VPN_2016
0.142657995,160.5,17,0.142657995,321,2,53,64,4,VPN_Tunnel,ISCX_VPN_2016
0.142677784,160.5,17,0.142677784,321,2,53,64,4,VPN_Tunnel,ISCX_VPN_2016
0.142031908,166.5,17,0.142031908,333,2,53,64,4,VPN_Tunnel,ISCX_VPN_2016
0.073563653,178.8181818,6,3.163237095,7868,44,465,51.97727273,4,VPN_Tunnel,ISCX_VPN_2016
0.121872902,153,17,0.121872902,306,2,53,64,4,VPN_Tunnel,ISCX_VPN_2016
0.122015953,153,17,0.122015953,306,2,53,64,4,VPN_Tunnel,ISCX_VPN_2016
0.131873131,159,17,0.131873131,318,2,53,64,4,VPN_Tunnel,ISCX_VPN_2016
3.750794972,90.4375,6,116.2746441,2894,32,80,60.71875,4,VPN_Tunnel,ISCX_VPN_2016
0.068676085,110.6052632,6,2.541015148,4203,38,465,50.68421053,4,VPN_Tunnel,ISCX_VPN_2016
0.07038709,115.8857143,6,2.393161058,4056,35,465,50.85714286,4,VPN_Tunnel,ISCX_VPN_2016
0.123450994,160.5,17,0.123450994,321,2,53,64,4,VPN_Tunnel,ISCX_VPN_2016
0.125082016,160.5,17,0.125082016,321,2,53,64,4,VPN_Tunnel,ISCX_VPN_2016
0.124311924,166.5,17,0.124311924,333,2,53,64,4,VPN_Tunnel,ISCX_VPN_2016
0.122967958,173.5,17,0.122967958,347,2,53,64,4,VPN_Tunnel,ISCX_VPN_2016
0.123292208,97.5,17,0.123292208,195,2,53,64,4,VPN_Tunnel,ISCX_VPN_2016
0.061748127,221.68,6,1.481955051,5542,25,443,139.24,4,VPN_Tunnel,ISCX_VPN_2016
0.349318054,219.3157895,6,6.287724972,4167,19,443,136,4,VPN_Tunnel,ISCX_VPN_2016
0.121033192,173.5,17,0.121033192,347,2,53,64,4,VPN_Tunnel,ISCX_VPN_2016
0.121744871,149,17,0.121744871,298,2,53,64,4,VPN_Tunnel,ISCX_VPN_2016
0.121641159,111.5,17,0.121641159,223,2,53,64,4,VPN_Tunnel,ISCX_VPN_2016
0.122145891,149,17,0.122145891,298,2,53,64,4,VPN_Tunnel,ISCX_VPN_2016
1.152710216,216.4,6,16.13794303,3246,15,80,60.26666667,4,VPN_Tunnel,ISCX_VPN_2016
1.122623968,54.66666667,6,5.613119841,328,6,80,61,4,VPN_Tunnel,ISCX_VPN_2016
0.122773886,193.5,17,0.122773886,387,2,53,64,4,VPN_Tunnel,ISCX_VPN_2016
0.122637033,101.5,17,0.122637033,203,2,53,64,4,VPN_Tunnel,ISCX_VPN_2016
0.497297232,267.5925926,6,12.92972803,7225,27,443,53.62962963,4,VPN_Tunnel,ISCX_VPN_2016
0.528448164,236.44,6,12.68275595,5911,25,443,53.6,4,VPN_Tunnel,ISCX_VPN_2016
0.12143898,193.5,17,0.12143898,387,2,53,64,4,VPN_Tunnel,ISCX_VPN_2016
0.121593952,193.5,17,0.121593952,387,2,53,64,4,VPN_Tunnel,ISCX_VPN_2016
0.069934341,113.3888889,6,2.447701931,4082,36,465,51.86111111,4,VPN_Tunnel,ISCX_VPN_2016
0.073282657,113.4722222,6,2.564893007,4085,36,465,50.58333333,4,VPN_Tunnel,ISCX_VPN_2016
0.126532793,160.5,17,0.126532793,321,2,53,64,4,VPN_Tunnel,ISCX_VPN_2016
0.127178192,160.5,17,0.127178192,321,2,53,64,4,VPN_Tunnel,ISCX_VPN_2016
0.124842882,166.5,17,0.124842882,333,2,53,64,4,VPN_Tunnel,ISCX_VPN_2016
0.131082058,165,17,0.131082058,330,2,53,64,4,VPN_Tunnel,ISCX_VPN_2016
0.131078959,165,17,0.131078959,330,2,53,64,4,VPN_Tunnel,ISCX_VPN_2016
0.130714893,171,17,0.130714893,342,2,53,64,4,VPN_Tunnel,ISCX_VPN_2016
0.060898228,284.2173913,6,1.339761019,6537,23,443,145.7826087,4,VPN_Tunnel,ISCX_VPN_2016
0.314031053,250.6190476,6,6.280621052,5263,21,443,137.2857143,4,VPN_Tunnel,ISCX_VPN_2016
0.121292114,165,17,0.121292114,330,2,53,64,4,VPN_Tunnel,ISCX_VPN_2016
1.024370656,257.0555556,6,17.41430116,4627,18,80,60.44444444,4,VPN_Tunnel,ISCX_VPN_2016
0.120586872,149,17,0.120586872,298,2,53,64,4,VPN_Tunnel,ISCX_VPN_2016
0.120748997,149,17,0.120748997,298,2,53,64,4,VPN_Tunnel,ISCX_VPN_2016
0.123955011,111.5,17,0.123955011,223,2,53,64,4,VPN_Tunnel,ISCX_VPN_2016
1.120651579,54.66666667,6,5.603257895,328,6,80,61,4,VPN_Tunnel,ISCX_VPN_2016
0.123831987,190.5,17,0.123831987,381,2,53,64,4,VPN_Tunnel,ISCX_VPN_2016
0.123934984,98.5,17,0.123934984,197,2,53,64,4,VPN_Tunnel,ISCX_VPN_2016
0.294717561,578.3863636,6,12.67285514,25449,44,443,52.63636364,4,VPN_Tunnel,ISCX_VPN_2016
0.357110991,235.2222222,6,6.07088685,4234,18,443,56.22222222,4,VPN_Tunnel,ISCX_VPN_2016
0.122523069,190.5,17,0.122523069,381,2,53,64,4,VPN_Tunnel,ISCX_VPN_2016
0.0686406,113.5277778,6,2.402420998,4087,36,465,50.58333333,4,VPN_Tunnel,ISCX_VPN_2016
0.071427345,114,6,2.499957085,4104,36,465,51.22222222,4,VPN_Tunnel,ISCX_VPN_2016
0.122976065,160.5,17,0.122976065,321,2,53,64,4,VPN_Tunnel,ISCX_VPN_2016
0.123460054,160.5,17,0.123460054,321,2,53,64,4,VPN_Tunnel,ISCX_VPN_2016
0.12294507,166.5,17,0.12294507,333,2,53,64,4,VPN_Tunnel,ISCX_VPN_2016
0.073385296,117.2941176,6,2.421714783,3988,34,465,51.14705882,4,VPN_Tunnel,ISCX_VPN_2016
0.06796828,114.5555556,6,2.378889799,4124,36,465,51.22222222,4,VPN_Tunnel,ISCX_VPN_2016
0.132735968,160.5,17,0.132735968,321,2,53,64,4,VPN_Tunnel,ISCX_VPN_2016
0.133658886,160.5,17,0.133658886,321,2,53,64,4,VPN_Tunnel,ISCX_VPN_2016
0.132596016,166.5,17,0.132596016,333,2,53,64,4,VPN_Tunnel,ISCX_VPN_2016
0.070333623,113.2105263,6,2.602344036,4302,38,465,51.89473684,4,VPN_Tunnel,ISCX_VPN_2016
0.070144415,112.2972973,6,2.525198936,4155,37,465,51.56756757,4,VPN_Tunnel,ISCX_VPN_2016
0.076963097,119.0606061,6,2.462819099,3929,33,465,50.75757576,4,VPN_Tunnel,ISCX_VPN_2016
0.067936414,112.2162162,6,2.445710897,4152,37,465,51.56756757,4,VPN_Tunnel,ISCX_VPN_2016
0.123516798,160.5,17,0.123516798,321,2,53,64,4,VPN_Tunnel,ISCX_VPN_2016
0.124381065,160.5,17,0.124381065,321,2,53,64,4,VPN_Tunnel,ISCX_VPN_2016
0.124026775,166.5,17,0.124026775,333,2,53,64,4,VPN_Tunnel,ISCX_VPN_2016
0.074411118,116.8529412,6,2.455566883,3973,34,465,51.14705882,4,VPN_Tunnel,ISCX_VPN_2016
0.076095639,116.9705882,6,2.511156082,3977,34,465,51.14705882,4,VPN_Tunnel,ISCX_VPN_2016
0.070290753,116.7352941,6,2.31959486,3969,34,465,51.14705882,4,VPN_Tunnel,ISCX_VPN_2016
0.265939951,76,17,0.265939951,152,2,123,58,4,VPN_Tunnel,ISCX_VPN_2016
0.069464459,113.25,6,2.431256056,4077,36,465,51.86111111,4,VPN_Tunnel,ISCX_VPN_2016
0.074054916,113.9444444,6,2.591922045,4102,36,465,51.22222222,4,VPN_Tunnel,ISCX_VPN_2016
0.074034091,116.8529412,6,2.44312501,3973,34,465,51.14705882,4,VPN_Tunnel,ISCX_VPN_2016
0.123978138,160.5,17,0.123978138,321,2,53,64,4,VPN_Tunnel,ISCX_VPN_2016
0.124228001,160.5,17,0.124228001,321,2,53,64,4,VPN_Tunnel,ISCX_VPN_2016
0.122138023,166.5,17,0.122138023,333,2,53,64,4,VPN_Tunnel,ISCX_VPN_2016
0.073047032,114,6,2.556646109,4104,36,465,51.22222222,4,VPN_Tunnel,ISCX_VPN_2016
0.069115768,114.0833333,6,2.419051886,4107,36,465,51.22222222,4,VPN_Tunnel,ISCX_VPN_2016
0.070557138,114.1666667,6,2.469499826,4110,36,465,51.22222222,4,VPN_Tunnel,ISCX_VPN_2016
0.142937183,159,17,0.142937183,318,2,53,64,4,VPN_Tunnel,ISCX_VPN_2016
0.14282012,159,17,0.14282012,318,2,53,64,4,VPN_Tunnel,ISCX_VPN_2016
0.141706944,165,17,0.141706944,330,2,53,64,4,VPN_Tunnel,ISCX_VPN_2016
0.038115091,519.6904762,6,7.966053963,109135,210,995,50.6,4,VPN_Tunnel,ISCX_VPN_2016
0.063164872,171.0731707,6,2.526594877,7014,41,995,51.70731707,4,VPN_Tunnel,ISCX_VPN_2016
0.15013504,160.5,17,0.15013504,321,2,53,64,4,VPN_Tunnel,ISCX_VPN_2016
0.150326967,160.5,17,0.150326967,321,2,53,64,4,VPN_Tunnel,ISCX_VPN_2016
0.150708914,166.5,17,0.150708914,333,2,53,64,4,VPN_Tunnel,ISCX_VPN_2016
0.079962543,118,6,2.638763905,4012,34,465,51.14705882,4,VPN_Tunnel,ISCX_VPN_2016
0.067952704,110.7105263,6,2.51425004,4207,38,465,51.89473684,4,VPN_Tunnel,ISCX_VPN_2016
0.068263115,113.1666667,6,2.389209032,4074,36,465,51.86111111,4,VPN_Tunnel,ISCX_VPN_2016
0.074365112,114.25,6,2.602778912,4113,36,465,51.22222222,4,VPN_Tunnel,ISCX_VPN_2016
0.071813829,113.1388889,6,2.513484001,4073,36,465,51.86111111,4,VPN_Tunnel,ISCX_VPN_2016
0.122175932,160.5,17,0.122175932,321,2,53,64,4,VPN_Tunnel,ISCX_VPN_2016
0.122111797,160.5,17,0.122111797,321,2,53,64,4,VPN_Tunnel,ISCX_VPN_2016
0.122130871,166.5,17,0.122130871,333,2,53,64,4,VPN_Tunnel,ISCX_VPN_2016
0.069986555,112.4324324,6,2.519515991,4160,37,465,51.56756757,4,VPN_Tunnel,ISCX_VPN_2016
0.108940404,114,6,3.812914133,4104,36,465,51.22222222,4,VPN_Tunnel,ISCX_VPN_2016
0.072339719,114.0833333,6,2.531890154,4107,36,465,51.22222222,4,VPN_Tunnel,ISCX_VPN_2016
0.121587038,160.5,17,0.121587038,321,2,53,64,4,VPN_Tunnel,ISCX_VPN_2016
0.121798992,160.5,17,0.121798992,321,2,53,64,4,VPN_Tunnel,ISCX_VPN_2016
0.121810198,166.5,17,0.121810198,333,2,53,64,4,VPN_Tunnel,ISCX_VPN_2016
0.078143113,114.0555556,6,2.735008955,4106,36,465,51.22222222,4,VPN_Tunnel,ISCX_VPN_2016
0.068713691,111.7567568,6,2.473692894,4135,37,465,51.56756757,4,VPN_Tunnel,ISCX_VPN_2016
0.071178654,113.9722222,6,2.491252899,4103,36,465,51.22222222,4,VPN_Tunnel,ISCX_VPN_2016
0.122165918,160.5,17,0.122165918,321,2,53,64,4,VPN_Tunnel,ISCX_VPN_2016
0.122407198,160.5,17,0.122407198,321,2,53,64,4,VPN_Tunnel,ISCX_VPN_2016
0.120486975,166.5,17,0.120486975,333,2,53,64,4,VPN_Tunnel,ISCX_VPN_2016
0.071401914,116.7647059,6,2.356263161,3970,34,465,51.14705882,4,VPN_Tunnel,ISCX_VPN_2016
0.069457384,115.8,6,2.361551046,4053,35,465,50.85714286,4,VPN_Tunnel,ISCX_VPN_2016
0.071000121,116.9705882,6,2.343003988,3977,34,465,51.14705882,4,VPN_Tunnel,ISCX_VPN_2016
0.071261153,116.7647059,6,2.351618052,3970,34,465,51.14705882,4,VPN_Tunnel,ISCX_VPN_2016
0.12212801,160.5,17,0.12212801,321,2,53,64,4,VPN_Tunnel,ISCX_VPN_2016
0.122466803,160.5,17,0.122466803,321,2,53,64,4,VPN_Tunnel,ISCX_VPN_2016
0.122677088,166.5,17,0.122677088,333,2,53,64,4,VPN_Tunnel,ISCX_VPN_2016
0.070010567,113.9444444,6,2.450369835,4102,36,465,51.22222222,4,VPN_Tunnel,ISCX_VPN_2016
0.265681982,76,17,0.265681982,152,2,123,58,4,VPN_Tunnel,ISCX_VPN_2016
0.065362402,110.8947368,6,2.418408871,4214,38,465,51.89473684,4,VPN_Tunnel,ISCX_VPN_2016
0.067660311,114.0555556,6,2.368110895,4106,36,465,51.22222222,4,VPN_Tunnel,ISCX_VPN_2016
0.071517767,113.9722222,6,2.503121853,4103,36,465,51.22222222,4,VPN_Tunnel,ISCX_VPN_2016
0.133077145,160.5,17,0.133077145,321,2,53,64,4,VPN_Tunnel,ISCX_VPN_2016
0.133309841,160.5,17,0.133309841,321,2,53,64,4,VPN_Tunnel,ISCX_VPN_2016
0.132813931,166.5,17,0.132813931,333,2,53,64,4,VPN_Tunnel,ISCX_VPN_2016
0.076030731,116.7058824,6,2.50901413,3968,34,465,51.14705882,4,VPN_Tunnel,ISCX_VPN_2016
0.067807743,113.9722222,6,2.373270988,4103,36,465,51.22222222,4,VPN_Tunnel,ISCX_VPN_2016
0.06836603,114,6,2.39281106,4104,36,465,51.22222222,4,VPN_Tunnel,ISCX_VPN_2016
0.124325991,160.5,17,0.124325991,321,2,53,64,4,VPN_Tunnel,ISCX_VPN_2016
0.123430014,160.5,17,0.123430014,321,2,53,64,4,VPN_Tunnel,ISCX_VPN_2016
0.121589899,166.5,17,0.121589899,333,2,53,64,4,VPN_Tunnel,ISCX_VPN_2016
0.070904602,114.1666667,6,2.481661081,4110,36,465,51.22222222,4,VPN_Tunnel,ISCX_VPN_2016
0.072226243,116.9117647,6,2.383466005,3975,34,465,51.14705882,4,VPN_Tunnel,ISCX_VPN_2016
0.132222891,159,17,0.132222891,318,2,53,64,4,VPN_Tunnel,ISCX_VPN_2016
0.132205963,159,17,0.132205963,318,2,53,64,4,VPN_Tunnel,ISCX_VPN_2016
0.132189989,165,17,0.132189989,330,2,53,64,4,VPN_Tunnel,ISCX_VPN_2016
0.037363052,492.6176471,6,6.31435585,83745,170,995,49.65882353,4,VPN_Tunnel,ISCX_VPN_2016
0.073140152,116.6764706,6,2.413625002,3967,34,465,51.14705882,4,VPN_Tunnel,ISCX_VPN_2016
0.124435902,160.5,17,0.124435902,321,2,53,64,4,VPN_Tunnel,ISCX_VPN_2016
0.124632835,160.5,17,0.124632835,321,2,53,64,4,VPN_Tunnel,ISCX_VPN_2016
0.124661922,166.5,17,0.124661922,333,2,53,64,4,VPN_Tunnel,ISCX_VPN_2016
0.073107727,116.8823529,6,2.412554979,3974,34,465,51.14705882,4,VPN_Tunnel,ISCX_VPN_2016
0.077543877,118.7272727,6,2.481404066,3918,33,465,50.75757576,4,VPN_Tunnel,ISCX_VPN_2016
0.066742747,114.0277778,6,2.335996151,4105,36,465,51.22222222,4,VPN_Tunnel,ISCX_VPN_2016
0.058048751,98.55172414,6,1.625365019,2858,29,995,50.51724138,4,VPN_Tunnel,ISCX_VPN_2016
0.153049946,159,17,0.153049946,318,2,53,64,4,VPN_Tunnel,ISCX_VPN_2016
0.153239965,159,17,0.153239965,318,2,53,64,4,VPN_Tunnel,ISCX_VPN_2016
0.152399063,165,17,0.152399063,330,2,53,64,4,VPN_Tunnel,ISCX_VPN_2016
0.151296668,358.7704119,6,620.618933,1472035,4103,993,52.06434316,4,VPN_Tunnel,ISCX_VPN_2016
0.155047894,160.5,17,0.155047894,321,2,53,64,4,VPN_Tunnel,ISCX_VPN_2016
0.155286074,160.5,17,0.155286074,321,2,53,64,4,VPN_Tunnel,ISCX_VPN_2016
0.15526104,166.5,17,0.15526104,333,2,53,64,4,VPN_Tunnel,ISCX_VPN_2016
0.088584071,185.9333333,6,3.897699118,8367,45,465,54.28888889,4,VPN_Tunnel,ISCX_VPN_2016
0.134731054,153,17,0.134731054,306,2,53,64,4,VPN_Tunnel,ISCX_VPN_2016
0.147701979,159,17,0.147701979,318,2,53,64,4,VPN_Tunnel,ISCX_VPN_2016
3.728814094,90.4375,6,115.5932369,2894,32,80,59.3125,4,VPN_Tunnel,ISCX_VPN_2016
0.137950897,153,17,0.137950897,306,2,53,64,4,VPN_Tunnel,ISCX_VPN_2016
0.387449206,77.05270458,6,278.963428,55555,721,993,52.05825243,4,VPN_Tunnel,ISCX_VPN_2016
0.098698553,127.6,6,3.355750799,4466,35,465,53.68571429,4,VPN_Tunnel,ISCX_VPN_2016
0.644142617,95.79009126,6,493.413245,73471,767,993,51.10430248,4,VPN_Tunnel,ISCX_VPN_2016
0.135865927,173.5,17,0.135865927,347,2,53,64,4,VPN_Tunnel,ISCX_VPN_2016
0.135870934,173.5,17,0.135870934,347,2,53,64,4,VPN_Tunnel,ISCX_VPN_2016
0.136720896,97.5,17,0.136720896,195,2,53,64,4,VPN_Tunnel,ISCX_VPN_2016
0.065141949,237.4782609,6,1.433122873,5462,23,443,145.7826087,4,VPN_Tunnel,ISCX_VPN_2016
0.350286338,219.3157895,6,6.305154085,4167,19,443,136,4,VPN_Tunnel,ISCX_VPN_2016
0.131753206,173.5,17,0.131753206,347,2,53,64,4,VPN_Tunnel,ISCX_VPN_2016
1.16533322,216.4,6,16.31466508,3246,15,80,60.26666667,4,VPN_Tunnel,ISCX_VPN_2016
0.134211779,149,17,0.134211779,298,2,53,64,4,VPN_Tunnel,ISCX_VPN_2016
0.134228945,111.5,17,0.134228945,223,2,53,64,4,VPN_Tunnel,ISCX_VPN_2016
0.134005785,149,17,0.134005785,298,2,53,64,4,VPN_Tunnel,ISCX_VPN_2016
1.123335171,54.66666667,6,5.616675854,328,6,80,61,4,VPN_Tunnel,ISCX_VPN_2016
0.136347055,193.5,17,0.136347055,387,2,53,64,4,VPN_Tunnel,ISCX_VPN_2016
0.136094093,101.5,17,0.136094093,203,2,53,64,4,VPN_Tunnel,ISCX_VPN_2016
0.60149616,284.84,6,14.43590784,7121,25,443,54.4,4,VPN_Tunnel,ISCX_VPN_2016
0.590195785,236.44,6,14.16469884,5911,25,443,53.6,4,VPN_Tunnel,ISCX_VPN_2016
0.140311956,193.5,17,0.140311956,387,2,53,64,4,VPN_Tunnel,ISCX_VPN_2016
0.081247549,120.5897436,6,3.087406874,4703,39,465,54.25641026,4,VPN_Tunnel,ISCX_VPN_2016
0.089271055,123.2972973,6,3.213757992,4562,37,465,54.24324324,4,VPN_Tunnel,ISCX_VPN_2016
0.133275032,160.5,17,0.133275032,321,2,53,64,4,VPN_Tunnel,ISCX_VPN_2016
0.134649038,160.5,17,0.134649038,321,2,53,64,4,VPN_Tunnel,ISCX_VPN_2016
0.134635925,166.5,17,0.134635925,333,2,53,64,4,VPN_Tunnel,ISCX_VPN_2016
0.08948579,120.3333333,6,3.400460005,4693,39,465,54.25641026,4,VPN_Tunnel,ISCX_VPN_2016
0.079058373,117.2439024,6,3.162334919,4807,41,465,54.73170732,4,VPN_Tunnel,ISCX_VPN_2016
0.086291701,117.2926829,6,3.451668024,4809,41,465,54.26829268,4,VPN_Tunnel,ISCX_VPN_2016
0.010638099,775.7841458,6,68.29659414,4981310,6421,993,50.14608316,4,VPN_Tunnel,ISCX_VPN_2016
0.103921086,140.6666667,6,3.637238026,5064,36,465,53.44444444,4,VPN_Tunnel,ISCX_VPN_2016
0.134171963,160.5,17,0.134171963,321,2,53,64,4,VPN_Tunnel,ISCX_VPN_2016
0.137966871,160.5,17,0.137966871,321,2,53,64,4,VPN_Tunnel,ISCX_VPN_2016
0.138040066,166.5,17,0.138040066,333,2,53,64,4,VPN_Tunnel,ISCX_VPN_2016
0.141321898,165,17,0.141321898,330,2,53,64,4,VPN_Tunnel,ISCX_VPN_2016
0.141383886,165,17,0.141383886,330,2,53,64,4,VPN_Tunnel,ISCX_VPN_2016
0.141762018,171,17,0.141762018,342,2,53,64,4,VPN_Tunnel,ISCX_VPN_2016
0.06622581,284.2173913,6,1.456967831,6537,23,443,145.7826087,4,VPN_Tunnel,ISCX_VPN_2016
0.315957999,250.6190476,6,6.319159985,5263,21,443,137.2857143,4,VPN_Tunnel,ISCX_VPN_2016
0.131791115,165,17,0.131791115,330,2,53,64,4,VPN_Tunnel,ISCX_VPN_2016
0.132559776,149,17,0.132559776,298,2,53,64,4,VPN_Tunnel,ISCX_VPN_2016
0.132573128,111.5,17,0.132573128,223,2,53,64,4,VPN_Tunnel,ISCX_VPN_2016
1.020102178,257.0555556,6,17.34173703,4627,18,80,60.44444444,4,VPN_Tunnel,ISCX_VPN_2016
0.132148027,149,17,0.132148027,298,2,53,64,4,VPN_Tunnel,ISCX_VPN_2016
1.125642395,54.66666667,6,5.628211975,328,6,80,61,4,VPN_Tunnel,ISCX_VPN_2016
0.134609938,190.5,17,0.134609938,381,2,53,64,4,VPN_Tunnel,ISCX_VPN_2016
0.134825945,98.5,17,0.134825945,197,2,53,64,4,VPN_Tunnel,ISCX_VPN_2016
0.299112558,578.3863636,6,12.86184001,25449,44,443,52.63636364,4,VPN_Tunnel,ISCX_VPN_2016
0.132706881,190.5,17,0.132706881,381,2,53,64,4,VPN_Tunnel,ISCX_VPN_2016
0.353998409,235.2222222,6,6.017972946,4234,18,443,56.22222222,4,VPN_Tunnel,ISCX_VPN_2016
10.84407956,87.42307692,6,271.101989,2273,26,993,51.88461538,4,VPN_Tunnel,ISCX_VPN_2016
0.085855147,128.0857143,6,2.919075012,4483,35,465,53.14285714,4,VPN_Tunnel,ISCX_VPN_2016
0.133872032,160.5,17,0.133872032,321,2,53,64,4,VPN_Tunnel,ISCX_VPN_2016
0.133923054,160.5,17,0.133923054,321,2,53,64,4,VPN_Tunnel,ISCX_VPN_2016
0.133924961,166.5,17,0.133924961,333,2,53,64,4,VPN_Tunnel,ISCX_VPN_2016
0.098238911,126.3333333,6,3.438361883,4548,36,465,52.91666667,4,VPN_Tunnel,ISCX_VPN_2016
0.100982848,128.1142857,6,3.433416843,4484,35,465,53.14285714,4,VPN_Tunnel,ISCX_VPN_2016
0.09493006,132.2121212,6,3.037761927,4363,33,465,53.06060606,4,VPN_Tunnel,ISCX_VPN_2016
0.142305851,160.5,17,0.142305851,321,2,53,64,4,VPN_Tunnel,ISCX_VPN_2016
0.142313004,160.5,17,0.142313004,321,2,53,64,4,VPN_Tunnel,ISCX_VPN_2016
0.142779112,166.5,17,0.142779112,333,2,53,64,4,VPN_Tunnel,ISCX_VPN_2016
0.250007482,82.29007634,6,229.0068531,75460,917,993,52.06870229,4,VPN_Tunnel,ISCX_VPN_2016
0.101722188,132.2121212,6,3.255110025,4363,33,465,53.06060606,4,VPN_Tunnel,ISCX_VPN_2016
0.133659124,160.5,17,0.133659124,321,2,53,64,4,VPN_Tunnel,ISCX_VPN_2016
0.133697033,166.5,17,0.133697033,333,2,53,64,4,VPN_Tunnel,ISCX_VPN_2016
0.093352887,124.1081081,6,3.360703945,4592,37,465,53.72972973,4,VPN_Tunnel,ISCX_VPN_2016
0.102507308,132.030303,6,3.28023386,4357,33,465,53.06060606,4,VPN_Tunnel,ISCX_VPN_2016
0.092506142,128.4571429,6,3.145208836,4496,35,465,53.14285714,4,VPN_Tunnel,ISCX_VPN_2016
0.090210524,124.1621622,6,3.247578859,4594,37,465,53.72972973,4,VPN_Tunnel,ISCX_VPN_2016
0.144626856,160.5,17,0.144626856,321,2,53,64,4,VPN_Tunnel,ISCX_VPN_2016
0.145674944,160.5,17,0.145674944,321,2,53,64,4,VPN_Tunnel,ISCX_VPN_2016
0.145666122,166.5,17,0.145666122,333,2,53,64,4,VPN_Tunnel,ISCX_VPN_2016
0.095778795,128.2857143,6,3.256479025,4490,35,465,53.14285714,4,VPN_Tunnel,ISCX_VPN_2016
0.098430444,128.2857143,6,3.346635103,4490,35,465,53.14285714,4,VPN_Tunnel,ISCX_VPN_2016
0.0928545,128.2857143,6,3.157052994,4490,35,465,53.14285714,4,VPN_Tunnel,ISCX_VPN_2016
0.090218253,124.1081081,6,3.247857094,4592,37,465,53.72972973,4,VPN_Tunnel,ISCX_VPN_2016
0.135030031,160.5,17,0.135030031,321,2,53,64,4,VPN_Tunnel,ISCX_VPN_2016
0.135473013,160.5,17,0.135473013,321,2,53,64,4,VPN_Tunnel,ISCX_VPN_2016
0.135192156,166.5,17,0.135192156,333,2,53,64,4,VPN_Tunnel,ISCX_VPN_2016
0.101473436,132.030303,6,3.247149944,4357,33,465,53.06060606,4,VPN_Tunnel,ISCX_VPN_2016
0.099930182,132.030303,6,3.197765827,4357,33,465,53.06060606,4,VPN_Tunnel,ISCX_VPN_2016
0.095154734,128.2857143,6,3.235260963,4490,35,465,53.14285714,4,VPN_Tunnel,ISCX_VPN_2016
0.136082888,160.5,17,0.136082888,321,2,53,64,4,VPN_Tunnel,ISCX_VPN_2016
0.136271,160.5,17,0.136271,321,2,53,64,4,VPN_Tunnel,ISCX_VPN_2016
0.135596037,166.5,17,0.135596037,333,2,53,64,4,VPN_Tunnel,ISCX_VPN_2016
0.086192503,128.1142857,6,2.930545092,4484,35,465,53.14285714,4,VPN_Tunnel,ISCX_VPN_2016
0.096918747,132.0606061,6,3.101399899,4358,33,465,53.06060606,4,VPN_Tunnel,ISCX_VPN_2016
0.099113278,132.2121212,6,3.171624899,4363,33,465,53.06060606,4,VPN_Tunnel,ISCX_VPN_2016
0.14549613,160.5,17,0.14549613,321,2,53,64,4,VPN_Tunnel,ISCX_VPN_2016
0.146295071,160.5,17,0.146295071,321,2,53,64,4,VPN_Tunnel,ISCX_VPN_2016
0.146369934,166.5,17,0.146369934,333,2,53,64,4,VPN_Tunnel,ISCX_VPN_2016
0.238816219,85.40322581,6,103.407423,37065,434,993,51.85483871,4,VPN_Tunnel,ISCX_VPN_2016
0.099847737,128.2857143,6,3.394823074,4490,35,465,53.14285714,4,VPN_Tunnel,ISCX_VPN_2016
0.087001416,124.3243243,6,3.132050991,4600,37,465,53.72972973,4,VPN_Tunnel,ISCX_VPN_2016
0.095570733,127.6285714,6,3.249404907,4467,35,465,53.68571429,4,VPN_Tunnel,ISCX_VPN_2016
0.135135889,160.5,17,0.135135889,321,2,53,64,4,VPN_Tunnel,ISCX_VPN_2016
0.135502815,160.5,17,0.135502815,321,2,53,64,4,VPN_Tunnel,ISCX_VPN_2016
0.135632038,166.5,17,0.135632038,333,2,53,64,4,VPN_Tunnel,ISCX_VPN_2016
0.097723119,128.2285714,6,3.32258606,4488,35,465,53.14285714,4,VPN_Tunnel,ISCX_VPN_2016
0.092723145,128.4571429,6,3.152586937,4496,35,465,53.14285714,4,VPN_Tunnel,ISCX_VPN_2016
0.093579888,128.2857143,6,3.181716204,4490,35,465,53.14285714,4,VPN_Tunnel,ISCX_VPN_2016
0.093773975,128.1142857,6,3.188315153,4484,35,465,53.14285714,4,VPN_Tunnel,ISCX_VPN_2016
0.788833852,512.4740372,6,4116.135039,2674602,5219,443,69.31136233,4,VPN_Tunnel,ISCX_VPN_2016
0.001026869,115.5,17,0.001026869,231,2,53,63.5,4,VPN_Tunnel,ISCX_VPN_2016
0.000952959,115.5,17,0.000952959,231,2,53,63.5,4,VPN_Tunnel,ISCX_VPN_2016
0.076647043,115.5,17,0.076647043,231,2,53,61.5,4,VPN_Tunnel,ISCX_VPN_2016
0.000766993,115.5,17,0.000766993,231,2,53,63.5,4,VPN_Tunnel,ISCX_VPN_2016
0.093946934,273,17,0.093946934,546,2,53,63.5,4,VPN_Tunnel,ISCX_VPN_2016
1.649781356,497.9298246,6,186.4252932,56764,114,443,57.84210526,4,VPN_Tunnel,ISCX_VPN_2016
0.831880848,703.1333333,6,186.34131,158205,225,443,56.25777778,4,VPN_Tunnel,ISCX_VPN_2016
0.000689983,273,17,0.000689983,546,2,53,63.5,4,VPN_Tunnel,ISCX_VPN_2016
0.000684977,115.5,17,0.000684977,231,2,53,63.5,4,VPN_Tunnel,ISCX_VPN_2016
0.000762939,115.5,17,0.000762939,231,2,53,63.5,4,VPN_Tunnel,ISCX_VPN_2016
0.000744104,115.5,17,0.000744104,231,2,53,63.5,4,VPN_Tunnel,ISCX_VPN_2016
7.534941087,200.64,6,180.8385861,5016,25,443,59.2,4,VPN_Tunnel,ISCX_VPN_2016
0.040039063,302,17,0.040039063,604,2,53,63.5,4,VPN_Tunnel,ISCX_VPN_2016
0.000761032,302,17,0.000761032,604,2,53,63.5,4,VPN_Tunnel,ISCX_VPN_2016
0.075655937,123.5,17,0.075655937,247,2,53,63.5,4,VPN_Tunnel,ISCX_VPN_2016
0.000734091,123.5,17,0.000734091,247,2,53,63.5,4,VPN_Tunnel,ISCX_VPN_2016
0.014186482,188.28125,6,0.439780951,6025,32,443,68.8125,4,VPN_Tunnel,ISCX_VPN_2016
14.79962951,82.15384615,6,177.5955541,1068,13,3478,69.76923077,4,VPN_Tunnel,ISCX_VPN_2016
0.000718832,106,17,0.000718832,212,2,53,63.5,4,VPN_Tunnel,ISCX_VPN_2016
14.7988745,82.15384615,6,177.586494,1068,13,443,69.76923077,4,VPN_Tunnel,ISCX_VPN_2016
14.79883868,82.15384615,6,177.5860641,1068,13,3478,69.76923077,4,VPN_Tunnel,ISCX_VPN_2016
14.79884251,82.15384615,6,177.5861101,1068,13,443,69.76923077,4,VPN_Tunnel,ISCX_VPN_2016
14.79874273,82.15384615,6,177.5849128,1068,13,3478,69.76923077,4,VPN_Tunnel,ISCX_VPN_2016
14.79874533,82.15384615,6,177.584944,1068,13,443,69.76923077,4,VPN_Tunnel,ISCX_VPN_2016
14.798781,82.15384615,6,177.585372,1068,13,3478,69.76923077,4,VPN_Tunnel,ISCX_VPN_2016
14.79878559,82.15384615,6,177.585427,1068,13,443,69.76923077,4,VPN_Tunnel,ISCX_VPN_2016
14.79862609,82.15384615,6,177.583513,1068,13,3478,69.76923077,4,VPN_Tunnel,ISCX_VPN_2016
14.79864625,82.15384615,6,177.583755,1068,13,443,69.76923077,4,VPN_Tunnel,ISCX_VPN_2016
14.798624,82.15384615,6,177.583488,1068,13,3478,69.76923077,4,VPN_Tunnel,ISCX_VPN_2016
14.79862118,82.15384615,6,177.5834541,1068,13,443,69.76923077,4,VPN_Tunnel,ISCX_VPN_2016
14.79857785,82.15384615,6,177.5829341,1068,13,3478,69.76923077,4,VPN_Tunnel,ISCX_VPN_2016
14.79857824,82.15384615,6,177.5829389,1068,13,443,69.76923077,4,VPN_Tunnel,ISCX_VPN_2016
14.79847759,82.15384615,6,177.5817311,1068,13,3478,69.76923077,4,VPN_Tunnel,ISCX_VPN_2016
14.79848208,82.15384615,6,177.581785,1068,13,443,69.76923077,4,VPN_Tunnel,ISCX_VPN_2016
14.79837924,82.15384615,6,177.5805509,1068,13,3478,69.76923077,4,VPN_Tunnel,ISCX_VPN_2016
14.79838268,82.15384615,6,177.5805922,1068,13,443,69.76923077,4,VPN_Tunnel,ISCX_VPN_2016
14.79837374,82.15384615,6,177.5804849,1068,13,3478,69.76923077,4,VPN_Tunnel,ISCX_VPN_2016
14.79836782,82.15384615,6,177.5804138,1068,13,443,69.76923077,4,VPN_Tunnel,ISCX_VPN_2016
14.79830966,82.15384615,6,177.579716,1068,13,3478,69.76923077,4,VPN_Tunnel,ISCX_VPN_2016
14.79830633,82.15384615,6,177.5796759,1068,13,443,69.76923077,4,VPN_Tunnel,ISCX_VPN_2016
14.79827432,82.15384615,6,177.5792918,1068,13,3478,69.76923077,4,VPN_Tunnel,ISCX_VPN_2016
14.79827132,82.15384615,6,177.5792558,1068,13,443,69.76923077,4,VPN_Tunnel,ISCX_VPN_2016
0.054124673,122,17,0.16237402,488,4,50015,71.5,4,VPN_Tunnel,ISCX_VPN_2016
0.00070405,115.5,17,0.00070405,231,2,53,63.5,4,VPN_Tunnel,ISCX_VPN_2016
0.053948323,122,17,0.161844969,488,4,50015,71.5,4,VPN_Tunnel,ISCX_VPN_2016
0.000656128,115.5,17,0.000656128,231,2,53,63.5,4,VPN_Tunnel,ISCX_VPN_2016
0.000669003,115.5,17,0.000669003,231,2,53,63.5,4,VPN_Tunnel,ISCX_VPN_2016
0.000691891,115.5,17,0.000691891,231,2,53,63.5,4,VPN_Tunnel,ISCX_VPN_2016
0.000680923,115.5,17,0.000680923,231,2,53,63.5,4,VPN_Tunnel,ISCX_VPN_2016
0.0006392,115.5,17,0.0006392,231,2,53,63.5,4,VPN_Tunnel,ISCX_VPN_2016
0.000642776,115.5,17,0.000642776,231,2,53,63.5,4,VPN_Tunnel,ISCX_VPN_2016
0.000677109,115.5,17,0.000677109,231,2,53,63.5,4,VPN_Tunnel,ISCX_VPN_2016
0.000648975,115.5,17,0.000648975,231,2,53,63.5,4,VPN_Tunnel,ISCX_VPN_2016
0.000636816,115.5,17,0.000636816,231,2,53,63.5,4,VPN_Tunnel,ISCX_VPN_2016
0.000556946,115.5,17,0.000556946,231,2,53,63.5,4,VPN_Tunnel,ISCX_VPN_2016
0.000663996,115.5,17,0.000663996,231,2,53,63.5,4,VPN_Tunnel,ISCX_VPN_2016
0.000652075,115.5,17,0.000652075,231,2,53,63.5,4,VPN_Tunnel,ISCX_VPN_2016
0.000586987,115.5,17,0.000586987,231,2,53,63.5,4,VPN_Tunnel,ISCX_VPN_2016
0.00065589,115.5,17,0.00065589,231,2,53,63.5,4,VPN_Tunnel,ISCX_VPN_2016
0.00064683,115.5,17,0.00064683,231,2,53,63.5,4,VPN_Tunnel,ISCX_VPN_2016
0.000625134,115.5,17,0.000625134,231,2,53,63.5,4,VPN_Tunnel,ISCX_VPN_2016
0.000653982,115.5,17,0.000653982,231,2,53,63.5,4,VPN_Tunnel,ISCX_VPN_2016
0.00061202,115.5,17,0.00061202,231,2,53,63.5,4,VPN_Tunnel,ISCX_VPN_2016
0.000656843,115.5,17,0.000656843,231,2,53,63.5,4,VPN_Tunnel,ISCX_VPN_2016
0.000653982,115.5,17,0.000653982,231,2,53,63.5,4,VPN_Tunnel,ISCX_VPN_2016
0.000593185,115.5,17,0.000593185,231,2,53,63.5,4,VPN_Tunnel,ISCX_VPN_2016
0.000659227,115.5,17,0.000659227,231,2,53,63.5,4,VPN_Tunnel,ISCX_VPN_2016
0.000630856,115.5,17,0.000630856,231,2,53,63.5,4,VPN_Tunnel,ISCX_VPN_2016
0.000628948,115.5,17,0.000628948,231,2,53,63.5,4,VPN_Tunnel,ISCX_VPN_2016
0.000648975,115.5,17,0.000648975,231,2,53,63.5,4,VPN_Tunnel,ISCX_VPN_2016
0.000567913,115.5,17,0.000567913,231,2,53,63.5,4,VPN_Tunnel,ISCX_VPN_2016
0.000687122,115.5,17,0.000687122,231,2,53,63.5,4,VPN_Tunnel,ISCX_VPN_2016
0.000639915,115.5,17,0.000639915,231,2,53,63.5,4,VPN_Tunnel,ISCX_VPN_2016
0.000560045,115.5,17,0.000560045,231,2,53,63.5,4,VPN_Tunnel,ISCX_VPN_2016
0.00067091,115.5,17,0.00067091,231,2,53,63.5,4,VPN_Tunnel,ISCX_VPN_2016
0.000635147,115.5,17,0.000635147,231,2,53,63.5,4,VPN_Tunnel,ISCX_VPN_2016
0.000617027,115.5,17,0.000617027,231,2,53,63.5,4,VPN_Tunnel,ISCX_VPN_2016
0.000651121,115.5,17,0.000651121,231,2,53,63.5,4,VPN_Tunnel,ISCX_VPN_2016
0.000586987,115.5,17,0.000586987,231,2,53,63.5,4,VPN_Tunnel,ISCX_VPN_2016
0.000648022,115.5,17,0.000648022,231,2,53,63.5,4,VPN_Tunnel,ISCX_VPN_2016
0.000666142,115.5,17,0.000666142,231,2,53,63.5,4,VPN_Tunnel,ISCX_VPN_2016
0.000619888,115.5,17,0.000619888,231,2,53,63.5,4,VPN_Tunnel,ISCX_VPN_2016
0.000658989,115.5,17,0.000658989,231,2,53,63.5,4,VPN_Tunnel,ISCX_VPN_2016
0.000629902,115.5,17,0.000629902,231,2,53,63.5,4,VPN_Tunnel,ISCX_VPN_2016
0.000725031,115.5,17,0.000725031,231,2,53,63.5,4,VPN_Tunnel,ISCX_VPN_2016
0.00067997,115.5,17,0.00067997,231,2,53,63.5,4,VPN_Tunnel,ISCX_VPN_2016
0.001405001,115.5,17,0.001405001,231,2,53,61.5,4,VPN_Tunnel,ISCX_VPN_2016
0.000648975,115.5,17,0.000648975,231,2,53,63.5,4,VPN_Tunnel,ISCX_VPN_2016
0.000557899,115.5,17,0.000557899,231,2,53,63.5,4,VPN_Tunnel,ISCX_VPN_2016
0.000674009,115.5,17,0.000674009,231,2,53,63.5,4,VPN_Tunnel,ISCX_VPN_2016
0.000646114,115.5,17,0.000646114,231,2,53,63.5,4,VPN_Tunnel,ISCX_VPN_2016
0.000577211,115.5,17,0.000577211,231,2,53,63.5,4,VPN_Tunnel,ISCX_VPN_2016
0.000626087,115.5,17,0.000626087,231,2,53,63.5,4,VPN_Tunnel,ISCX_VPN_2016
0.00062108,115.5,17,0.00062108,231,2,53,63.5,4,VPN_Tunnel,ISCX_VPN_2016
0.000627041,115.5,17,0.000627041,231,2,53,63.5,4,VPN_Tunnel,ISCX_VPN_2016
0.000555038,115.5,17,0.000555038,231,2,53,63.5,4,VPN_Tunnel,ISCX_VPN_2016
0.000669956,115.5,17,0.000669956,231,2,53,63.5,4,VPN_Tunnel,ISCX_VPN_2016
0.000668049,115.5,17,0.000668049,231,2,53,63.5,4,VPN_Tunnel,ISCX_VPN_2016
0.000589132,115.5,17,0.000589132,231,2,53,63.5,4,VPN_Tunnel,ISCX_VPN_2016
0.00066781,115.5,17,0.00066781,231,2,53,63.5,4,VPN_Tunnel,ISCX_VPN_2016
0.000620842,115.5,17,0.000620842,231,2,53,63.5,4,VPN_Tunnel,ISCX_VPN_2016
0.000614882,115.5,17,0.000614882,231,2,53,63.5,4,VPN_Tunnel,ISCX_VPN_2016
0.000642061,115.5,17,0.000642061,231,2,53,63.5,4,VPN_Tunnel,ISCX_VPN_2016
0.000555992,115.5,17,0.000555992,231,2,53,63.5,4,VPN_Tunnel,ISCX_VPN_2016
0.000622034,115.5,17,0.000622034,231,2,53,63.5,4,VPN_Tunnel,ISCX_VPN_2016
0.000658035,115.5,17,0.000658035,231,2,53,63.5,4,VPN_Tunnel,ISCX_VPN_2016
0.000570059,115.5,17,0.000570059,231,2,53,63.5,4,VPN_Tunnel,ISCX_VPN_2016
0.000663996,115.5,17,0.000663996,231,2,53,63.5,4,VPN_Tunnel,ISCX_VPN_2016
0.000633955,115.5,17,0.000633955,231,2,53,63.5,4,VPN_Tunnel,ISCX_VPN_2016
0.000607014,115.5,17,0.000607014,231,2,53,63.5,4,VPN_Tunnel,ISCX_VPN_2016
0.000626802,115.5,17,0.000626802,231,2,53,63.5,4,VPN_Tunnel,ISCX_VPN_2016
0.000648975,115.5,17,0.000648975,231,2,53,63.5,4,VPN_Tunnel,ISCX_VPN_2016
0.000643015,115.5,17,0.000643015,231,2,53,63.5,4,VPN_Tunnel,ISCX_VPN_2016
0.000658989,115.5,17,0.000658989,231,2,53,63.5,4,VPN_Tunnel,ISCX_VPN_2016
0.000576019,115.5,17,0.000576019,231,2,53,63.5,4,VPN_Tunnel,ISCX_VPN_2016
0.000644922,115.5,17,0.000644922,231,2,53,63.5,4,VPN_Tunnel,ISCX_VPN_2016
0.000641108,115.5,17,0.000641108,231,2,53,63.5,4,VPN_Tunnel,ISCX_VPN_2016
0.000663996,115.5,17,0.000663996,231,2,53,63.5,4,VPN_Tunnel,ISCX_VPN_2016
0.000647068,115.5,17,0.000647068,231,2,53,63.5,4,VPN_Tunnel,ISCX_VPN_2016
0.000638008,115.5,17,0.000638008,231,2,53,63.5,4,VPN_Tunnel,ISCX_VPN_2016
0.000535011,115.5,17,0.000535011,231,2,53,63.5,4,VPN_Tunnel,ISCX_VPN_2016
0.000609875,115.5,17,0.000609875,231,2,53,63.5,4,VPN_Tunnel,ISCX_VPN_2016
0.000631809,115.5,17,0.000631809,231,2,53,63.5,4,VPN_Tunnel,ISCX_VPN_2016
0.000702858,115.5,17,0.000702858,231,2,53,63.5,4,VPN_Tunnel,ISCX_VPN_2016
0.000533104,115.5,17,0.000533104,231,2,53,63.5,4,VPN_Tunnel,ISCX_VPN_2016
0.000766039,153,17,0.000766039,306,2,53,63.5,4,VPN_Tunnel,ISCX_VPN_2016
0.000739098,115.5,17,0.000739098,231,2,53,63.5,4,VPN_Tunnel,ISCX_VPN_2016
0.000650167,115.5,17,0.000650167,231,2,53,63.5,4,VPN_Tunnel,ISCX_VPN_2016
0.000621796,115.5,17,0.000621796,231,2,53,63.5,4,VPN_Tunnel,ISCX_VPN_2016
0.000668049,115.5,17,0.000668049,231,2,53,63.5,4,VPN_Tunnel,ISCX_VPN_2016
3.354935746,64.8,6,63.74377918,1296,20,443,70.5,4,VPN_Tunnel,ISCX_VPN_2016
4.544553144,65,6,63.62374401,975,15,443,58.8,4,VPN_Tunnel,ISCX_VPN_2016
0.053944667,122,17,0.161834002,488,4,50015,71.5,4,VPN_Tunnel,ISCX_VPN_2016
0.000691891,123.5,17,0.000691891,247,2,53,63.5,4,VPN_Tunnel,ISCX_VPN_2016
0.000629902,123.5,17,0.000629902,247,2,53,63.5,4,VPN_Tunnel,ISCX_VPN_2016
0.0007689,115.5,17,0.0007689,231,2,53,63.5,4,VPN_Tunnel,ISCX_VPN_2016
0.000845909,115.5,17,0.000845909,231,2,53,63.5,4,VPN_Tunnel,ISCX_VPN_2016
0.000844955,115.5,17,0.000844955,231,2,53,63.5,4,VPN_Tunnel,ISCX_VPN_2016
0.000675917,115.5,17,0.000675917,231,2,53,63.5,4,VPN_Tunnel,ISCX_VPN_2016
0.05400602,122,17,0.162018061,488,4,50015,71.5,4,VPN_Tunnel,ISCX_VPN_2016
0.000815868,153,17,0.000815868,306,2,53,63.5,4,VPN_Tunnel,ISCX_VPN_2016
0.000682116,115.5,17,0.000682116,231,2,53,63.5,4,VPN_Tunnel,ISCX_VPN_2016
0.000734091,115.5,17,0.000734091,231,2,53,63.5,4,VPN_Tunnel,ISCX_VPN_2016
0.00069499,115.5,17,0.00069499,231,2,53,63.5,4,VPN_Tunnel,ISCX_VPN_2016
0.00130415,115.5,17,0.00130415,231,2,53,61.5,4,VPN_Tunnel,ISCX_VPN_2016
0.000720978,115.5,17,0.000720978,231,2,53,63.5,4,VPN_Tunnel,ISCX_VPN_2016
0.000672102,115.5,17,0.000672102,231,2,53,63.5,4,VPN_Tunnel,ISCX_VPN_2016
0.054258347,122,17,0.16277504,488,4,50015,71.5,4,VPN_Tunnel,ISCX_VPN_2016
0.075472116,115.5,17,0.075472116,231,2,53,63.5,4,VPN_Tunnel,ISCX_VPN_2016
0.054343303,122,17,0.163029909,488,4,50015,71.5,4,VPN_Tunnel,ISCX_VPN_2016
0.000757933,115.5,17,0.000757933,231,2,53,63.5,4,VPN_Tunnel,ISCX_VPN_2016
0.000727892,115.5,17,0.000727892,231,2,53,63.5,4,VPN_Tunnel,ISCX_VPN_2016
0.000725985,115.5,17,0.000725985,231,2,53,63.5,4,VPN_Tunnel,ISCX_VPN_2016
0.000747919,115.5,17,0.000747919,231,2,53,63.5,4,VPN_Tunnel,ISCX_VPN_2016
0.053977728,122,17,0.161933184,488,4,50015,71.5,4,VPN_Tunnel,ISCX_VPN_2016
0.000790119,115.5,17,0.000790119,231,2,53,63.5,4,VPN_Tunnel,ISCX_VPN_2016
0.000739098,115.5,17,0.000739098,231,2,53,63.5,4,VPN_Tunnel,ISCX_VPN_2016
0.000714064,115.5,17,0.000714064,231,2,53,63.5,4,VPN_Tunnel,ISCX_VPN_2016
0.000812054,115.5,17,0.000812054,231,2,53,63.5,4,VPN_Tunnel,ISCX_VPN_2016
0.000807047,115.5,17,0.000807047,231,2,53,63.5,4,VPN_Tunnel,ISCX_VPN_2016
0.054117044,122,17,0.162351131,488,4,50015,71.5,4,VPN_Tunnel,ISCX_VPN_2016
0.000752926,115.5,17,0.000752926,231,2,53,63.5,4,VPN_Tunnel,ISCX_VPN_2016
0.00067091,115.5,17,0.00067091,231,2,53,63.5,4,VPN_Tunnel,ISCX_VPN_2016
0.000736952,115.5,17,0.000736952,231,2,53,63.5,4,VPN_Tunnel,ISCX_VPN_2016
0.000781059,115.5,17,0.000781059,231,2,53,63.5,4,VPN_Tunnel,ISCX_VPN_2016
0.054129998,122,17,0.162389994,488,4,50015,71.5,4,VPN_Tunnel,ISCX_VPN_2016
0.000687122,115.5,17,0.000687122,231,2,53,63.5,4,VPN_Tunnel,ISCX_VPN_2016
0.000901222,115.5,17,0.000901222,231,2,53,63.5,4,VPN_Tunnel,ISCX_VPN_2016
0.053983688,122,17,0.161951065,488,4,50015,71.5,4,VPN_Tunnel,ISCX_VPN_2016
0.054203987,122,17,0.162611961,488,4,50015,71.5,4,VPN_Tunnel,ISCX_VPN_2016
0.053994338,122,17,0.161983013,488,4,50015,71.5,4,VPN_Tunnel,ISCX_VPN_2016
0.076757908,121.5,17,0.076757908,243,2,53,63.5,4,VPN_Tunnel,ISCX_VPN_2016
0.000801802,121.5,17,0.000801802,243,2,53,63.5,4,VPN_Tunnel,ISCX_VPN_2016
3.442140021,161.2777778,6,182.4334211,8709,54,443,69.5,4,VPN_Tunnel,ISCX_VPN_2016
0.080793142,58,17,0.080793142,116,2,3478,71.5,4,VPN_Tunnel,ISCX_VPN_2016
0.080723047,58,17,0.080723047,116,2,3478,71.5,4,VPN_Tunnel,ISCX_VPN_2016
0.08078289,58,17,0.08078289,116,2,3478,71.5,4,VPN_Tunnel,ISCX_VPN_2016
0.083184004,58,17,0.083184004,116,2,3478,71.5,4,VPN_Tunnel,ISCX_VPN_2016
0.082422018,58,17,0.082422018,116,2,3478,71.5,4,VPN_Tunnel,ISCX_VPN_2016
0.000696898,115.5,17,0.000696898,231,2,53,63.5,4,VPN_Tunnel,ISCX_VPN_2016
0.080903053,58,17,0.080903053,116,2,3478,71,4,VPN_Tunnel,ISCX_VPN_2016
0.080921173,58,17,0.080921173,116,2,3478,71.5,4,VPN_Tunnel,ISCX_VPN_2016
0.082271099,58,17,0.082271099,116,2,3478,71.5,4,VPN_Tunnel,ISCX_VPN_2016
0.081385851,58,17,0.081385851,116,2,3478,71.5,4,VPN_Tunnel,ISCX_VPN_2016
0.080811977,58,17,0.080811977,116,2,3478,71.5,4,VPN_Tunnel,ISCX_VPN_2016
0.080961943,58,17,0.080961943,116,2,3478,71.5,4,VPN_Tunnel,ISCX_VPN_2016
0.000717878,115.5,17,0.000717878,231,2,53,63.5,4,VPN_Tunnel,ISCX_VPN_2016
0.081025124,58,17,0.081025124,116,2,3478,71.5,4,VPN_Tunnel,ISCX_VPN_2016
864.7225233,119.5,17,2594.16757,478,4,53,63.5,4,VPN_Tunnel,ISCX_VPN_2016
0.000714064,115.5,17,0.000714064,231,2,53,63.5,4,VPN_Tunnel,ISCX_VPN_2016
0.000758171,115.5,17,0.000758171,231,2,53,63.5,4,VPN_Tunnel,ISCX_VPN_2016
0.000711918,115.5,17,0.000711918,231,2,53,63.5,4,VPN_Tunnel,ISCX_VPN_2016
0.0015769,115.5,17,0.0015769,231,2,53,61.5,4,VPN_Tunnel,ISCX_VPN_2016
0.00469754,67.91666667,6,0.051672935,815,12,443,59,4,VPN_Tunnel,ISCX_VPN_2016
0.399183728,62.08333333,6,4.391021013,745,12,443,58.58333333,4,VPN_Tunnel,ISCX_VPN_2016
0.000830889,115.5,17,0.000830889,231,2,53,63.5,4,VPN_Tunnel,ISCX_VPN_2016
0.075374842,115.5,17,0.075374842,231,2,53,63.5,4,VPN_Tunnel,ISCX_VPN_2016
0.075864077,115.5,17,0.075864077,231,2,53,61.5,4,VPN_Tunnel,ISCX_VPN_2016
0.000849962,123.5,17,0.000849962,247,2,53,63.5,4,VPN_Tunnel,ISCX_VPN_2016
0.000760078,123.5,17,0.000760078,247,2,53,63.5,4,VPN_Tunnel,ISCX_VPN_2016
0.000715971,123.5,17,0.000715971,247,2,53,63.5,4,VPN_Tunnel,ISCX_VPN_2016
0.000676155,123.5,17,0.000676155,247,2,53,63.5,4,VPN_Tunnel,ISCX_VPN_2016
0.000838995,153,17,0.000838995,306,2,53,63.5,4,VPN_Tunnel,ISCX_VPN_2016
0.000813961,115.5,17,0.000813961,231,2,53,63.5,4,VPN_Tunnel,ISCX_VPN_2016
0.000726938,115.5,17,0.000726938,231,2,53,63.5,4,VPN_Tunnel,ISCX_VPN_2016
0.001647949,115.5,17,0.001647949,231,2,53,61.5,4,VPN_Tunnel,ISCX_VPN_2016
0.00082612,153,17,0.00082612,306,2,53,63.5,4,VPN_Tunnel,ISCX_VPN_2016
0.000841856,153,17,0.000841856,306,2,53,63.5,4,VPN_Tunnel,ISCX_VPN_2016
0.001484871,153,17,0.001484871,306,2,53,61.5,4,VPN_Tunnel,ISCX_VPN_2016
0.000871181,153,17,0.000871181,306,2,53,63.5,4,VPN_Tunnel,ISCX_VPN_2016
0.000888109,123.5,17,0.000888109,247,2,53,63.5,4,VPN_Tunnel,ISCX_VPN_2016
0.000720024,123.5,17,0.000720024,247,2,53,63.5,4,VPN_Tunnel,ISCX_VPN_2016
0.000745058,123.5,17,0.000745058,247,2,53,63.5,4,VPN_Tunnel,ISCX_VPN_2016
0.000580072,123.5,17,0.000580072,247,2,53,63.5,4,VPN_Tunnel,ISCX_VPN_2016
0.00086689,115.5,17,0.00086689,231,2,53,63.5,4,VPN_Tunnel,ISCX_VPN_2016
0.001014948,115.5,17,0.001014948,231,2,53,63.5,4,VPN_Tunnel,ISCX_VPN_2016
0.075499058,115.5,17,0.075499058,231,2,53,63.5,4,VPN_Tunnel,ISCX_VPN_2016
0.075778008,115.5,17,0.075778008,231,2,53,61.5,4,VPN_Tunnel,ISCX_VPN_2016
0.000731945,115.5,17,0.000731945,231,2,53,63.5,4,VPN_Tunnel,ISCX_VPN_2016
0.000841141,115.5,17,0.000841141,231,2,53,63.5,4,VPN_Tunnel,ISCX_VPN_2016
0.002368212,115.5,17,0.002368212,231,2,53,61.5,4,VPN_Tunnel,ISCX_VPN_2016
0.000555992,115.5,17,0.000555992,231,2,53,63.5,4,VPN_Tunnel,ISCX_VPN_2016
0.00078702,115.5,17,0.00078702,231,2,53,63.5,4,VPN_Tunnel,ISCX_VPN_2016
0.00067687,115.5,17,0.00067687,231,2,53,63.5,4,VPN_Tunnel,ISCX_VPN_2016
0.000635147,106,17,0.000635147,212,2,53,63.5,4,VPN_Tunnel,ISCX_VPN_2016
1.038766086,82.15384615,6,12.46519303,1068,13,3478,69.76923077,4,VPN_Tunnel,ISCX_VPN_2016
1.038767497,82.15384615,6,12.46520996,1068,13,443,69.76923077,4,VPN_Tunnel,ISCX_VPN_2016
1.038774014,82.15384615,6,12.46528816,1068,13,3478,69.76923077,4,VPN_Tunnel,ISCX_VPN_2016
1.038767656,82.15384615,6,12.46521187,1068,13,443,69.76923077,4,VPN_Tunnel,ISCX_VPN_2016
1.038639347,82.15384615,6,12.46367216,1068,13,3478,69.76923077,4,VPN_Tunnel,ISCX_VPN_2016
1.038654586,82.15384615,6,12.46385503,1068,13,443,69.76923077,4,VPN_Tunnel,ISCX_VPN_2016
1.038636168,82.15384615,6,12.46363401,1068,13,3478,69.38461538,4,VPN_Tunnel,ISCX_VPN_2016
1.038630247,82.15384615,6,12.46356297,1068,13,443,69.76923077,4,VPN_Tunnel,ISCX_VPN_2016
1.038523575,82.15384615,6,12.4622829,1068,13,3478,69.38461538,4,VPN_Tunnel,ISCX_VPN_2016
1.038527509,82.15384615,6,12.4623301,1068,13,443,69.76923077,4,VPN_Tunnel,ISCX_VPN_2016
1.038419584,82.15384615,6,12.46103501,1068,13,3478,69.76923077,4,VPN_Tunnel,ISCX_VPN_2016
1.038421988,82.15384615,6,12.46106386,1068,13,443,69.76923077,4,VPN_Tunnel,ISCX_VPN_2016
1.038307508,82.15384615,6,12.45969009,1068,13,3478,69.76923077,4,VPN_Tunnel,ISCX_VPN_2016
1.038312594,82.15384615,6,12.45975113,1068,13,443,69.76923077,4,VPN_Tunnel,ISCX_VPN_2016
0.053925673,122,17,0.16177702,488,4,50015,71.5,4,VPN_Tunnel,ISCX_VPN_2016
0.000714064,115.5,17,0.000714064,231,2,53,63.5,4,VPN_Tunnel,ISCX_VPN_2016
0.00065589,115.5,17,0.00065589,231,2,53,63.5,4,VPN_Tunnel,ISCX_VPN_2016
0.000781059,115.5,17,0.000781059,231,2,53,63.5,4,VPN_Tunnel,ISCX_VPN_2016
0.000651836,115.5,17,0.000651836,231,2,53,63.5,4,VPN_Tunnel,ISCX_VPN_2016
0.00064683,115.5,17,0.00064683,231,2,53,63.5,4,VPN_Tunnel,ISCX_VPN_2016
0.000621796,115.5,17,0.000621796,231,2,53,63.5,4,VPN_Tunnel,ISCX_VPN_2016
0.000734806,115.5,17,0.000734806,231,2,53,63.5,4,VPN_Tunnel,ISCX_VPN_2016
0.000638008,115.5,17,0.000638008,231,2,53,63.5,4,VPN_Tunnel,ISCX_VPN_2016
0.000720024,115.5,17,0.000720024,231,2,53,63.5,4,VPN_Tunnel,ISCX_VPN_2016
0.000575066,115.5,17,0.000575066,231,2,53,63.5,4,VPN_Tunnel,ISCX_VPN_2016
0.000573158,115.5,17,0.000573158,231,2,53,63.5,4,VPN_Tunnel,ISCX_VPN_2016
