inter_arrival_time,packet_size,protocol,flow_duration,total_bytes,packet_count,dst_port,ttl,label,class_name,dataset
1.8999999156221747e-05,772.5,6.0,0.0001,1545.0,2.0,443.0,32.0,0,Normal_BitTorrent,USTC_TFC_2016
0.00010200000178883784,116.5,6.0,0.00010200000178883784,233.0,2.0,443.0,32.0,0,Normal_BitTorrent,USTC_TFC_2016
6.800000119255856e-05,772.5,6.0,0.0001,1545.0,2.0,443.0,32.0,0,Normal_BitTorrent,USTC_TFC_2016
8.099999831756577e-05,103.0,6.0,0.0001,206.0,2.0,443.0,32.0,0,Normal_BitTorrent,USTC_TFC_2016
9.800000043469481e-05,103.0,6.0,0.0001,206.0,2.0,443.0,32.0,0,Normal_BitTorrent,USTC_TFC_2016
2.89999989036005e-05,488.0,6.0,0.0001,976.0,2.0,443.0,32.0,0,Normal_BitTorrent,USTC_TFC_2016
3.099999958067201e-05,103.0,6.0,0.0001,206.0,2.0,443.0,32.0,0,Normal_BitTorrent,USTC_TFC_2016
7.999999797903001e-05,772.5,6.0,0.0001,1545.0,2.0,443.0,32.0,0,Normal_BitTorrent,USTC_TFC_2016
9.199999840348028e-05,102.5,6.0,0.0001,205.0,2.0,443.0,32.0,0,Normal_BitTorrent,USTC_TFC_2016
3.400000059627928e-05,772.5,6.0,0.0001,1545.0,2.0,443.0,32.0,0,Normal_BitTorrent,USTC_TFC_2016
6.999999823165126e-05,744.0,6.0,0.0001,1488.0,2.0,443.0,32.0,0,Normal_BitTorrent,USTC_TFC_2016
2.7999998565064743e-05,744.0,6.0,0.0001,1488.0,2.0,443.0,32.0,0,Normal_BitTorrent,USTC_TFC_2016
3.199999991920777e-05,276.5,6.0,0.0001,553.0,2.0,443.0,32.0,0,Normal_BitTorrent,USTC_TFC_2016
7.200000254670158e-05,772.5,6.0,0.0001,1545.0,2.0,443.0,32.0,0,Normal_BitTorrent,USTC_TFC_2016
3.7000001611886546e-05,772.5,6.0,0.0001,1545.0,2.0,443.0,32.0,0,Normal_BitTorrent,USTC_TFC_2016
3.099999958067201e-05,744.0,6.0,0.0001,1488.0,2.0,443.0,32.0,0,Normal_BitTorrent,USTC_TFC_2016
4.199999966658652e-05,772.5,6.0,0.0001,1545.0,2.0,443.0,32.0,0,Normal_BitTorrent,USTC_TFC_2016
7.999999797903001e-05,772.5,6.0,0.0001,1545.0,2.0,443.0,32.0,0,Normal_BitTorrent,USTC_TFC_2016
2.9999999242136255e-05,772.5,6.0,0.0001,1545.0,2.0,443.0,32.0,0,Normal_BitTorrent,USTC_TFC_2016
6.600000051548705e-05,772.5,6.0,0.0001,1545.0,2.0,443.0,32.0,0,Normal_BitTorrent,USTC_TFC_2016
7.199999890872277e-05,102.5,6.0,0.0001,205.0,2.0,443.0,32.0,0,Normal_BitTorrent,USTC_TFC_2016
2.599999788799323e-05,276.5,6.0,0.0001,553.0,2.0,443.0,32.0,0,Normal_BitTorrent,USTC_TFC_2016
3.2999996619764715e-05,772.5,6.0,0.0001,1545.0,2.0,443.0,32.0,0,Normal_BitTorrent,USTC_TFC_2016
6.100000246078707e-05,772.5,6.0,0.0001,1545.0,2.0,443.0,32.0,0,Normal_BitTorrent,USTC_TFC_2016
4.100000296602957e-05,744.0,6.0,0.0001,1488.0,2.0,443.0,32.0,0,Normal_BitTorrent,USTC_TFC_2016
2.9000002541579306e-05,276.5,6.0,0.0001,553.0,2.0,443.0,32.0,0,Normal_BitTorrent,USTC_TFC_2016
2.5000001187436283e-05,276.5,6.0,0.0001,553.0,2.0,443.0,32.0,0,Normal_BitTorrent,USTC_TFC_2016
3.400000059627928e-05,744.0,6.0,0.0001,1488.0,2.0,443.0,32.0,0,Normal_BitTorrent,USTC_TFC_2016
4.199999966658652e-05,488.0,6.0,0.0001,976.0,2.0,443.0,32.0,0,Normal_BitTorrent,USTC_TFC_2016
1.9000002794200554e-05,772.5,6.0,0.0001,1545.0,2.0,443.0,32.0,0,Normal_BitTorrent,USTC_TFC_2016
2.300000051036477e-05,488.0,6.0,0.0001,976.0,2.0,443.0,32.0,0,Normal_BitTorrent,USTC_TFC_2016
0.00013000000035390258,772.5,6.0,0.00013000000035390258,1545.0,2.0,443.0,32.0,0,Normal_BitTorrent,USTC_TFC_2016
7.800000093993731e-05,772.5,6.0,0.0001,1545.0,2.0,443.0,32.0,0,Normal_BitTorrent,USTC_TFC_2016
0.00010900000052060932,772.5,6.0,0.00010900000052060932,1545.0,2.0,443.0,32.0,0,Normal_BitTorrent,USTC_TFC_2016
7.800000093993731e-05,116.5,6.0,0.0001,233.0,2.0,443.0,32.0,0,Normal_BitTorrent,USTC_TFC_2016
0.00011099999755970202,488.0,6.0,0.00011099999755970202,976.0,2.0,443.0,32.0,0,Normal_BitTorrent,USTC_TFC_2016
1.8999999156221747e-05,772.5,6.0,0.0001,1545.0,2.0,443.0,32.0,0,Normal_BitTorrent,USTC_TFC_2016
0.00013299999773153104,102.5,6.0,0.00013299999773153104,205.0,2.0,443.0,32.0,0,Normal_BitTorrent,USTC_TFC_2016
6.399999983841553e-05,116.5,6.0,0.0001,233.0,2.0,443.0,32.0,0,Normal_BitTorrent,USTC_TFC_2016
6.199999916134402e-05,116.5,6.0,0.0001,233.0,2.0,443.0,32.0,0,Normal_BitTorrent,USTC_TFC_2016
4.499999704421498e-05,772.5,6.0,0.0001,1545.0,2.0,443.0,32.0,0,Normal_BitTorrent,USTC_TFC_2016
8.50000033096876e-05,116.5,6.0,0.0001,233.0,2.0,443.0,32.0,0,Normal_BitTorrent,USTC_TFC_2016
9.200000204145908e-05,772.5,6.0,0.0001,1545.0,2.0,443.0,32.0,0,Normal_BitTorrent,USTC_TFC_2016
9.399999908055179e-05,744.0,6.0,0.0001,1488.0,2.0,443.0,32.0,0,Normal_BitTorrent,USTC_TFC_2016
8.900000102585182e-05,744.0,6.0,0.0001,1488.0,2.0,443.0,32.0,0,Normal_BitTorrent,USTC_TFC_2016
6.900000153109431e-05,276.5,6.0,0.0001,553.0,2.0,443.0,32.0,0,Normal_BitTorrent,USTC_TFC_2016
5.400000009103678e-05,772.5,6.0,0.0001,1545.0,2.0,443.0,32.0,0,Normal_BitTorrent,USTC_TFC_2016
0.00011600000289035961,772.5,6.0,0.00011600000289035961,1545.0,2.0,443.0,32.0,0,Normal_BitTorrent,USTC_TFC_2016
3.5000000934815034e-05,116.5,6.0,0.0001,233.0,2.0,443.0,32.0,0,Normal_BitTorrent,USTC_TFC_2016
8.100000195554458e-05,772.5,6.0,0.0001,1545.0,2.0,443.0,32.0,0,Normal_BitTorrent,USTC_TFC_2016
0.00010000000111176632,103.0,6.0,0.00010000000111176632,206.0,2.0,443.0,32.0,0,Normal_BitTorrent,USTC_TFC_2016
7.499999992433004e-05,744.0,6.0,0.0001,1488.0,2.0,443.0,32.0,0,Normal_BitTorrent,USTC_TFC_2016
8.70000003487803e-05,276.5,6.0,0.0001,553.0,2.0,443.0,32.0,0,Normal_BitTorrent,USTC_TFC_2016
7.200000254670158e-05,116.5,6.0,0.0001,233.0,2.0,443.0,32.0,0,Normal_BitTorrent,USTC_TFC_2016
7.79999973019585e-05,772.5,6.0,0.0001,1545.0,2.0,443.0,32.0,0,Normal_BitTorrent,USTC_TFC_2016
8.600000001024455e-05,276.5,6.0,0.0001,553.0,2.0,443.0,32.0,0,Normal_BitTorrent,USTC_TFC_2016
5.0999999075429514e-05,772.5,6.0,0.0001,1545.0,2.0,443.0,32.0,0,Normal_BitTorrent,USTC_TFC_2016
0.00010299999848939478,772.5,6.0,0.00010299999848939478,1545.0,2.0,443.0,32.0,0,Normal_BitTorrent,USTC_TFC_2016
1.9999999494757503e-05,772.5,6.0,0.0001,1545.0,2.0,443.0,32.0,0,Normal_BitTorrent,USTC_TFC_2016
6.600000051548705e-05,772.5,6.0,0.0001,1545.0,2.0,443.0,32.0,0,Normal_BitTorrent,USTC_TFC_2016
6.500000017695129e-05,103.0,6.0,0.0001,206.0,2.0,443.0,32.0,0,Normal_BitTorrent,USTC_TFC_2016
2.599999788799323e-05,772.5,6.0,0.0001,1545.0,2.0,443.0,32.0,0,Normal_BitTorrent,USTC_TFC_2016
9.100000170292333e-05,744.0,6.0,0.0001,1488.0,2.0,443.0,32.0,0,Normal_BitTorrent,USTC_TFC_2016
0.00010700000348151661,772.5,6.0,0.00010700000348151661,1545.0,2.0,443.0,32.0,0,Normal_BitTorrent,USTC_TFC_2016
6.800000119255856e-05,276.5,6.0,0.0001,553.0,2.0,443.0,32.0,0,Normal_BitTorrent,USTC_TFC_2016
8.000000161700882e-05,772.5,6.0,0.0001,1545.0,2.0,443.0,32.0,0,Normal_BitTorrent,USTC_TFC_2016
6.800000119255856e-05,772.5,6.0,0.0001,1545.0,2.0,443.0,32.0,0,Normal_BitTorrent,USTC_TFC_2016
2.9999999242136255e-05,772.5,6.0,0.0001,1545.0,2.0,443.0,32.0,0,Normal_BitTorrent,USTC_TFC_2016
1.4000001101521775e-05,102.5,6.0,0.0001,205.0,2.0,443.0,32.0,0,Normal_BitTorrent,USTC_TFC_2016
0.00014200000077835284,488.0,6.0,0.00014200000077835284,976.0,2.0,443.0,32.0,0,Normal_BitTorrent,USTC_TFC_2016
6.500000017695129e-05,116.5,6.0,0.0001,233.0,2.0,443.0,32.0,0,Normal_BitTorrent,USTC_TFC_2016
8.000000161700882e-05,103.0,6.0,0.0001,206.0,2.0,443.0,32.0,0,Normal_BitTorrent,USTC_TFC_2016
6.600000051548705e-05,772.5,6.0,0.0001,1545.0,2.0,443.0,32.0,0,Normal_BitTorrent,USTC_TFC_2016
7.800000093993731e-05,772.5,6.0,0.0001,1545.0,2.0,443.0,32.0,0,Normal_BitTorrent,USTC_TFC_2016
0.00010800000018207356,772.5,6.0,0.00010800000018207356,1545.0,2.0,443.0,32.0,0,Normal_BitTorrent,USTC_TFC_2016
9.999999747378752e-05,772.5,6.0,0.0001,1545.0,2.0,443.0,32.0,0,Normal_BitTorrent,USTC_TFC_2016
3.199999991920777e-05,772.5,6.0,0.0001,1545.0,2.0,443.0,32.0,0,Normal_BitTorrent,USTC_TFC_2016
0.00011600000289035961,772.5,6.0,0.00011600000289035961,1545.0,2.0,443.0,32.0,0,Normal_BitTorrent,USTC_TFC_2016
0.00011000000085914508,116.5,6.0,0.00011000000085914508,233.0,2.0,443.0,32.0,0,Normal_BitTorrent,USTC_TFC_2016
0.00012599999899975955,772.5,6.0,0.00012599999899975955,1545.0,2.0,443.0,32.0,0,Normal_BitTorrent,USTC_TFC_2016
3.499999729683623e-05,103.0,6.0,0.0001,206.0,2.0,443.0,32.0,0,Normal_BitTorrent,USTC_TFC_2016
7.900000127847306e-05,103.0,6.0,0.0001,206.0,2.0,443.0,32.0,0,Normal_BitTorrent,USTC_TFC_2016
9.700000009615906e-05,772.5,6.0,0.0001,1545.0,2.0,443.0,32.0,0,Normal_BitTorrent,USTC_TFC_2016
0.00017699999807518907,102.5,6.0,0.00017699999807518907,205.0,2.0,443.0,32.0,0,Normal_BitTorrent,USTC_TFC_2016
0.00010699999984353781,744.0,6.0,0.00010699999984353781,1488.0,2.0,443.0,32.0,0,Normal_BitTorrent,USTC_TFC_2016
0.00014999999984866008,744.0,6.0,0.00014999999984866008,1488.0,2.0,443.0,32.0,0,Normal_BitTorrent,USTC_TFC_2016
8.70000003487803e-05,772.5,6.0,0.0001,1545.0,2.0,443.0,32.0,0,Normal_BitTorrent,USTC_TFC_2016
2.2999996872385964e-05,116.5,6.0,0.0001,233.0,2.0,443.0,32.0,0,Normal_BitTorrent,USTC_TFC_2016
5.199999941396527e-05,103.0,6.0,0.0001,206.0,2.0,443.0,32.0,0,Normal_BitTorrent,USTC_TFC_2016
9.199999840348028e-05,103.0,6.0,0.0001,206.0,2.0,443.0,32.0,0,Normal_BitTorrent,USTC_TFC_2016
0.00013799999942420982,276.5,6.0,0.00013799999942420982,553.0,2.0,443.0,32.0,0,Normal_BitTorrent,USTC_TFC_2016
1.599999814061448e-05,116.5,6.0,0.0001,233.0,2.0,443.0,32.0,0,Normal_BitTorrent,USTC_TFC_2016
3.9999998989515007e-05,103.0,6.0,0.0001,206.0,2.0,443.0,32.0,0,Normal_BitTorrent,USTC_TFC_2016
7.700000060140155e-05,103.0,6.0,0.0001,206.0,2.0,443.0,32.0,0,Normal_BitTorrent,USTC_TFC_2016
9.300000237999484e-05,103.0,6.0,0.0001,206.0,2.0,443.0,32.0,0,Normal_BitTorrent,USTC_TFC_2016
3.7999998312443495e-05,276.5,6.0,0.0001,553.0,2.0,443.0,32.0,0,Normal_BitTorrent,USTC_TFC_2016
0.00015500000154133886,772.5,6.0,0.00015500000154133886,1545.0,2.0,443.0,32.0,0,Normal_BitTorrent,USTC_TFC_2016
8.800000068731606e-05,772.5,6.0,0.0001,1545.0,2.0,443.0,32.0,0,Normal_BitTorrent,USTC_TFC_2016
7.900000127847306e-05,102.5,6.0,0.0001,205.0,2.0,443.0,32.0,0,Normal_BitTorrent,USTC_TFC_2016
0.00012000000060652383,772.5,6.0,0.00012000000060652383,1545.0,2.0,443.0,32.0,0,Normal_BitTorrent,USTC_TFC_2016
9.800000043469481e-05,116.5,6.0,0.0001,233.0,2.0,443.0,32.0,0,Normal_BitTorrent,USTC_TFC_2016
8.299999899463728e-05,744.0,6.0,0.0001,1488.0,2.0,443.0,32.0,0,Normal_BitTorrent,USTC_TFC_2016
6.000000212225132e-05,772.5,6.0,0.0001,1545.0,2.0,443.0,32.0,0,Normal_BitTorrent,USTC_TFC_2016
7.299999924725853e-05,276.5,6.0,0.0001,553.0,2.0,443.0,32.0,0,Normal_BitTorrent,USTC_TFC_2016
6.6999997216044e-05,772.5,6.0,0.0001,1545.0,2.0,443.0,32.0,0,Normal_BitTorrent,USTC_TFC_2016
8.70000003487803e-05,772.5,6.0,0.0001,1545.0,2.0,443.0,32.0,0,Normal_BitTorrent,USTC_TFC_2016
4.199999966658652e-05,772.5,6.0,0.0001,1545.0,2.0,443.0,32.0,0,Normal_BitTorrent,USTC_TFC_2016
6.800000119255856e-05,744.0,6.0,0.0001,1488.0,2.0,443.0,32.0,0,Normal_BitTorrent,USTC_TFC_2016
4.999999873689376e-05,772.5,6.0,0.0001,1545.0,2.0,443.0,32.0,0,Normal_BitTorrent,USTC_TFC_2016
6.799999755457975e-05,744.0,6.0,0.0001,1488.0,2.0,443.0,32.0,0,Normal_BitTorrent,USTC_TFC_2016
5.8000001445179805e-05,116.5,6.0,0.0001,233.0,2.0,443.0,32.0,0,Normal_BitTorrent,USTC_TFC_2016
6.199999916134402e-05,116.5,6.0,0.0001,233.0,2.0,443.0,32.0,0,Normal_BitTorrent,USTC_TFC_2016
4.499999704421498e-05,116.5,6.0,0.0001,233.0,2.0,443.0,32.0,0,Normal_BitTorrent,USTC_TFC_2016
6.000000212225132e-05,116.5,6.0,0.0001,233.0,2.0,443.0,32.0,0,Normal_BitTorrent,USTC_TFC_2016
7.60000002628658e-05,103.0,6.0,0.0001,206.0,2.0,443.0,32.0,0,Normal_BitTorrent,USTC_TFC_2016
5.199999941396527e-05,744.0,6.0,0.0001,1488.0,2.0,443.0,32.0,0,Normal_BitTorrent,USTC_TFC_2016
5.2999999752501026e-05,276.5,6.0,0.0001,553.0,2.0,443.0,32.0,0,Normal_BitTorrent,USTC_TFC_2016
5.700000110664405e-05,772.5,6.0,0.0001,1545.0,2.0,443.0,32.0,0,Normal_BitTorrent,USTC_TFC_2016
6.299999949987978e-05,103.0,6.0,0.0001,206.0,2.0,443.0,32.0,0,Normal_BitTorrent,USTC_TFC_2016
3.699999797390774e-05,488.0,6.0,0.0001,976.0,2.0,443.0,32.0,0,Normal_BitTorrent,USTC_TFC_2016
6.799999755457975e-05,772.5,6.0,0.0001,1545.0,2.0,443.0,32.0,0,Normal_BitTorrent,USTC_TFC_2016
4.8000001697801054e-05,103.0,6.0,0.0001,206.0,2.0,443.0,32.0,0,Normal_BitTorrent,USTC_TFC_2016
0.00012000000060652383,744.0,6.0,0.00012000000060652383,1488.0,2.0,443.0,32.0,0,Normal_BitTorrent,USTC_TFC_2016
3.099999958067201e-05,103.0,6.0,0.0001,206.0,2.0,443.0,32.0,0,Normal_BitTorrent,USTC_TFC_2016
4.999999873689376e-05,102.5,6.0,0.0001,205.0,2.0,443.0,32.0,0,Normal_BitTorrent,USTC_TFC_2016
5.8999998145736754e-05,744.0,6.0,0.0001,1488.0,2.0,443.0,32.0,0,Normal_BitTorrent,USTC_TFC_2016
3.099999958067201e-05,744.0,6.0,0.0001,1488.0,2.0,443.0,32.0,0,Normal_BitTorrent,USTC_TFC_2016
5.999999848427251e-05,488.0,6.0,0.0001,976.0,2.0,443.0,32.0,0,Normal_BitTorrent,USTC_TFC_2016
5.499999679159373e-05,276.5,6.0,0.0001,553.0,2.0,443.0,32.0,0,Normal_BitTorrent,USTC_TFC_2016
6.000000212225132e-05,772.5,6.0,0.0001,1545.0,2.0,443.0,32.0,0,Normal_BitTorrent,USTC_TFC_2016
2.600000152597204e-05,772.5,6.0,0.0001,1545.0,2.0,443.0,32.0,0,Normal_BitTorrent,USTC_TFC_2016
6.600000051548705e-05,103.0,6.0,0.0001,206.0,2.0,443.0,32.0,0,Normal_BitTorrent,USTC_TFC_2016
2.4000000848900527e-05,276.5,6.0,0.0001,553.0,2.0,443.0,32.0,0,Normal_BitTorrent,USTC_TFC_2016
9.299999874201603e-05,772.5,6.0,0.0001,1545.0,2.0,443.0,32.0,0,Normal_BitTorrent,USTC_TFC_2016
2.6999998226528987e-05,772.5,6.0,0.0001,1545.0,2.0,443.0,32.0,0,Normal_BitTorrent,USTC_TFC_2016
3.5000000934815034e-05,744.0,6.0,0.0001,1488.0,2.0,443.0,32.0,0,Normal_BitTorrent,USTC_TFC_2016
3.099999958067201e-05,744.0,6.0,0.0001,1488.0,2.0,443.0,32.0,0,Normal_BitTorrent,USTC_TFC_2016
2.89999989036005e-05,488.0,6.0,0.0001,976.0,2.0,443.0,32.0,0,Normal_BitTorrent,USTC_TFC_2016
3.5000000934815034e-05,772.5,6.0,0.0001,1545.0,2.0,443.0,32.0,0,Normal_BitTorrent,USTC_TFC_2016
3.900000228895806e-05,744.0,6.0,0.0001,1488.0,2.0,443.0,32.0,0,Normal_BitTorrent,USTC_TFC_2016
8.399999933317304e-05,116.5,6.0,0.0001,233.0,2.0,443.0,32.0,0,Normal_BitTorrent,USTC_TFC_2016
1.4999997802078724e-05,103.0,6.0,0.0001,206.0,2.0,443.0,32.0,0,Normal_BitTorrent,USTC_TFC_2016
9.100000170292333e-05,744.0,6.0,0.0001,1488.0,2.0,443.0,32.0,0,Normal_BitTorrent,USTC_TFC_2016
6.600000051548705e-05,103.0,6.0,0.0001,206.0,2.0,443.0,32.0,0,Normal_BitTorrent,USTC_TFC_2016
6.199999916134402e-05,103.0,6.0,0.0001,206.0,2.0,443.0,32.0,0,Normal_BitTorrent,USTC_TFC_2016
5.0999999075429514e-05,116.5,6.0,0.0001,233.0,2.0,443.0,32.0,0,Normal_BitTorrent,USTC_TFC_2016
8.000000161700882e-05,744.0,6.0,0.0001,1488.0,2.0,443.0,32.0,0,Normal_BitTorrent,USTC_TFC_2016
5.0999999075429514e-05,772.5,6.0,0.0001,1545.0,2.0,443.0,32.0,0,Normal_BitTorrent,USTC_TFC_2016
5.8000001445179805e-05,744.0,6.0,0.0001,1488.0,2.0,443.0,32.0,0,Normal_BitTorrent,USTC_TFC_2016
4.999999873689376e-05,772.5,6.0,0.0001,1545.0,2.0,443.0,32.0,0,Normal_BitTorrent,USTC_TFC_2016
7.699999696342275e-05,772.5,6.0,0.0001,1545.0,2.0,443.0,32.0,0,Normal_BitTorrent,USTC_TFC_2016
5.2999999752501026e-05,116.5,6.0,0.0001,233.0,2.0,443.0,32.0,0,Normal_BitTorrent,USTC_TFC_2016
3.900000228895806e-05,744.0,6.0,0.0001,1488.0,2.0,443.0,32.0,0,Normal_BitTorrent,USTC_TFC_2016
4.199999966658652e-05,772.5,6.0,0.0001,1545.0,2.0,443.0,32.0,0,Normal_BitTorrent,USTC_TFC_2016
6.800000119255856e-05,772.5,6.0,0.0001,1545.0,2.0,443.0,32.0,0,Normal_BitTorrent,USTC_TFC_2016
7.700000060140155e-05,103.0,6.0,0.0001,206.0,2.0,443.0,32.0,0,Normal_BitTorrent,USTC_TFC_2016
8.299999899463728e-05,772.5,6.0,0.0001,1545.0,2.0,443.0,32.0,0,Normal_BitTorrent,USTC_TFC_2016
8.900000102585182e-05,103.0,6.0,0.0001,206.0,2.0,443.0,32.0,0,Normal_BitTorrent,USTC_TFC_2016
7.900000127847306e-05,116.5,6.0,0.0001,233.0,2.0,443.0,32.0,0,Normal_BitTorrent,USTC_TFC_2016
8.199999865610152e-05,744.0,6.0,0.0001,1488.0,2.0,443.0,32.0,0,Normal_BitTorrent,USTC_TFC_2016
3.199999991920777e-05,744.0,6.0,0.0001,1488.0,2.0,443.0,32.0,0,Normal_BitTorrent,USTC_TFC_2016
6.299999949987978e-05,276.5,6.0,0.0001,553.0,2.0,443.0,32.0,0,Normal_BitTorrent,USTC_TFC_2016
1.9999999494757503e-05,772.5,6.0,0.0001,1545.0,2.0,443.0,32.0,0,Normal_BitTorrent,USTC_TFC_2016
3.600000127335079e-05,772.5,6.0,0.0001,1545.0,2.0,443.0,32.0,0,Normal_BitTorrent,USTC_TFC_2016
3.099999958067201e-05,772.5,6.0,0.0001,1545.0,2.0,443.0,32.0,0,Normal_BitTorrent,USTC_TFC_2016
6.89999978931155e-05,744.0,6.0,0.0001,1488.0,2.0,443.0,32.0,0,Normal_BitTorrent,USTC_TFC_2016
2.099999983329326e-05,772.5,6.0,0.0001,1545.0,2.0,443.0,32.0,0,Normal_BitTorrent,USTC_TFC_2016
3.400000059627928e-05,744.0,6.0,0.0001,1488.0,2.0,443.0,32.0,0,Normal_BitTorrent,USTC_TFC_2016
3.400000059627928e-05,772.5,6.0,0.0001,1545.0,2.0,443.0,32.0,0,Normal_BitTorrent,USTC_TFC_2016
3.099999958067201e-05,772.5,6.0,0.0001,1545.0,2.0,443.0,32.0,0,Normal_BitTorrent,USTC_TFC_2016
4.400000034365803e-05,772.5,6.0,0.0001,1545.0,2.0,443.0,32.0,0,Normal_BitTorrent,USTC_TFC_2016
4.70000013592653e-05,772.5,6.0,0.0001,1545.0,2.0,443.0,32.0,0,Normal_BitTorrent,USTC_TFC_2016
3.400000059627928e-05,103.0,6.0,0.0001,206.0,2.0,443.0,32.0,0,Normal_BitTorrent,USTC_TFC_2016
5.199999941396527e-05,103.0,6.0,0.0001,206.0,2.0,443.0,32.0,0,Normal_BitTorrent,USTC_TFC_2016
5.199999941396527e-05,116.5,6.0,0.0001,233.0,2.0,443.0,32.0,0,Normal_BitTorrent,USTC_TFC_2016
8.299999899463728e-05,772.5,6.0,0.0001,1545.0,2.0,443.0,32.0,0,Normal_BitTorrent,USTC_TFC_2016
0.00014699999883305281,772.5,6.0,0.00014699999883305281,1545.0,2.0,443.0,32.0,0,Normal_BitTorrent,USTC_TFC_2016
2.89999989036005e-05,772.5,6.0,0.0001,1545.0,2.0,443.0,32.0,0,Normal_BitTorrent,USTC_TFC_2016
0.00014000000010128133,103.5,6.0,0.00014000000010128133,207.0,2.0,443.0,32.0,0,Normal_BitTorrent,USTC_TFC_2016
7.399999958579428e-05,103.0,6.0,0.0001,206.0,2.0,443.0,32.0,0,Normal_BitTorrent,USTC_TFC_2016
4.400000034365803e-05,103.0,6.0,0.0001,206.0,2.0,443.0,32.0,0,Normal_BitTorrent,USTC_TFC_2016
1.2000000424450263e-05,116.5,6.0,0.0001,233.0,2.0,443.0,32.0,0,Normal_BitTorrent,USTC_TFC_2016
0.00014399999781744555,744.0,6.0,0.00014399999781744555,1488.0,2.0,443.0,32.0,0,Normal_BitTorrent,USTC_TFC_2016
0.00010999999722116627,488.0,6.0,0.00010999999722116627,976.0,2.0,443.0,32.0,0,Normal_BitTorrent,USTC_TFC_2016
0.0001339999980700668,276.5,6.0,0.0001339999980700668,553.0,2.0,443.0,32.0,0,Normal_BitTorrent,USTC_TFC_2016
3.099999958067201e-05,772.5,6.0,0.0001,1545.0,2.0,443.0,32.0,0,Normal_BitTorrent,USTC_TFC_2016
3.400000059627928e-05,744.0,6.0,0.0001,1488.0,2.0,443.0,32.0,0,Normal_BitTorrent,USTC_TFC_2016
0.00012900000001536682,772.5,6.0,0.00012900000001536682,1545.0,2.0,443.0,32.0,0,Normal_BitTorrent,USTC_TFC_2016
9.40000027185306e-05,276.5,6.0,0.0001,553.0,2.0,443.0,32.0,0,Normal_BitTorrent,USTC_TFC_2016
8.900000102585182e-05,772.5,6.0,0.0001,1545.0,2.0,443.0,32.0,0,Normal_BitTorrent,USTC_TFC_2016
5.999999848427251e-05,103.0,6.0,0.0001,206.0,2.0,443.0,32.0,0,Normal_BitTorrent,USTC_TFC_2016
8.000000161700882e-05,103.0,6.0,0.0001,206.0,2.0,443.0,32.0,0,Normal_BitTorrent,USTC_TFC_2016
8.900000102585182e-05,744.0,6.0,0.0001,1488.0,2.0,443.0,32.0,0,Normal_BitTorrent,USTC_TFC_2016
0.00010599999950500205,744.0,6.0,0.00010599999950500205,1488.0,2.0,443.0,32.0,0,Normal_BitTorrent,USTC_TFC_2016
3.899999865097925e-05,744.0,6.0,0.0001,1488.0,2.0,443.0,32.0,0,Normal_BitTorrent,USTC_TFC_2016
2.5000001187436283e-05,488.0,6.0,0.0001,976.0,2.0,443.0,32.0,0,Normal_BitTorrent,USTC_TFC_2016
1.2000000424450263e-05,103.0,6.0,0.0001,206.0,2.0,443.0,32.0,0,Normal_BitTorrent,USTC_TFC_2016
7.299999924725853e-05,103.0,6.0,0.0001,206.0,2.0,443.0,32.0,0,Normal_BitTorrent,USTC_TFC_2016
5.999999848427251e-05,488.0,6.0,0.0001,976.0,2.0,443.0,32.0,0,Normal_BitTorrent,USTC_TFC_2016
7.60000002628658e-05,772.5,6.0,0.0001,1545.0,2.0,443.0,32.0,0,Normal_BitTorrent,USTC_TFC_2016
3.9999998989515007e-05,103.0,6.0,0.0001,206.0,2.0,443.0,32.0,0,Normal_BitTorrent,USTC_TFC_2016
9.499999941908754e-05,103.0,6.0,0.0001,206.0,2.0,443.0,32.0,0,Normal_BitTorrent,USTC_TFC_2016
5.6000000768108293e-05,772.5,6.0,0.0001,1545.0,2.0,443.0,32.0,0,Normal_BitTorrent,USTC_TFC_2016
0.00010599999950500205,116.5,6.0,0.00010599999950500205,233.0,2.0,443.0,32.0,0,Normal_BitTorrent,USTC_TFC_2016
2.600000152597204e-05,744.0,6.0,0.0001,1488.0,2.0,443.0,32.0,0,Normal_BitTorrent,USTC_TFC_2016
0.00010800000018207356,744.0,6.0,0.00010800000018207356,1488.0,2.0,443.0,32.0,0,Normal_BitTorrent,USTC_TFC_2016
6.299999949987978e-05,276.5,6.0,0.0001,553.0,2.0,443.0,32.0,0,Normal_BitTorrent,USTC_TFC_2016
9.700000009615906e-05,103.5,6.0,0.0001,207.0,2.0,443.0,32.0,0,Normal_BitTorrent,USTC_TFC_2016
7.399999958579428e-05,744.0,6.0,0.0001,1488.0,2.0,443.0,32.0,0,Normal_BitTorrent,USTC_TFC_2016
0.00011199999789823778,276.5,6.0,0.00011199999789823778,553.0,2.0,443.0,32.0,0,Normal_BitTorrent,USTC_TFC_2016
6.800000119255856e-05,276.5,6.0,0.0001,553.0,2.0,443.0,32.0,0,Normal_BitTorrent,USTC_TFC_2016
9.099999806494452e-05,744.0,6.0,0.0001,1488.0,2.0,443.0,32.0,0,Normal_BitTorrent,USTC_TFC_2016
0.00010899999688263051,744.0,6.0,0.00010899999688263051,1488.0,2.0,443.0,32.0,0,Normal_BitTorrent,USTC_TFC_2016
4.3000000005122274e-05,103.0,6.0,0.0001,206.0,2.0,443.0,32.0,0,Normal_BitTorrent,USTC_TFC_2016
4.7999998059822246e-05,116.5,6.0,0.0001,233.0,2.0,443.0,32.0,0,Normal_BitTorrent,USTC_TFC_2016
5.0000002374872565e-05,772.5,6.0,0.0001,1545.0,2.0,443.0,32.0,0,Normal_BitTorrent,USTC_TFC_2016
9.199999840348028e-05,116.5,6.0,0.0001,233.0,2.0,443.0,32.0,0,Normal_BitTorrent,USTC_TFC_2016
8.799999704933725e-05,744.0,6.0,0.0001,1488.0,2.0,443.0,32.0,0,Normal_BitTorrent,USTC_TFC_2016
4.999999873689376e-05,276.5,6.0,0.0001,553.0,2.0,443.0,32.0,0,Normal_BitTorrent,USTC_TFC_2016
6.800000119255856e-05,772.5,6.0,0.0001,1545.0,2.0,443.0,32.0,0,Normal_BitTorrent,USTC_TFC_2016
7.299999924725853e-05,772.5,6.0,0.0001,1545.0,2.0,443.0,32.0,0,Normal_BitTorrent,USTC_TFC_2016
0.00014000000010128133,772.5,6.0,0.00014000000010128133,1545.0,2.0,443.0,32.0,0,Normal_BitTorrent,USTC_TFC_2016
3.5000000934815034e-05,772.5,6.0,0.0001,1545.0,2.0,443.0,32.0,0,Normal_BitTorrent,USTC_TFC_2016
4.199999966658652e-05,772.5,6.0,0.0001,1545.0,2.0,443.0,32.0,0,Normal_BitTorrent,USTC_TFC_2016
3.899999865097925e-05,772.5,6.0,0.0001,1545.0,2.0,443.0,32.0,0,Normal_BitTorrent,USTC_TFC_2016
4.400000034365803e-05,772.5,6.0,0.0001,1545.0,2.0,443.0,32.0,0,Normal_BitTorrent,USTC_TFC_2016
2.4000000848900527e-05,744.0,6.0,0.0001,1488.0,2.0,443.0,32.0,0,Normal_BitTorrent,USTC_TFC_2016
7.300000288523734e-05,772.5,6.0,0.0001,1545.0,2.0,443.0,32.0,0,Normal_BitTorrent,USTC_TFC_2016
7.700000060140155e-05,116.5,6.0,0.0001,233.0,2.0,443.0,32.0,0,Normal_BitTorrent,USTC_TFC_2016
6.299999949987978e-05,772.5,6.0,0.0001,1545.0,2.0,443.0,32.0,0,Normal_BitTorrent,USTC_TFC_2016
3.300000025774352e-05,772.5,6.0,0.0001,1545.0,2.0,443.0,32.0,0,Normal_BitTorrent,USTC_TFC_2016
5.6000000768108293e-05,772.5,6.0,0.0001,1545.0,2.0,443.0,32.0,0,Normal_BitTorrent,USTC_TFC_2016
5.500000042957254e-05,102.5,6.0,0.0001,205.0,2.0,443.0,32.0,0,Normal_BitTorrent,USTC_TFC_2016
5.199999941396527e-05,103.0,6.0,0.0001,206.0,2.0,443.0,32.0,0,Normal_BitTorrent,USTC_TFC_2016
7.199999890872277e-05,744.0,6.0,0.0001,1488.0,2.0,443.0,32.0,0,Normal_BitTorrent,USTC_TFC_2016
5.2999999752501026e-05,772.5,6.0,0.0001,1545.0,2.0,443.0,32.0,0,Normal_BitTorrent,USTC_TFC_2016
2.2999996872385964e-05,116.5,6.0,0.0001,233.0,2.0,443.0,32.0,0,Normal_BitTorrent,USTC_TFC_2016
6.500000017695129e-05,116.5,6.0,0.0001,233.0,2.0,443.0,32.0,0,Normal_BitTorrent,USTC_TFC_2016
5.0999999075429514e-05,103.0,6.0,0.0001,206.0,2.0,443.0,32.0,0,Normal_BitTorrent,USTC_TFC_2016
9.099999806494452e-05,103.0,6.0,0.0001,206.0,2.0,443.0,32.0,0,Normal_BitTorrent,USTC_TFC_2016
4.5999997382750735e-05,116.5,6.0,0.0001,233.0,2.0,443.0,32.0,0,Normal_BitTorrent,USTC_TFC_2016
9.100000170292333e-05,744.0,6.0,0.0001,1488.0,2.0,443.0,32.0,0,Normal_BitTorrent,USTC_TFC_2016
0.00012700000297627412,772.5,6.0,0.00012700000297627412,1545.0,2.0,443.0,32.0,0,Normal_BitTorrent,USTC_TFC_2016
2.9999999242136255e-05,772.5,6.0,0.0001,1545.0,2.0,443.0,32.0,0,Normal_BitTorrent,USTC_TFC_2016
7.999999797903001e-05,772.5,6.0,0.0001,1545.0,2.0,443.0,32.0,0,Normal_BitTorrent,USTC_TFC_2016
9.200000204145908e-05,744.0,6.0,0.0001,1488.0,2.0,443.0,32.0,0,Normal_BitTorrent,USTC_TFC_2016
2.4000000848900527e-05,336.5,6.0,0.0001,673.0,2.0,443.0,32.0,0,Normal_BitTorrent,USTC_TFC_2016
4.5999997382750735e-05,772.5,6.0,0.0001,1545.0,2.0,443.0,32.0,0,Normal_BitTorrent,USTC_TFC_2016
7.700000060140155e-05,744.0,6.0,0.0001,1488.0,2.0,443.0,32.0,0,Normal_BitTorrent,USTC_TFC_2016
2.300000051036477e-05,116.5,6.0,0.0001,233.0,2.0,443.0,32.0,0,Normal_BitTorrent,USTC_TFC_2016
3.899999865097925e-05,772.5,6.0,0.0001,1545.0,2.0,443.0,32.0,0,Normal_BitTorrent,USTC_TFC_2016
0.0001049999991664663,772.5,6.0,0.0001049999991664663,1545.0,2.0,443.0,32.0,0,Normal_BitTorrent,USTC_TFC_2016
4.900000203633681e-05,744.0,6.0,0.0001,1488.0,2.0,443.0,32.0,0,Normal_BitTorrent,USTC_TFC_2016
6.299999949987978e-05,744.0,6.0,0.0001,1488.0,2.0,443.0,32.0,0,Normal_BitTorrent,USTC_TFC_2016
6.800000119255856e-05,744.0,6.0,0.0001,1488.0,2.0,443.0,32.0,0,Normal_BitTorrent,USTC_TFC_2016
8.099999831756577e-05,488.0,6.0,0.0001,976.0,2.0,443.0,32.0,0,Normal_BitTorrent,USTC_TFC_2016
6.89999978931155e-05,772.5,6.0,0.0001,1545.0,2.0,443.0,32.0,0,Normal_BitTorrent,USTC_TFC_2016
9.199999840348028e-05,772.5,6.0,0.0001,1545.0,2.0,443.0,32.0,0,Normal_BitTorrent,USTC_TFC_2016
8.200000229408033e-05,116.5,6.0,0.0001,233.0,2.0,443.0,32.0,0,Normal_BitTorrent,USTC_TFC_2016
2.2000000171829015e-05,102.5,6.0,0.0001,205.0,2.0,443.0,32.0,0,Normal_BitTorrent,USTC_TFC_2016
6.500000017695129e-05,744.0,6.0,0.0001,1488.0,2.0,443.0,32.0,0,Normal_BitTorrent,USTC_TFC_2016
3.199999991920777e-05,772.5,6.0,0.0001,1545.0,2.0,443.0,32.0,0,Normal_BitTorrent,USTC_TFC_2016
6.299999949987978e-05,102.5,6.0,0.0001,205.0,2.0,443.0,32.0,0,Normal_BitTorrent,USTC_TFC_2016
7.299999924725853e-05,276.5,6.0,0.0001,553.0,2.0,443.0,32.0,0,Normal_BitTorrent,USTC_TFC_2016
7.299999924725853e-05,744.0,6.0,0.0001,1488.0,2.0,443.0,32.0,0,Normal_BitTorrent,USTC_TFC_2016
6.900000153109431e-05,772.5,6.0,0.0001,1545.0,2.0,443.0,32.0,0,Normal_BitTorrent,USTC_TFC_2016
5.6000000768108293e-05,103.5,6.0,0.0001,207.0,2.0,443.0,32.0,0,Normal_BitTorrent,USTC_TFC_2016
2.399999721092172e-05,744.0,6.0,0.0001,1488.0,2.0,443.0,32.0,0,Normal_BitTorrent,USTC_TFC_2016
5.200000305194408e-05,772.5,6.0,0.0001,1545.0,2.0,443.0,32.0,0,Normal_BitTorrent,USTC_TFC_2016
4.400000034365803e-05,772.5,6.0,0.0001,1545.0,2.0,443.0,32.0,0,Normal_BitTorrent,USTC_TFC_2016
0.00011699999959091656,772.5,6.0,0.00011699999959091656,1545.0,2.0,443.0,32.0,0,Normal_BitTorrent,USTC_TFC_2016
3.099999958067201e-05,102.5,6.0,0.0001,205.0,2.0,443.0,32.0,0,Normal_BitTorrent,USTC_TFC_2016
4.400000034365803e-05,772.5,6.0,0.0001,1545.0,2.0,443.0,32.0,0,Normal_BitTorrent,USTC_TFC_2016
5.400000009103678e-05,772.5,6.0,0.0001,1545.0,2.0,443.0,32.0,0,Normal_BitTorrent,USTC_TFC_2016
8.999999772640876e-05,102.5,6.0,0.0001,205.0,2.0,443.0,32.0,0,Normal_BitTorrent,USTC_TFC_2016
9.800000043469481e-05,103.0,6.0,0.0001,206.0,2.0,443.0,32.0,0,Normal_BitTorrent,USTC_TFC_2016
9.000000136438757e-05,772.5,6.0,0.0001,1545.0,2.0,443.0,32.0,0,Normal_BitTorrent,USTC_TFC_2016
3.5000000934815034e-05,744.0,6.0,0.0001,1488.0,2.0,443.0,32.0,0,Normal_BitTorrent,USTC_TFC_2016
3.399999695830047e-05,744.0,6.0,0.0001,1488.0,2.0,443.0,32.0,0,Normal_BitTorrent,USTC_TFC_2016
3.9999998989515007e-05,772.5,6.0,0.0001,1545.0,2.0,443.0,32.0,0,Normal_BitTorrent,USTC_TFC_2016
2.2999996872385964e-05,116.5,6.0,0.0001,233.0,2.0,443.0,32.0,0,Normal_BitTorrent,USTC_TFC_2016
3.099999958067201e-05,744.0,6.0,0.0001,1488.0,2.0,443.0,32.0,0,Normal_BitTorrent,USTC_TFC_2016
2.89999989036005e-05,744.0,6.0,0.0001,1488.0,2.0,443.0,32.0,0,Normal_BitTorrent,USTC_TFC_2016
0.00010399999882793054,772.5,6.0,0.00010399999882793054,1545.0,2.0,443.0,32.0,0,Normal_BitTorrent,USTC_TFC_2016
3.400000059627928e-05,103.0,6.0,0.0001,206.0,2.0,443.0,32.0,0,Normal_BitTorrent,USTC_TFC_2016
0.00010300000212737359,103.5,6.0,0.00010300000212737359,207.0,2.0,443.0,32.0,0,Normal_BitTorrent,USTC_TFC_2016
6.800000119255856e-05,744.0,6.0,0.0001,1488.0,2.0,443.0,32.0,0,Normal_BitTorrent,USTC_TFC_2016
3.7999998312443495e-05,744.0,6.0,0.0001,1488.0,2.0,443.0,32.0,0,Normal_BitTorrent,USTC_TFC_2016
0.00010100000145030208,103.0,6.0,0.00010100000145030208,206.0,2.0,443.0,32.0,0,Normal_BitTorrent,USTC_TFC_2016
7.000000186963007e-05,276.5,6.0,0.0001,553.0,2.0,443.0,32.0,0,Normal_BitTorrent,USTC_TFC_2016
7.099999857018702e-05,772.5,6.0,0.0001,1545.0,2.0,443.0,32.0,0,Normal_BitTorrent,USTC_TFC_2016
8.299999899463728e-05,276.5,6.0,0.0001,553.0,2.0,443.0,32.0,0,Normal_BitTorrent,USTC_TFC_2016
7.800000093993731e-05,276.5,6.0,0.0001,553.0,2.0,443.0,32.0,0,Normal_BitTorrent,USTC_TFC_2016
5.199999941396527e-05,116.5,6.0,0.0001,233.0,2.0,443.0,32.0,0,Normal_BitTorrent,USTC_TFC_2016
0.00011100000119768083,772.5,6.0,0.00011100000119768083,1545.0,2.0,443.0,32.0,0,Normal_BitTorrent,USTC_TFC_2016
4.5000000682193786e-05,116.5,6.0,0.0001,233.0,2.0,443.0,32.0,0,Normal_BitTorrent,USTC_TFC_2016
5.2999999752501026e-05,488.0,6.0,0.0001,976.0,2.0,443.0,32.0,0,Normal_BitTorrent,USTC_TFC_2016
4.7999998059822246e-05,116.5,6.0,0.0001,233.0,2.0,443.0,32.0,0,Normal_BitTorrent,USTC_TFC_2016
0.00012700000297627412,103.0,6.0,0.00012700000297627412,206.0,2.0,443.0,32.0,0,Normal_BitTorrent,USTC_TFC_2016
5.0000002374872565e-05,116.5,6.0,0.0001,233.0,2.0,443.0,32.0,0,Normal_BitTorrent,USTC_TFC_2016
3.400000059627928e-05,116.5,6.0,0.0001,233.0,2.0,443.0,32.0,0,Normal_BitTorrent,USTC_TFC_2016
6.89999978931155e-05,772.5,6.0,0.0001,1545.0,2.0,443.0,32.0,0,Normal_BitTorrent,USTC_TFC_2016
4.70000013592653e-05,103.0,6.0,0.0001,206.0,2.0,443.0,32.0,0,Normal_BitTorrent,USTC_TFC_2016
5.500000042957254e-05,772.5,6.0,0.0001,1545.0,2.0,443.0,32.0,0,Normal_BitTorrent,USTC_TFC_2016
4.3000000005122274e-05,744.0,6.0,0.0001,1488.0,2.0,443.0,32.0,0,Normal_BitTorrent,USTC_TFC_2016
2.7000001864507794e-05,772.5,6.0,0.0001,1545.0,2.0,443.0,32.0,0,Normal_BitTorrent,USTC_TFC_2016
0.0001249999986612238,276.5,6.0,0.0001249999986612238,553.0,2.0,443.0,32.0,0,Normal_BitTorrent,USTC_TFC_2016
9.59999997576233e-05,772.5,6.0,0.0001,1545.0,2.0,443.0,32.0,0,Normal_BitTorrent,USTC_TFC_2016
0.00011299999823677354,103.0,6.0,0.00011299999823677354,206.0,2.0,443.0,32.0,0,Normal_BitTorrent,USTC_TFC_2016
4.3000000005122274e-05,744.0,6.0,0.0001,1488.0,2.0,443.0,32.0,0,Normal_BitTorrent,USTC_TFC_2016
2.800000220304355e-05,772.5,6.0,0.0001,1545.0,2.0,443.0,32.0,0,Normal_BitTorrent,USTC_TFC_2016
0.00010699999984353781,116.5,6.0,0.00010699999984353781,233.0,2.0,443.0,32.0,0,Normal_BitTorrent,USTC_TFC_2016
4.999999873689376e-05,103.0,6.0,0.0001,206.0,2.0,443.0,32.0,0,Normal_BitTorrent,USTC_TFC_2016
9.700000009615906e-05,744.0,6.0,0.0001,1488.0,2.0,443.0,32.0,0,Normal_BitTorrent,USTC_TFC_2016
1.9999999494757503e-05,772.5,6.0,0.0001,1545.0,2.0,443.0,32.0,0,Normal_BitTorrent,USTC_TFC_2016
0.00012599999899975955,772.5,6.0,0.00012599999899975955,1545.0,2.0,443.0,32.0,0,Normal_BitTorrent,USTC_TFC_2016
6.900000153109431e-05,744.0,6.0,0.0001,1488.0,2.0,443.0,32.0,0,Normal_BitTorrent,USTC_TFC_2016
0.00012600000263773836,772.5,6.0,0.00012600000263773836,1545.0,2.0,443.0,32.0,0,Normal_BitTorrent,USTC_TFC_2016
5.199999941396527e-05,103.0,6.0,0.0001,206.0,2.0,443.0,32.0,0,Normal_BitTorrent,USTC_TFC_2016
8.800000068731606e-05,744.0,6.0,0.0001,1488.0,2.0,443.0,32.0,0,Normal_BitTorrent,USTC_TFC_2016
5.700000110664405e-05,103.0,6.0,0.0001,206.0,2.0,443.0,32.0,0,Normal_BitTorrent,USTC_TFC_2016
6.89999978931155e-05,772.5,6.0,0.0001,1545.0,2.0,443.0,32.0,0,Normal_BitTorrent,USTC_TFC_2016
6.600000051548705e-05,744.0,6.0,0.0001,1488.0,2.0,443.0,32.0,0,Normal_BitTorrent,USTC_TFC_2016
4.3000000005122274e-05,103.0,6.0,0.0001,206.0,2.0,443.0,32.0,0,Normal_BitTorrent,USTC_TFC_2016
0.00013499999840860255,772.5,6.0,0.00013499999840860255,1545.0,2.0,443.0,32.0,0,Normal_BitTorrent,USTC_TFC_2016
5.0999999075429514e-05,276.5,6.0,0.0001,553.0,2.0,443.0,32.0,0,Normal_BitTorrent,USTC_TFC_2016
0.00013499999840860255,744.0,6.0,0.00013499999840860255,1488.0,2.0,443.0,32.0,0,Normal_BitTorrent,USTC_TFC_2016
5.8000001445179805e-05,772.5,6.0,0.0001,1545.0,2.0,443.0,32.0,0,Normal_BitTorrent,USTC_TFC_2016
4.600000102072954e-05,772.5,6.0,0.0001,1545.0,2.0,443.0,32.0,0,Normal_BitTorrent,USTC_TFC_2016
0.00013500000204658136,772.5,6.0,0.00013500000204658136,1545.0,2.0,443.0,32.0,0,Normal_BitTorrent,USTC_TFC_2016
8.199999865610152e-05,103.0,6.0,0.0001,206.0,2.0,443.0,32.0,0,Normal_BitTorrent,USTC_TFC_2016
0.00013699999908567406,488.0,6.0,0.00013699999908567406,976.0,2.0,443.0,32.0,0,Normal_BitTorrent,USTC_TFC_2016
9.40000027185306e-05,744.0,6.0,0.0001,1488.0,2.0,443.0,32.0,0,Normal_BitTorrent,USTC_TFC_2016
5.0999999075429514e-05,103.0,6.0,0.0001,206.0,2.0,443.0,32.0,0,Normal_BitTorrent,USTC_TFC_2016
0.0001340000017080456,276.5,6.0,0.0001340000017080456,553.0,2.0,443.0,32.0,0,Normal_BitTorrent,USTC_TFC_2016
8.499999967170879e-05,772.5,6.0,0.0001,1545.0,2.0,443.0,32.0,0,Normal_BitTorrent,USTC_TFC_2016
5.0999999075429514e-05,488.0,6.0,0.0001,976.0,2.0,443.0,32.0,0,Normal_BitTorrent,USTC_TFC_2016
6.600000051548705e-05,116.5,6.0,0.0001,233.0,2.0,443.0,32.0,0,Normal_BitTorrent,USTC_TFC_2016
9.200000204145908e-05,744.0,6.0,0.0001,1488.0,2.0,443.0,32.0,0,Normal_BitTorrent,USTC_TFC_2016
3.899999865097925e-05,744.0,6.0,0.0001,1488.0,2.0,443.0,32.0,0,Normal_BitTorrent,USTC_TFC_2016
3.400000059627928e-05,744.0,6.0,0.0001,1488.0,2.0,443.0,32.0,0,Normal_BitTorrent,USTC_TFC_2016
0.00012000000060652383,772.5,6.0,0.00012000000060652383,1545.0,2.0,443.0,32.0,0,Normal_BitTorrent,USTC_TFC_2016
0.00010599999950500205,772.5,6.0,0.00010599999950500205,1545.0,2.0,443.0,32.0,0,Normal_BitTorrent,USTC_TFC_2016
2.599999788799323e-05,116.5,6.0,0.0001,233.0,2.0,443.0,32.0,0,Normal_BitTorrent,USTC_TFC_2016
6.199999916134402e-05,744.0,6.0,0.0001,1488.0,2.0,443.0,32.0,0,Normal_BitTorrent,USTC_TFC_2016
7.700000060140155e-05,772.5,6.0,0.0001,1545.0,2.0,443.0,32.0,0,Normal_BitTorrent,USTC_TFC_2016
7.700000060140155e-05,772.5,6.0,0.0001,1545.0,2.0,443.0,32.0,0,Normal_BitTorrent,USTC_TFC_2016
2.2000000171829015e-05,772.5,6.0,0.0001,1545.0,2.0,443.0,32.0,0,Normal_BitTorrent,USTC_TFC_2016
7.499999992433004e-05,102.5,6.0,0.0001,205.0,2.0,443.0,32.0,0,Normal_BitTorrent,USTC_TFC_2016
9.300000237999484e-05,772.5,6.0,0.0001,1545.0,2.0,443.0,32.0,0,Normal_BitTorrent,USTC_TFC_2016
2.7999998565064743e-05,772.5,6.0,0.0001,1545.0,2.0,443.0,32.0,0,Normal_BitTorrent,USTC_TFC_2016
6.999999823165126e-05,488.0,6.0,0.0001,976.0,2.0,443.0,32.0,0,Normal_BitTorrent,USTC_TFC_2016
3.300000025774352e-05,772.5,6.0,0.0001,1545.0,2.0,443.0,32.0,0,Normal_BitTorrent,USTC_TFC_2016
9.199999840348028e-05,744.0,6.0,0.0001,1488.0,2.0,443.0,32.0,0,Normal_BitTorrent,USTC_TFC_2016
2.2000000171829015e-05,102.5,6.0,0.0001,205.0,2.0,443.0,32.0,0,Normal_BitTorrent,USTC_TFC_2016
5.6000000768108293e-05,102.5,6.0,0.0001,205.0,2.0,443.0,32.0,0,Normal_BitTorrent,USTC_TFC_2016
3.600000127335079e-05,772.5,6.0,0.0001,1545.0,2.0,443.0,32.0,0,Normal_BitTorrent,USTC_TFC_2016
7.899999764049426e-05,102.5,6.0,0.0001,205.0,2.0,443.0,32.0,0,Normal_BitTorrent,USTC_TFC_2016
5.100000271340832e-05,103.5,6.0,0.0001,207.0,2.0,443.0,32.0,0,Normal_BitTorrent,USTC_TFC_2016
5.100000271340832e-05,744.0,6.0,0.0001,1488.0,2.0,443.0,32.0,0,Normal_BitTorrent,USTC_TFC_2016
5.199999941396527e-05,772.5,6.0,0.0001,1545.0,2.0,443.0,32.0,0,Normal_BitTorrent,USTC_TFC_2016
3.7000001611886546e-05,103.0,6.0,0.0001,206.0,2.0,443.0,32.0,0,Normal_BitTorrent,USTC_TFC_2016
5.8999998145736754e-05,772.5,6.0,0.0001,1545.0,2.0,443.0,32.0,0,Normal_BitTorrent,USTC_TFC_2016
6.89999978931155e-05,772.5,6.0,0.0001,1545.0,2.0,443.0,32.0,0,Normal_BitTorrent,USTC_TFC_2016
6.299999949987978e-05,103.0,6.0,0.0001,206.0,2.0,443.0,32.0,0,Normal_BitTorrent,USTC_TFC_2016
4.100000296602957e-05,744.0,6.0,0.0001,1488.0,2.0,443.0,32.0,0,Normal_BitTorrent,USTC_TFC_2016
3.400000059627928e-05,772.5,6.0,0.0001,1545.0,2.0,443.0,32.0,0,Normal_BitTorrent,USTC_TFC_2016
6.399999983841553e-05,103.0,6.0,0.0001,206.0,2.0,443.0,32.0,0,Normal_BitTorrent,USTC_TFC_2016
4.999999873689376e-05,116.5,6.0,0.0001,233.0,2.0,443.0,32.0,0,Normal_BitTorrent,USTC_TFC_2016
7.60000002628658e-05,744.0,6.0,0.0001,1488.0,2.0,443.0,32.0,0,Normal_BitTorrent,USTC_TFC_2016
5.400000009103678e-05,116.5,6.0,0.0001,233.0,2.0,443.0,32.0,0,Normal_BitTorrent,USTC_TFC_2016
3.599999763537198e-05,116.5,6.0,0.0001,233.0,2.0,443.0,32.0,0,Normal_BitTorrent,USTC_TFC_2016
5.6000000768108293e-05,103.0,6.0,0.0001,206.0,2.0,443.0,32.0,0,Normal_BitTorrent,USTC_TFC_2016
6.800000119255856e-05,116.5,6.0,0.0001,233.0,2.0,443.0,32.0,0,Normal_BitTorrent,USTC_TFC_2016
3.5000000934815034e-05,116.5,6.0,0.0001,233.0,2.0,443.0,32.0,0,Normal_BitTorrent,USTC_TFC_2016
5.2999999752501026e-05,103.0,6.0,0.0001,206.0,2.0,443.0,32.0,0,Normal_BitTorrent,USTC_TFC_2016
3.900000228895806e-05,116.5,6.0,0.0001,233.0,2.0,443.0,32.0,0,Normal_BitTorrent,USTC_TFC_2016
4.8000001697801054e-05,744.0,6.0,0.0001,1488.0,2.0,443.0,32.0,0,Normal_BitTorrent,USTC_TFC_2016
5.6000000768108293e-05,276.5,6.0,0.0001,553.0,2.0,443.0,32.0,0,Normal_BitTorrent,USTC_TFC_2016
2.9999999242136255e-05,772.5,6.0,0.0001,1545.0,2.0,443.0,32.0,0,Normal_BitTorrent,USTC_TFC_2016
4.099999932805076e-05,116.5,6.0,0.0001,233.0,2.0,443.0,32.0,0,Normal_BitTorrent,USTC_TFC_2016
4.3000000005122274e-05,744.0,6.0,0.0001,1488.0,2.0,443.0,32.0,0,Normal_BitTorrent,USTC_TFC_2016
4.699999772128649e-05,772.5,6.0,0.0001,1545.0,2.0,443.0,32.0,0,Normal_BitTorrent,USTC_TFC_2016
4.3000000005122274e-05,772.5,6.0,0.0001,1545.0,2.0,443.0,32.0,0,Normal_BitTorrent,USTC_TFC_2016
4.3000000005122274e-05,103.0,6.0,0.0001,206.0,2.0,443.0,32.0,0,Normal_BitTorrent,USTC_TFC_2016
5.6000000768108293e-05,772.5,6.0,0.0001,1545.0,2.0,443.0,32.0,0,Normal_BitTorrent,USTC_TFC_2016
0.00010400000246590935,103.0,6.0,0.00010400000246590935,206.0,2.0,443.0,32.0,0,Normal_BitTorrent,USTC_TFC_2016
3.600000127335079e-05,488.0,6.0,0.0001,976.0,2.0,443.0,32.0,0,Normal_BitTorrent,USTC_TFC_2016
0.0001650000012887176,772.5,6.0,0.0001650000012887176,1545.0,2.0,443.0,32.0,0,Normal_BitTorrent,USTC_TFC_2016
4.400000034365803e-05,103.0,6.0,0.0001,206.0,2.0,443.0,32.0,0,Normal_BitTorrent,USTC_TFC_2016
4.7999998059822246e-05,116.5,6.0,0.0001,233.0,2.0,443.0,32.0,0,Normal_BitTorrent,USTC_TFC_2016
8.800000068731606e-05,488.0,6.0,0.0001,976.0,2.0,443.0,32.0,0,Normal_BitTorrent,USTC_TFC_2016
0.0001720000000204891,102.5,6.0,0.0001720000000204891,205.0,2.0,443.0,32.0,0,Normal_BitTorrent,USTC_TFC_2016
5.400000009103678e-05,772.5,6.0,0.0001,1545.0,2.0,443.0,32.0,0,Normal_BitTorrent,USTC_TFC_2016
6.199999916134402e-05,103.0,6.0,0.0001,206.0,2.0,443.0,32.0,0,Normal_BitTorrent,USTC_TFC_2016
0.00010199999815085903,772.5,6.0,0.00010199999815085903,1545.0,2.0,443.0,32.0,0,Normal_BitTorrent,USTC_TFC_2016
8.099999831756577e-05,744.0,6.0,0.0001,1488.0,2.0,443.0,32.0,0,Normal_BitTorrent,USTC_TFC_2016
4.999999873689376e-05,744.0,6.0,0.0001,1488.0,2.0,443.0,32.0,0,Normal_BitTorrent,USTC_TFC_2016
6.999999823165126e-05,772.5,6.0,0.0001,1545.0,2.0,443.0,32.0,0,Normal_BitTorrent,USTC_TFC_2016
9.7999996796716e-05,116.5,6.0,0.0001,233.0,2.0,443.0,32.0,0,Normal_BitTorrent,USTC_TFC_2016
8.499999967170879e-05,116.5,6.0,0.0001,233.0,2.0,443.0,32.0,0,Normal_BitTorrent,USTC_TFC_2016
3.9999998989515007e-05,744.0,6.0,0.0001,1488.0,2.0,443.0,32.0,0,Normal_BitTorrent,USTC_TFC_2016
6.89999978931155e-05,772.5,6.0,0.0001,1545.0,2.0,443.0,32.0,0,Normal_BitTorrent,USTC_TFC_2016
6.89999978931155e-05,104.5,6.0,0.0001,209.0,2.0,443.0,32.0,0,Normal_BitTorrent,USTC_TFC_2016
0.00014600000213249587,772.5,6.0,0.00014600000213249587,1545.0,2.0,443.0,32.0,0,Normal_BitTorrent,USTC_TFC_2016
0.00010599999950500205,772.5,6.0,0.00010599999950500205,1545.0,2.0,443.0,32.0,0,Normal_BitTorrent,USTC_TFC_2016
4.900000203633681e-05,103.0,6.0,0.0001,206.0,2.0,443.0,32.0,0,Normal_BitTorrent,USTC_TFC_2016
7.900000127847306e-05,744.0,6.0,0.0001,1488.0,2.0,443.0,32.0,0,Normal_BitTorrent,USTC_TFC_2016
2.6999998226528987e-05,488.0,6.0,0.0001,976.0,2.0,443.0,32.0,0,Normal_BitTorrent,USTC_TFC_2016
6.199999916134402e-05,276.5,6.0,0.0001,553.0,2.0,443.0,32.0,0,Normal_BitTorrent,USTC_TFC_2016
0.00010900000052060932,772.5,6.0,0.00010900000052060932,1545.0,2.0,443.0,32.0,0,Normal_BitTorrent,USTC_TFC_2016
4.699999772128649e-05,103.0,6.0,0.0001,206.0,2.0,443.0,32.0,0,Normal_BitTorrent,USTC_TFC_2016
5.199999941396527e-05,744.0,6.0,0.0001,1488.0,2.0,443.0,32.0,0,Normal_BitTorrent,USTC_TFC_2016
6.399999983841553e-05,772.5,6.0,0.0001,1545.0,2.0,443.0,32.0,0,Normal_BitTorrent,USTC_TFC_2016
0.00012599999899975955,744.0,6.0,0.00012599999899975955,1488.0,2.0,443.0,32.0,0,Normal_BitTorrent,USTC_TFC_2016
4.2000003304565325e-05,772.5,6.0,0.0001,1545.0,2.0,443.0,32.0,0,Normal_BitTorrent,USTC_TFC_2016
9.40000027185306e-05,772.5,6.0,0.0001,1545.0,2.0,443.0,32.0,0,Normal_BitTorrent,USTC_TFC_2016
6.70000008540228e-05,772.5,6.0,0.0001,1545.0,2.0,443.0,32.0,0,Normal_BitTorrent,USTC_TFC_2016
4.600000102072954e-05,116.5,6.0,0.0001,233.0,2.0,443.0,32.0,0,Normal_BitTorrent,USTC_TFC_2016
2.7999998565064743e-05,103.0,6.0,0.0001,206.0,2.0,443.0,32.0,0,Normal_BitTorrent,USTC_TFC_2016
9.199999840348028e-05,744.0,6.0,0.0001,1488.0,2.0,443.0,32.0,0,Normal_BitTorrent,USTC_TFC_2016
0.00012199999764561653,772.5,6.0,0.00012199999764561653,1545.0,2.0,443.0,32.0,0,Normal_BitTorrent,USTC_TFC_2016
7.100000220816582e-05,276.5,6.0,0.0001,553.0,2.0,443.0,32.0,0,Normal_BitTorrent,USTC_TFC_2016
4.8999998398358e-05,103.5,6.0,0.0001,207.0,2.0,443.0,32.0,0,Normal_BitTorrent,USTC_TFC_2016
4.8000001697801054e-05,744.0,6.0,0.0001,1488.0,2.0,443.0,32.0,0,Normal_BitTorrent,USTC_TFC_2016
4.999999873689376e-05,744.0,6.0,0.0001,1488.0,2.0,443.0,32.0,0,Normal_BitTorrent,USTC_TFC_2016
3.599999763537198e-05,116.5,6.0,0.0001,233.0,2.0,443.0,32.0,0,Normal_BitTorrent,USTC_TFC_2016
0.00010000000111176632,102.5,6.0,0.00010000000111176632,205.0,2.0,443.0,32.0,0,Normal_BitTorrent,USTC_TFC_2016
2.399999721092172e-05,772.5,6.0,0.0001,1545.0,2.0,443.0,32.0,0,Normal_BitTorrent,USTC_TFC_2016
5.700000110664405e-05,772.5,6.0,0.0001,1545.0,2.0,443.0,32.0,0,Normal_BitTorrent,USTC_TFC_2016
3.5000000934815034e-05,772.5,6.0,0.0001,1545.0,2.0,443.0,32.0,0,Normal_BitTorrent,USTC_TFC_2016
2.9999999242136255e-05,276.5,6.0,0.0001,553.0,2.0,443.0,32.0,0,Normal_BitTorrent,USTC_TFC_2016
7.499999992433004e-05,772.5,6.0,0.0001,1545.0,2.0,443.0,32.0,0,Normal_BitTorrent,USTC_TFC_2016
3.199999991920777e-05,772.5,6.0,0.0001,1545.0,2.0,443.0,32.0,0,Normal_BitTorrent,USTC_TFC_2016
9.199999840348028e-05,772.5,6.0,0.0001,1545.0,2.0,443.0,32.0,0,Normal_BitTorrent,USTC_TFC_2016
2.89999989036005e-05,772.5,6.0,0.0001,1545.0,2.0,443.0,32.0,0,Normal_BitTorrent,USTC_TFC_2016
0.00012399999832268804,772.5,6.0,0.00012399999832268804,1545.0,2.0,443.0,32.0,0,Normal_BitTorrent,USTC_TFC_2016
0.00013299999773153104,772.5,6.0,0.00013299999773153104,1545.0,2.0,443.0,32.0,0,Normal_BitTorrent,USTC_TFC_2016
0.00015699999858043157,276.5,6.0,0.00015699999858043157,553.0,2.0,443.0,32.0,0,Normal_BitTorrent,USTC_TFC_2016
3.699999797390774e-05,276.5,6.0,0.0001,553.0,2.0,443.0,32.0,0,Normal_BitTorrent,USTC_TFC_2016
5.699999746866524e-05,276.5,6.0,0.0001,553.0,2.0,443.0,32.0,0,Normal_BitTorrent,USTC_TFC_2016
4.0000002627493814e-05,744.0,6.0,0.0001,1488.0,2.0,443.0,32.0,0,Normal_BitTorrent,USTC_TFC_2016
8.800000068731606e-05,772.5,6.0,0.0001,1545.0,2.0,443.0,32.0,0,Normal_BitTorrent,USTC_TFC_2016
2.600000152597204e-05,772.5,6.0,0.0001,1545.0,2.0,443.0,32.0,0,Normal_BitTorrent,USTC_TFC_2016
0.00010399999882793054,103.0,6.0,0.00010399999882793054,206.0,2.0,443.0,32.0,0,Normal_BitTorrent,USTC_TFC_2016
3.699999797390774e-05,744.0,6.0,0.0001,1488.0,2.0,443.0,32.0,0,Normal_BitTorrent,USTC_TFC_2016
8.70000003487803e-05,276.5,6.0,0.0001,553.0,2.0,443.0,32.0,0,Normal_BitTorrent,USTC_TFC_2016
0.00011500000255182385,772.5,6.0,0.00011500000255182385,1545.0,2.0,443.0,32.0,0,Normal_BitTorrent,USTC_TFC_2016
7.299999924725853e-05,744.0,6.0,0.0001,1488.0,2.0,443.0,32.0,0,Normal_BitTorrent,USTC_TFC_2016
4.7999998059822246e-05,488.0,6.0,0.0001,976.0,2.0,443.0,32.0,0,Normal_BitTorrent,USTC_TFC_2016
5.900000178371556e-05,772.5,6.0,0.0001,1545.0,2.0,443.0,32.0,0,Normal_BitTorrent,USTC_TFC_2016
6.70000008540228e-05,772.5,6.0,0.0001,1545.0,2.0,443.0,32.0,0,Normal_BitTorrent,USTC_TFC_2016
8.800000068731606e-05,488.0,6.0,0.0001,976.0,2.0,443.0,32.0,0,Normal_BitTorrent,USTC_TFC_2016
8.69999967108015e-05,744.0,6.0,0.0001,1488.0,2.0,443.0,32.0,0,Normal_BitTorrent,USTC_TFC_2016
6.299999949987978e-05,772.5,6.0,0.0001,1545.0,2.0,443.0,32.0,0,Normal_BitTorrent,USTC_TFC_2016
4.699999772128649e-05,744.0,6.0,0.0001,1488.0,2.0,443.0,32.0,0,Normal_BitTorrent,USTC_TFC_2016
9.699999645818025e-05,744.0,6.0,0.0001,1488.0,2.0,443.0,32.0,0,Normal_BitTorrent,USTC_TFC_2016
3.100000321865082e-05,772.5,6.0,0.0001,1545.0,2.0,443.0,32.0,0,Normal_BitTorrent,USTC_TFC_2016
5.700000110664405e-05,276.5,6.0,0.0001,553.0,2.0,443.0,32.0,0,Normal_BitTorrent,USTC_TFC_2016
7.499999992433004e-05,772.5,6.0,0.0001,1545.0,2.0,443.0,32.0,0,Normal_BitTorrent,USTC_TFC_2016
8.600000001024455e-05,116.5,6.0,0.0001,233.0,2.0,443.0,32.0,0,Normal_BitTorrent,USTC_TFC_2016
6.0999998822808266e-05,772.5,6.0,0.0001,1545.0,2.0,443.0,32.0,0,Normal_BitTorrent,USTC_TFC_2016
9.199999840348028e-05,116.5,6.0,0.0001,233.0,2.0,443.0,32.0,0,Normal_BitTorrent,USTC_TFC_2016
6.399999983841553e-05,276.5,6.0,0.0001,553.0,2.0,443.0,32.0,0,Normal_BitTorrent,USTC_TFC_2016
4.3000000005122274e-05,772.5,6.0,0.0001,1545.0,2.0,443.0,32.0,0,Normal_BitTorrent,USTC_TFC_2016
3.899999865097925e-05,103.0,6.0,0.0001,206.0,2.0,443.0,32.0,0,Normal_BitTorrent,USTC_TFC_2016
2.2999996872385964e-05,103.0,6.0,0.0001,206.0,2.0,443.0,32.0,0,Normal_BitTorrent,USTC_TFC_2016
8.199999865610152e-05,103.0,6.0,0.0001,206.0,2.0,443.0,32.0,0,Normal_BitTorrent,USTC_TFC_2016
8.199999865610152e-05,744.0,6.0,0.0001,1488.0,2.0,443.0,32.0,0,Normal_BitTorrent,USTC_TFC_2016
4.400000034365803e-05,744.0,6.0,0.0001,1488.0,2.0,443.0,32.0,0,Normal_BitTorrent,USTC_TFC_2016
6.89999978931155e-05,744.0,6.0,0.0001,1488.0,2.0,443.0,32.0,0,Normal_BitTorrent,USTC_TFC_2016
3.9999998989515007e-05,488.0,6.0,0.0001,976.0,2.0,443.0,32.0,0,Normal_BitTorrent,USTC_TFC_2016
4.3000000005122274e-05,488.0,6.0,0.0001,976.0,2.0,443.0,32.0,0,Normal_BitTorrent,USTC_TFC_2016
5.500000042957254e-05,103.0,6.0,0.0001,206.0,2.0,443.0,32.0,0,Normal_BitTorrent,USTC_TFC_2016
3.400000059627928e-05,744.0,6.0,0.0001,1488.0,2.0,443.0,32.0,0,Normal_BitTorrent,USTC_TFC_2016
2.300000051036477e-05,772.5,6.0,0.0001,1545.0,2.0,443.0,32.0,0,Normal_BitTorrent,USTC_TFC_2016
0.00012900000001536682,772.5,6.0,0.00012900000001536682,1545.0,2.0,443.0,32.0,0,Normal_BitTorrent,USTC_TFC_2016
6.500000017695129e-05,772.5,6.0,0.0001,1545.0,2.0,443.0,32.0,0,Normal_BitTorrent,USTC_TFC_2016
6.89999978931155e-05,772.5,6.0,0.0001,1545.0,2.0,443.0,32.0,0,Normal_BitTorrent,USTC_TFC_2016
2.89999989036005e-05,116.5,6.0,0.0001,233.0,2.0,443.0,32.0,0,Normal_BitTorrent,USTC_TFC_2016
3.599999763537198e-05,744.0,6.0,0.0001,1488.0,2.0,443.0,32.0,0,Normal_BitTorrent,USTC_TFC_2016
0.00014200000077835284,744.0,6.0,0.00014200000077835284,1488.0,2.0,443.0,32.0,0,Normal_BitTorrent,USTC_TFC_2016
4.400000034365803e-05,276.5,6.0,0.0001,553.0,2.0,443.0,32.0,0,Normal_BitTorrent,USTC_TFC_2016
2.099999983329326e-05,772.5,6.0,0.0001,1545.0,2.0,443.0,32.0,0,Normal_BitTorrent,USTC_TFC_2016
2.4000000848900527e-05,103.0,6.0,0.0001,206.0,2.0,443.0,32.0,0,Normal_BitTorrent,USTC_TFC_2016
3.7999998312443495e-05,103.0,6.0,0.0001,206.0,2.0,443.0,32.0,0,Normal_BitTorrent,USTC_TFC_2016
2.4000000848900527e-05,772.5,6.0,0.0001,1545.0,2.0,443.0,32.0,0,Normal_BitTorrent,USTC_TFC_2016
1.599999814061448e-05,116.5,6.0,0.0001,233.0,2.0,443.0,32.0,0,Normal_BitTorrent,USTC_TFC_2016
0.00012199999764561653,772.5,6.0,0.00012199999764561653,1545.0,2.0,443.0,32.0,0,Normal_BitTorrent,USTC_TFC_2016
2.800000220304355e-05,772.5,6.0,0.0001,1545.0,2.0,443.0,32.0,0,Normal_BitTorrent,USTC_TFC_2016
1.5000001440057531e-05,116.5,6.0,0.0001,233.0,2.0,443.0,32.0,0,Normal_BitTorrent,USTC_TFC_2016
3.300000025774352e-05,276.5,6.0,0.0001,553.0,2.0,443.0,32.0,0,Normal_BitTorrent,USTC_TFC_2016
6.999999823165126e-05,772.5,6.0,0.0001,1545.0,2.0,443.0,32.0,0,Normal_BitTorrent,USTC_TFC_2016
8.799999704933725e-05,103.0,6.0,0.0001,206.0,2.0,443.0,32.0,0,Normal_BitTorrent,USTC_TFC_2016
2.300000051036477e-05,103.0,6.0,0.0001,206.0,2.0,443.0,32.0,0,Normal_BitTorrent,USTC_TFC_2016
5.999999848427251e-05,744.0,6.0,0.0001,1488.0,2.0,443.0,32.0,0,Normal_BitTorrent,USTC_TFC_2016
0.00010099999781232327,102.5,6.0,0.00010099999781232327,205.0,2.0,443.0,32.0,0,Normal_BitTorrent,USTC_TFC_2016
1.2000000424450263e-05,116.5,6.0,0.0001,233.0,2.0,443.0,32.0,0,Normal_BitTorrent,USTC_TFC_2016
0.0001340000017080456,488.0,6.0,0.0001340000017080456,976.0,2.0,443.0,32.0,0,Normal_BitTorrent,USTC_TFC_2016
6.500000017695129e-05,276.5,6.0,0.0001,553.0,2.0,443.0,32.0,0,Normal_BitTorrent,USTC_TFC_2016
5.400000009103678e-05,116.5,6.0,0.0001,233.0,2.0,443.0,32.0,0,Normal_BitTorrent,USTC_TFC_2016
7.999999797903001e-05,744.0,6.0,0.0001,1488.0,2.0,443.0,32.0,0,Normal_BitTorrent,USTC_TFC_2016
9.200000204145908e-05,276.5,6.0,0.0001,553.0,2.0,443.0,32.0,0,Normal_BitTorrent,USTC_TFC_2016
0.00013499999840860255,116.5,6.0,0.00013499999840860255,233.0,2.0,443.0,32.0,0,Normal_BitTorrent,USTC_TFC_2016
5.199999941396527e-05,116.5,6.0,0.0001,233.0,2.0,443.0,32.0,0,Normal_BitTorrent,USTC_TFC_2016
5.500000042957254e-05,103.0,6.0,0.0001,206.0,2.0,443.0,32.0,0,Normal_BitTorrent,USTC_TFC_2016
8.199999865610152e-05,488.0,6.0,0.0001,976.0,2.0,443.0,32.0,0,Normal_BitTorrent,USTC_TFC_2016
0.00013000000035390258,103.5,6.0,0.00013000000035390258,207.0,2.0,443.0,32.0,0,Normal_BitTorrent,USTC_TFC_2016
7.000000186963007e-05,116.5,6.0,0.0001,233.0,2.0,443.0,32.0,0,Normal_BitTorrent,USTC_TFC_2016
4.699999772128649e-05,488.0,6.0,0.0001,976.0,2.0,443.0,32.0,0,Normal_BitTorrent,USTC_TFC_2016
7.999999797903001e-05,772.5,6.0,0.0001,1545.0,2.0,443.0,32.0,0,Normal_BitTorrent,USTC_TFC_2016
5.5999997130129486e-05,772.5,6.0,0.0001,1545.0,2.0,443.0,32.0,0,Normal_BitTorrent,USTC_TFC_2016
6.299999949987978e-05,102.5,6.0,0.0001,205.0,2.0,443.0,32.0,0,Normal_BitTorrent,USTC_TFC_2016
6.599999687750824e-05,772.5,6.0,0.0001,1545.0,2.0,443.0,32.0,0,Normal_BitTorrent,USTC_TFC_2016
4.100000296602957e-05,772.5,6.0,0.0001,1545.0,2.0,443.0,32.0,0,Normal_BitTorrent,USTC_TFC_2016
2.5000001187436283e-05,103.0,6.0,0.0001,206.0,2.0,443.0,32.0,0,Normal_BitTorrent,USTC_TFC_2016
2.89999989036005e-05,276.5,6.0,0.0001,553.0,2.0,443.0,32.0,0,Normal_BitTorrent,USTC_TFC_2016
7.700000060140155e-05,772.5,6.0,0.0001,1545.0,2.0,443.0,32.0,0,Normal_BitTorrent,USTC_TFC_2016
3.699999797390774e-05,102.5,6.0,0.0001,205.0,2.0,443.0,32.0,0,Normal_BitTorrent,USTC_TFC_2016
8.999999772640876e-05,744.0,6.0,0.0001,1488.0,2.0,443.0,32.0,0,Normal_BitTorrent,USTC_TFC_2016
0.00010399999882793054,744.0,6.0,0.00010399999882793054,1488.0,2.0,443.0,32.0,0,Normal_BitTorrent,USTC_TFC_2016
6.000000212225132e-05,744.0,6.0,0.0001,1488.0,2.0,443.0,32.0,0,Normal_BitTorrent,USTC_TFC_2016
4.600000102072954e-05,744.0,6.0,0.0001,1488.0,2.0,443.0,32.0,0,Normal_BitTorrent,USTC_TFC_2016
0.00011299999823677354,744.0,6.0,0.00011299999823677354,1488.0,2.0,443.0,32.0,0,Normal_BitTorrent,USTC_TFC_2016
3.400000059627928e-05,744.0,6.0,0.0001,1488.0,2.0,443.0,32.0,0,Normal_BitTorrent,USTC_TFC_2016
4.900000203633681e-05,488.0,6.0,0.0001,976.0,2.0,443.0,32.0,0,Normal_BitTorrent,USTC_TFC_2016
4.8000001697801054e-05,103.0,6.0,0.0001,206.0,2.0,443.0,32.0,0,Normal_BitTorrent,USTC_TFC_2016
3.600000127335079e-05,744.0,6.0,0.0001,1488.0,2.0,443.0,32.0,0,Normal_BitTorrent,USTC_TFC_2016
4.5000000682193786e-05,744.0,6.0,0.0001,1488.0,2.0,443.0,32.0,0,Normal_BitTorrent,USTC_TFC_2016
4.999999873689376e-05,116.5,6.0,0.0001,233.0,2.0,443.0,32.0,0,Normal_BitTorrent,USTC_TFC_2016
0.00010400000246590935,336.5,6.0,0.00010400000246590935,673.0,2.0,443.0,32.0,0,Normal_BitTorrent,USTC_TFC_2016
4.3000000005122274e-05,744.0,6.0,0.0001,1488.0,2.0,443.0,32.0,0,Normal_BitTorrent,USTC_TFC_2016
0.00010299999848939478,744.0,6.0,0.00010299999848939478,1488.0,2.0,443.0,32.0,0,Normal_BitTorrent,USTC_TFC_2016
4.199999966658652e-05,772.5,6.0,0.0001,1545.0,2.0,443.0,32.0,0,Normal_BitTorrent,USTC_TFC_2016
2.2000000171829015e-05,744.0,6.0,0.0001,1488.0,2.0,443.0,32.0,0,Normal_BitTorrent,USTC_TFC_2016
3.199999991920777e-05,488.0,6.0,0.0001,976.0,2.0,443.0,32.0,0,Normal_BitTorrent,USTC_TFC_2016
6.399999983841553e-05,488.0,6.0,0.0001,976.0,2.0,443.0,32.0,0,Normal_BitTorrent,USTC_TFC_2016
7.200000254670158e-05,276.5,6.0,0.0001,553.0,2.0,443.0,32.0,0,Normal_BitTorrent,USTC_TFC_2016
0.0001540000012028031,772.5,6.0,0.0001540000012028031,1545.0,2.0,443.0,32.0,0,Normal_BitTorrent,USTC_TFC_2016
5.8000001445179805e-05,103.0,6.0,0.0001,206.0,2.0,443.0,32.0,0,Normal_BitTorrent,USTC_TFC_2016
0.00015600000187987462,116.5,6.0,0.00015600000187987462,233.0,2.0,443.0,32.0,0,Normal_BitTorrent,USTC_TFC_2016
1.9000002794200554e-05,116.5,6.0,0.0001,233.0,2.0,443.0,32.0,0,Normal_BitTorrent,USTC_TFC_2016
1.80000024556648e-05,772.5,6.0,0.0001,1545.0,2.0,443.0,32.0,0,Normal_BitTorrent,USTC_TFC_2016
4.400000034365803e-05,103.0,6.0,0.0001,206.0,2.0,443.0,32.0,0,Normal_BitTorrent,USTC_TFC_2016
8.099999831756577e-05,744.0,6.0,0.0001,1488.0,2.0,443.0,32.0,0,Normal_BitTorrent,USTC_TFC_2016
3.80000019504223e-05,772.5,6.0,0.0001,1545.0,2.0,443.0,32.0,0,Normal_BitTorrent,USTC_TFC_2016
5.2999999752501026e-05,116.5,6.0,0.0001,233.0,2.0,443.0,32.0,0,Normal_BitTorrent,USTC_TFC_2016
3.900000228895806e-05,103.0,6.0,0.0001,206.0,2.0,443.0,32.0,0,Normal_BitTorrent,USTC_TFC_2016
5.8000001445179805e-05,103.0,6.0,0.0001,206.0,2.0,443.0,32.0,0,Normal_BitTorrent,USTC_TFC_2016
5.500000042957254e-05,772.5,6.0,0.0001,1545.0,2.0,443.0,32.0,0,Normal_BitTorrent,USTC_TFC_2016
3.199999991920777e-05,772.5,6.0,0.0001,1545.0,2.0,443.0,32.0,0,Normal_BitTorrent,USTC_TFC_2016
3.5000000934815034e-05,772.5,6.0,0.0001,1545.0,2.0,443.0,32.0,0,Normal_BitTorrent,USTC_TFC_2016
8.199999865610152e-05,103.0,6.0,0.0001,206.0,2.0,443.0,32.0,0,Normal_BitTorrent,USTC_TFC_2016
3.099999958067201e-05,103.0,6.0,0.0001,206.0,2.0,443.0,32.0,0,Normal_BitTorrent,USTC_TFC_2016
2.600000152597204e-05,103.0,6.0,0.0001,206.0,2.0,443.0,32.0,0,Normal_BitTorrent,USTC_TFC_2016
5.0999999075429514e-05,276.5,6.0,0.0001,553.0,2.0,443.0,32.0,0,Normal_BitTorrent,USTC_TFC_2016
8.400000297115184e-05,116.5,6.0,0.0001,233.0,2.0,443.0,32.0,0,Normal_BitTorrent,USTC_TFC_2016
0.0001140000022132881,744.0,6.0,0.0001140000022132881,1488.0,2.0,443.0,32.0,0,Normal_BitTorrent,USTC_TFC_2016
7.000000186963007e-05,772.5,6.0,0.0001,1545.0,2.0,443.0,32.0,0,Normal_BitTorrent,USTC_TFC_2016
7.900000127847306e-05,772.5,6.0,0.0001,1545.0,2.0,443.0,32.0,0,Normal_BitTorrent,USTC_TFC_2016
4.8999998398358e-05,488.0,6.0,0.0001,976.0,2.0,443.0,32.0,0,Normal_BitTorrent,USTC_TFC_2016
3.600000127335079e-05,744.0,6.0,0.0001,1488.0,2.0,443.0,32.0,0,Normal_BitTorrent,USTC_TFC_2016
3.099999958067201e-05,276.5,6.0,0.0001,553.0,2.0,443.0,32.0,0,Normal_BitTorrent,USTC_TFC_2016
7.60000002628658e-05,276.5,6.0,0.0001,553.0,2.0,443.0,32.0,0,Normal_BitTorrent,USTC_TFC_2016
0.00010800000018207356,744.0,6.0,0.00010800000018207356,1488.0,2.0,443.0,32.0,0,Normal_BitTorrent,USTC_TFC_2016
0.00014599999849451706,744.0,6.0,0.00014599999849451706,1488.0,2.0,443.0,32.0,0,Normal_BitTorrent,USTC_TFC_2016
5.700000110664405e-05,772.5,6.0,0.0001,1545.0,2.0,443.0,32.0,0,Normal_BitTorrent,USTC_TFC_2016
7.199999890872277e-05,744.0,6.0,0.0001,1488.0,2.0,443.0,32.0,0,Normal_BitTorrent,USTC_TFC_2016
0.00013499999840860255,488.0,6.0,0.00013499999840860255,976.0,2.0,443.0,32.0,0,Normal_BitTorrent,USTC_TFC_2016
6.399999983841553e-05,488.0,6.0,0.0001,976.0,2.0,443.0,32.0,0,Normal_BitTorrent,USTC_TFC_2016
7.300000288523734e-05,772.5,6.0,0.0001,1545.0,2.0,443.0,32.0,0,Normal_BitTorrent,USTC_TFC_2016
7.299999924725853e-05,103.0,6.0,0.0001,206.0,2.0,443.0,32.0,0,Normal_BitTorrent,USTC_TFC_2016
5.699999746866524e-05,772.5,6.0,0.0001,1545.0,2.0,443.0,32.0,0,Normal_BitTorrent,USTC_TFC_2016
5.2999999752501026e-05,103.0,6.0,0.0001,206.0,2.0,443.0,32.0,0,Normal_BitTorrent,USTC_TFC_2016
2.2000000171829015e-05,276.5,6.0,0.0001,553.0,2.0,443.0,32.0,0,Normal_BitTorrent,USTC_TFC_2016
3.5000000934815034e-05,772.5,6.0,0.0001,1545.0,2.0,443.0,32.0,0,Normal_BitTorrent,USTC_TFC_2016
0.00012599999899975955,102.5,6.0,0.00012599999899975955,205.0,2.0,443.0,32.0,0,Normal_BitTorrent,USTC_TFC_2016
0.00015999999959603883,103.0,6.0,0.00015999999959603883,206.0,2.0,443.0,32.0,0,Normal_BitTorrent,USTC_TFC_2016
5.400000009103678e-05,772.5,6.0,0.0001,1545.0,2.0,443.0,32.0,0,Normal_BitTorrent,USTC_TFC_2016
0.0001269999993382953,103.0,6.0,0.0001269999993382953,206.0,2.0,443.0,32.0,0,Normal_BitTorrent,USTC_TFC_2016
4.400000034365803e-05,116.5,6.0,0.0001,233.0,2.0,443.0,32.0,0,Normal_BitTorrent,USTC_TFC_2016
0.00010199999815085903,488.0,6.0,0.00010199999815085903,976.0,2.0,443.0,32.0,0,Normal_BitTorrent,USTC_TFC_2016
5.500000042957254e-05,772.5,6.0,0.0001,1545.0,2.0,443.0,32.0,0,Normal_BitTorrent,USTC_TFC_2016
0.00013000000035390258,116.5,6.0,0.00013000000035390258,233.0,2.0,443.0,32.0,0,Normal_BitTorrent,USTC_TFC_2016
5.2999999752501026e-05,772.5,6.0,0.0001,1545.0,2.0,443.0,32.0,0,Normal_BitTorrent,USTC_TFC_2016
0.00014199999714037403,744.0,6.0,0.00014199999714037403,1488.0,2.0,443.0,32.0,0,Normal_BitTorrent,USTC_TFC_2016
0.0001339999980700668,772.5,6.0,0.0001339999980700668,1545.0,2.0,443.0,32.0,0,Normal_BitTorrent,USTC_TFC_2016
3.5000000934815034e-05,772.5,6.0,0.0001,1545.0,2.0,443.0,32.0,0,Normal_BitTorrent,USTC_TFC_2016
9.299999874201603e-05,116.5,6.0,0.0001,233.0,2.0,443.0,32.0,0,Normal_BitTorrent,USTC_TFC_2016
9.700000009615906e-05,772.5,6.0,0.0001,1545.0,2.0,443.0,32.0,0,Normal_BitTorrent,USTC_TFC_2016
5.7999997807201e-05,116.5,6.0,0.0001,233.0,2.0,443.0,32.0,0,Normal_BitTorrent,USTC_TFC_2016
9.899999713525176e-05,772.5,6.0,0.0001,1545.0,2.0,443.0,32.0,0,Normal_BitTorrent,USTC_TFC_2016
9.700000009615906e-05,772.5,6.0,0.0001,1545.0,2.0,443.0,32.0,0,Normal_BitTorrent,USTC_TFC_2016
5.2999999752501026e-05,772.5,6.0,0.0001,1545.0,2.0,443.0,32.0,0,Normal_BitTorrent,USTC_TFC_2016
2.099999983329326e-05,116.5,6.0,0.0001,233.0,2.0,443.0,32.0,0,Normal_BitTorrent,USTC_TFC_2016
7.60000002628658e-05,276.5,6.0,0.0001,553.0,2.0,443.0,32.0,0,Normal_BitTorrent,USTC_TFC_2016
0.00011799999992945231,772.5,6.0,0.00011799999992945231,1545.0,2.0,443.0,32.0,0,Normal_BitTorrent,USTC_TFC_2016
0.00012399999832268804,116.5,6.0,0.00012399999832268804,233.0,2.0,443.0,32.0,0,Normal_BitTorrent,USTC_TFC_2016
5.2999999752501026e-05,744.0,6.0,0.0001,1488.0,2.0,443.0,32.0,0,Normal_BitTorrent,USTC_TFC_2016
1.6999998479150236e-05,772.5,6.0,0.0001,1545.0,2.0,443.0,32.0,0,Normal_BitTorrent,USTC_TFC_2016
8.459999808110296e-05,327.5,6.0,0.00042299999040551484,1965.0,6.0,80.0,32.0,1,Normal_Facetime,USTC_TFC_2016
7.449999975506216e-05,70.0,6.0,0.00014899999951012433,210.0,3.0,443.0,32.0,1,Normal_Facetime,USTC_TFC_2016
0.00021899997955188155,270.0,6.0,0.00021899997955188155,540.0,2.0,443.0,32.0,1,Normal_Facetime,USTC_TFC_2016
0.0003349999897181988,479.3333333333333,6.0,0.0006699999794363976,1438.0,3.0,80.0,32.0,1,Normal_Facetime,USTC_TFC_2016
1.9999999494757503e-05,150.0,6.0,0.0001,750.0,5.0,443.0,32.0,1,Normal_Facetime,USTC_TFC_2016
0.00015700000221841037,70.0,6.0,0.00031400000443682075,210.0,3.0,443.0,32.0,1,Normal_Facetime,USTC_TFC_2016
0.00028899998869746923,677.0,6.0,0.00028899998869746923,1354.0,2.0,443.0,32.0,1,Normal_Facetime,USTC_TFC_2016
3.650000144261867e-05,70.0,6.0,0.0001,210.0,3.0,443.0,32.0,1,Normal_Facetime,USTC_TFC_2016
3.0000010156072676e-05,70.0,6.0,0.0001,210.0,3.0,80.0,32.0,1,Normal_Facetime,USTC_TFC_2016
2.8000009479001164e-05,763.0,6.0,0.0001,1526.0,2.0,443.0,32.0,1,Normal_Facetime,USTC_TFC_2016
3.700000524986535e-05,70.0,6.0,0.0001,210.0,3.0,443.0,32.0,1,Normal_Facetime,USTC_TFC_2016
0.0001584999990882352,70.0,6.0,0.0003169999981764704,210.0,3.0,443.0,32.0,1,Normal_Facetime,USTC_TFC_2016
7.399998139590025e-05,70.0,6.0,0.0001,140.0,2.0,443.0,32.0,1,Normal_Facetime,USTC_TFC_2016
0.00011100000119768083,585.0,6.0,0.00022200000239536166,1755.0,3.0,80.0,32.0,1,Normal_Facetime,USTC_TFC_2016
2.8999987989664078e-05,684.0,6.0,0.0001,1368.0,2.0,80.0,32.0,1,Normal_Facetime,USTC_TFC_2016
0.00014700001338496804,381.5,6.0,0.00014700001338496804,763.0,2.0,443.0,32.0,1,Normal_Facetime,USTC_TFC_2016
0.00014299998292699456,474.0,6.0,0.00014299998292699456,948.0,2.0,443.0,32.0,1,Normal_Facetime,USTC_TFC_2016
4.099999205209315e-05,677.0,6.0,0.0001,1354.0,2.0,443.0,32.0,1,Normal_Facetime,USTC_TFC_2016
0.00017799999477574602,150.0,6.0,0.0007119999791029841,750.0,5.0,443.0,32.0,1,Normal_Facetime,USTC_TFC_2016
9.033333238524695e-05,70.0,6.0,0.00027099999715574086,280.0,4.0,443.0,32.0,1,Normal_Facetime,USTC_TFC_2016
0.00013699999544769526,70.0,6.0,0.0002739999908953905,210.0,3.0,443.0,32.0,1,Normal_Facetime,USTC_TFC_2016
0.00024366665941973528,378.0,6.0,0.0007309999782592058,1512.0,4.0,80.0,32.0,1,Normal_Facetime,USTC_TFC_2016
3.7999998312443495e-05,381.5,6.0,0.0001,763.0,2.0,443.0,32.0,1,Normal_Facetime,USTC_TFC_2016
4.300000728107989e-05,70.0,6.0,0.0001,140.0,2.0,443.0,32.0,1,Normal_Facetime,USTC_TFC_2016
0.00016233332765599093,70.0,6.0,0.00048699998296797276,280.0,4.0,443.0,32.0,1,Normal_Facetime,USTC_TFC_2016
7.149999146349728e-05,585.0,6.0,0.00014299998292699456,1755.0,3.0,80.0,32.0,1,Normal_Facetime,USTC_TFC_2016
2.2500011255033314e-05,70.0,6.0,0.0001,210.0,3.0,443.0,32.0,1,Normal_Facetime,USTC_TFC_2016
4.5000000682193786e-05,150.0,6.0,0.00018000000272877514,750.0,5.0,443.0,32.0,1,Normal_Facetime,USTC_TFC_2016
4.0000013541430235e-05,754.5,6.0,0.0001,1509.0,2.0,443.0,32.0,1,Normal_Facetime,USTC_TFC_2016
0.00014399999054148793,70.0,6.0,0.00014399999054148793,140.0,2.0,443.0,32.0,1,Normal_Facetime,USTC_TFC_2016
5.900001269765198e-05,70.0,6.0,0.0001,140.0,2.0,80.0,32.0,1,Normal_Facetime,USTC_TFC_2016
0.000145500001963228,150.0,6.0,0.000582000007852912,750.0,5.0,443.0,32.0,1,Normal_Facetime,USTC_TFC_2016
3.899997682310641e-05,531.5,6.0,0.0001,1063.0,2.0,443.0,32.0,1,Normal_Facetime,USTC_TFC_2016
2.1000014385208488e-05,70.0,6.0,0.0001,140.0,2.0,443.0,32.0,1,Normal_Facetime,USTC_TFC_2016
5.699999746866524e-05,70.0,6.0,0.0001,140.0,2.0,443.0,32.0,1,Normal_Facetime,USTC_TFC_2016
4.549999721348286e-05,70.0,6.0,0.0001,210.0,3.0,443.0,32.0,1,Normal_Facetime,USTC_TFC_2016
4.150001041125506e-05,585.0,6.0,0.0001,1755.0,3.0,80.0,32.0,1,Normal_Facetime,USTC_TFC_2016
0.00013699999544769526,70.0,6.0,0.0002739999908953905,210.0,3.0,443.0,32.0,1,Normal_Facetime,USTC_TFC_2016
0.00014000001829117537,763.0,6.0,0.00014000001829117537,1526.0,2.0,443.0,32.0,1,Normal_Facetime,USTC_TFC_2016
0.00014200000441633165,70.0,6.0,0.00014200000441633165,140.0,2.0,80.0,32.0,1,Normal_Facetime,USTC_TFC_2016
0.0001720000000204891,70.0,6.0,0.0005160000000614673,280.0,4.0,80.0,32.0,1,Normal_Facetime,USTC_TFC_2016
4.3499996536411345e-05,150.0,6.0,0.00017399998614564538,750.0,5.0,443.0,32.0,1,Normal_Facetime,USTC_TFC_2016
0.0001365000061923638,317.2,6.0,0.0005460000247694552,1586.0,5.0,80.0,32.0,1,Normal_Facetime,USTC_TFC_2016
0.0002460000105202198,532.0,6.0,0.0002460000105202198,1064.0,2.0,443.0,32.0,1,Normal_Facetime,USTC_TFC_2016
0.00010900000052060932,70.0,6.0,0.00021800000104121864,210.0,3.0,443.0,32.0,1,Normal_Facetime,USTC_TFC_2016
1.3999990187585354e-05,70.0,6.0,0.0001,140.0,2.0,80.0,32.0,1,Normal_Facetime,USTC_TFC_2016
0.00015300000086426735,378.0,6.0,0.00045900000259280205,1512.0,4.0,80.0,32.0,1,Normal_Facetime,USTC_TFC_2016
4.700000863522291e-05,754.5,6.0,0.0001,1509.0,2.0,443.0,32.0,1,Normal_Facetime,USTC_TFC_2016
0.00012199999764561653,381.5,6.0,0.00012199999764561653,763.0,2.0,443.0,32.0,1,Normal_Facetime,USTC_TFC_2016
0.00013599998783320189,70.0,6.0,0.00013599998783320189,140.0,2.0,80.0,32.0,1,Normal_Facetime,USTC_TFC_2016
0.00018400000408291817,270.0,6.0,0.00018400000408291817,540.0,2.0,443.0,32.0,1,Normal_Facetime,USTC_TFC_2016
0.002348666671120251,70.0,6.0,0.007046000013360754,280.0,4.0,443.0,32.0,1,Normal_Facetime,USTC_TFC_2016
0.00014966667125311991,70.0,6.0,0.0004490000137593597,280.0,4.0,443.0,32.0,1,Normal_Facetime,USTC_TFC_2016
0.00013200001558288932,70.0,6.0,0.00013200001558288932,140.0,2.0,443.0,32.0,1,Normal_Facetime,USTC_TFC_2016
4.39999857917428e-05,531.5,6.0,0.0001,1063.0,2.0,443.0,32.0,1,Normal_Facetime,USTC_TFC_2016
0.00016366667114198208,378.0,6.0,0.0004910000134259462,1512.0,4.0,80.0,32.0,1,Normal_Facetime,USTC_TFC_2016
2.9000002541579306e-05,70.0,6.0,0.0001,210.0,3.0,443.0,32.0,1,Normal_Facetime,USTC_TFC_2016
0.0001280000142287463,70.0,6.0,0.0001280000142287463,140.0,2.0,443.0,32.0,1,Normal_Facetime,USTC_TFC_2016
0.00010000000474974513,70.0,6.0,0.00020000000949949026,210.0,3.0,443.0,32.0,1,Normal_Facetime,USTC_TFC_2016
0.00016399999731220305,763.0,6.0,0.00016399999731220305,1526.0,2.0,443.0,32.0,1,Normal_Facetime,USTC_TFC_2016
0.00014699999883305281,439.0,6.0,0.0008819999929983169,3073.0,7.0,443.0,32.0,1,Normal_Facetime,USTC_TFC_2016
6.000002031214535e-05,763.0,6.0,0.0001,1526.0,2.0,443.0,32.0,1,Normal_Facetime,USTC_TFC_2016
0.00010049999400507659,70.0,6.0,0.00020099998801015317,210.0,3.0,443.0,32.0,1,Normal_Facetime,USTC_TFC_2016
0.00020599999697878957,772.5,6.0,0.00020599999697878957,1545.0,2.0,443.0,32.0,1,Normal_Facetime,USTC_TFC_2016
0.0023423333283669003,70.0,6.0,0.0070269999851007015,280.0,4.0,443.0,32.0,1,Normal_Facetime,USTC_TFC_2016
0.0001062500014086254,317.2,6.0,0.0004250000056345016,1586.0,5.0,80.0,32.0,1,Normal_Facetime,USTC_TFC_2016
0.00013920000055804848,136.66666666666666,6.0,0.0006960000027902424,820.0,6.0,443.0,32.0,1,Normal_Facetime,USTC_TFC_2016
0.00020599999697878957,381.5,6.0,0.00020599999697878957,763.0,2.0,443.0,32.0,1,Normal_Facetime,USTC_TFC_2016
4.600000102072954e-05,763.0,6.0,0.0001,1526.0,2.0,443.0,32.0,1,Normal_Facetime,USTC_TFC_2016
0.00010900001507252455,70.0,6.0,0.00010900001507252455,140.0,2.0,80.0,32.0,1,Normal_Facetime,USTC_TFC_2016
0.00011100000119768083,70.0,6.0,0.00011100000119768083,140.0,2.0,443.0,32.0,1,Normal_Facetime,USTC_TFC_2016
0.00010999999358318746,532.0,6.0,0.00010999999358318746,1064.0,2.0,443.0,32.0,1,Normal_Facetime,USTC_TFC_2016
4.5500011765398085e-05,70.0,6.0,0.0001,210.0,3.0,80.0,32.0,1,Normal_Facetime,USTC_TFC_2016
4.800001624971628e-05,684.0,6.0,0.0001,1368.0,2.0,80.0,32.0,1,Normal_Facetime,USTC_TFC_2016
3.4500000765547156e-05,70.0,6.0,0.0001,210.0,3.0,443.0,32.0,1,Normal_Facetime,USTC_TFC_2016
5.599998985417187e-05,754.5,6.0,0.0001,1509.0,2.0,443.0,32.0,1,Normal_Facetime,USTC_TFC_2016
5.400000372901559e-05,684.0,6.0,0.0001,1368.0,2.0,80.0,32.0,1,Normal_Facetime,USTC_TFC_2016
0.00010999999358318746,450.5,6.0,0.00010999999358318746,901.0,2.0,443.0,32.0,1,Normal_Facetime,USTC_TFC_2016
9.099999442696571e-05,70.0,6.0,0.00018199998885393143,210.0,3.0,443.0,32.0,1,Normal_Facetime,USTC_TFC_2016
0.00018049999683474502,439.0,6.0,0.00108299998100847,3073.0,7.0,443.0,32.0,1,Normal_Facetime,USTC_TFC_2016
0.00010799997835420072,70.0,6.0,0.00010799997835420072,140.0,2.0,443.0,32.0,1,Normal_Facetime,USTC_TFC_2016
0.00011199997970834374,70.0,6.0,0.00011199997970834374,140.0,2.0,80.0,32.0,1,Normal_Facetime,USTC_TFC_2016
5.0000002374872565e-05,70.0,6.0,0.0001,140.0,2.0,443.0,32.0,1,Normal_Facetime,USTC_TFC_2016
5.1000009989365935e-05,70.0,6.0,0.0001,140.0,2.0,443.0,32.0,1,Normal_Facetime,USTC_TFC_2016
0.0022672000050079077,136.66666666666666,6.0,0.011336000025039539,820.0,6.0,443.0,32.0,1,Normal_Facetime,USTC_TFC_2016
9.700001101009548e-05,763.0,6.0,0.0001,1526.0,2.0,443.0,32.0,1,Normal_Facetime,USTC_TFC_2016
4.7999987145885825e-05,70.0,6.0,0.0001,140.0,2.0,443.0,32.0,1,Normal_Facetime,USTC_TFC_2016
3.600001218728721e-05,582.5,6.0,0.0001,1165.0,2.0,443.0,32.0,1,Normal_Facetime,USTC_TFC_2016
0.0001309999788645655,763.0,6.0,0.0001309999788645655,1526.0,2.0,443.0,32.0,1,Normal_Facetime,USTC_TFC_2016
3.100000321865082e-05,381.5,6.0,0.0001,763.0,2.0,443.0,32.0,1,Normal_Facetime,USTC_TFC_2016
4.0000013541430235e-05,70.0,6.0,0.0001,140.0,2.0,443.0,32.0,1,Normal_Facetime,USTC_TFC_2016
0.00013500000932253897,772.5,6.0,0.00013500000932253897,1545.0,2.0,443.0,32.0,1,Normal_Facetime,USTC_TFC_2016
3.15000070258975e-05,70.0,6.0,0.0001,210.0,3.0,443.0,32.0,1,Normal_Facetime,USTC_TFC_2016
3.9000005926936865e-05,70.0,6.0,0.0001,140.0,2.0,443.0,32.0,1,Normal_Facetime,USTC_TFC_2016
0.0001170000177808106,772.5,6.0,0.0001170000177808106,1545.0,2.0,443.0,32.0,1,Normal_Facetime,USTC_TFC_2016
5.1000009989365935e-05,582.5,6.0,0.0001,1165.0,2.0,443.0,32.0,1,Normal_Facetime,USTC_TFC_2016
0.002138399996329099,272.3333333333333,6.0,0.010691999981645495,1634.0,6.0,443.0,32.0,1,Normal_Facetime,USTC_TFC_2016
7.799998275004327e-05,754.5,6.0,0.0001,1509.0,2.0,443.0,32.0,1,Normal_Facetime,USTC_TFC_2016
1.4999997802078724e-05,70.0,6.0,0.0001,210.0,3.0,80.0,32.0,1,Normal_Facetime,USTC_TFC_2016
2.9999995604157448e-05,754.5,6.0,0.0001,1509.0,2.0,443.0,32.0,1,Normal_Facetime,USTC_TFC_2016
3.700001980178058e-05,684.0,6.0,0.0001,1368.0,2.0,80.0,32.0,1,Normal_Facetime,USTC_TFC_2016
9.466666961088777e-05,70.0,6.0,0.0002840000088326633,280.0,4.0,443.0,32.0,1,Normal_Facetime,USTC_TFC_2016
3.500000457279384e-05,531.5,6.0,0.0001,1063.0,2.0,443.0,32.0,1,Normal_Facetime,USTC_TFC_2016
7.09999876562506e-05,70.0,6.0,0.0001,140.0,2.0,80.0,32.0,1,Normal_Facetime,USTC_TFC_2016
0.00011225000343983993,317.2,6.0,0.0004490000137593597,1586.0,5.0,80.0,32.0,1,Normal_Facetime,USTC_TFC_2016
6.999998004175723e-05,70.0,6.0,0.0001,140.0,2.0,80.0,32.0,1,Normal_Facetime,USTC_TFC_2016
2.8000009479001164e-05,381.5,6.0,0.0001,763.0,2.0,443.0,32.0,1,Normal_Facetime,USTC_TFC_2016
7.000000914558768e-05,70.0,6.0,0.0001,140.0,2.0,443.0,32.0,1,Normal_Facetime,USTC_TFC_2016
2.8999987989664078e-05,531.5,6.0,0.0001,1063.0,2.0,443.0,32.0,1,Normal_Facetime,USTC_TFC_2016
0.00029399999766610563,381.5,6.0,0.00029399999766610563,763.0,2.0,443.0,32.0,1,Normal_Facetime,USTC_TFC_2016
3.100000321865082e-05,763.0,6.0,0.0001,1526.0,2.0,443.0,32.0,1,Normal_Facetime,USTC_TFC_2016
5.800000508315861e-05,70.0,6.0,0.0001,140.0,2.0,443.0,32.0,1,Normal_Facetime,USTC_TFC_2016
4.39999857917428e-05,270.0,6.0,0.0001,540.0,2.0,443.0,32.0,1,Normal_Facetime,USTC_TFC_2016
6.44999963697046e-05,70.0,6.0,0.0001289999927394092,210.0,3.0,443.0,32.0,1,Normal_Facetime,USTC_TFC_2016
0.00021499997819773853,754.5,6.0,0.00021499997819773853,1509.0,2.0,443.0,32.0,1,Normal_Facetime,USTC_TFC_2016
6.974999996600673e-05,317.2,6.0,0.0002789999998640269,1586.0,5.0,80.0,32.0,1,Normal_Facetime,USTC_TFC_2016
0.00011850000009872019,70.0,6.0,0.00023700000019744039,210.0,3.0,443.0,32.0,1,Normal_Facetime,USTC_TFC_2016
0.00028500001644715667,381.5,6.0,0.00028500001644715667,763.0,2.0,443.0,32.0,1,Normal_Facetime,USTC_TFC_2016
0.00028100001509301364,450.5,6.0,0.00028100001509301364,901.0,2.0,443.0,32.0,1,Normal_Facetime,USTC_TFC_2016
0.00012199999764561653,150.0,6.0,0.0004879999905824661,750.0,5.0,443.0,32.0,1,Normal_Facetime,USTC_TFC_2016
0.00028199999360367656,474.0,6.0,0.00028199999360367656,948.0,2.0,443.0,32.0,1,Normal_Facetime,USTC_TFC_2016
3.600001218728721e-05,450.5,6.0,0.0001,901.0,2.0,443.0,32.0,1,Normal_Facetime,USTC_TFC_2016
5.199999577598646e-05,222.2,6.0,0.00020799998310394585,1111.0,5.0,443.0,32.0,1,Normal_Facetime,USTC_TFC_2016
4.8999994760379195e-05,450.5,6.0,0.0001,901.0,2.0,443.0,32.0,1,Normal_Facetime,USTC_TFC_2016
2.300000051036477e-05,677.0,6.0,0.0001,1354.0,2.0,443.0,32.0,1,Normal_Facetime,USTC_TFC_2016
0.0002770000137388706,677.0,6.0,0.0002770000137388706,1354.0,2.0,443.0,32.0,1,Normal_Facetime,USTC_TFC_2016
3.7999998312443495e-05,70.0,6.0,0.0001,210.0,3.0,80.0,32.0,1,Normal_Facetime,USTC_TFC_2016
0.00013600000238511711,70.0,6.0,0.00027200000477023423,210.0,3.0,80.0,32.0,1,Normal_Facetime,USTC_TFC_2016
0.00020099998801015317,772.5,6.0,0.00020099998801015317,1545.0,2.0,443.0,32.0,1,Normal_Facetime,USTC_TFC_2016
3.399999695830047e-05,381.5,6.0,0.0001,763.0,2.0,443.0,32.0,1,Normal_Facetime,USTC_TFC_2016
9.120000177063048e-05,327.5,6.0,0.0004560000088531524,1965.0,6.0,80.0,32.0,1,Normal_Facetime,USTC_TFC_2016
2.649999805726111e-05,70.0,6.0,0.0001,210.0,3.0,443.0,32.0,1,Normal_Facetime,USTC_TFC_2016
0.00013749999925494194,222.2,6.0,0.0005499999970197678,1111.0,5.0,443.0,32.0,1,Normal_Facetime,USTC_TFC_2016
0.00020300000323913991,754.5,6.0,0.00020300000323913991,1509.0,2.0,443.0,32.0,1,Normal_Facetime,USTC_TFC_2016
5.324999801814556e-05,317.2,6.0,0.00021299999207258224,1586.0,5.0,80.0,32.0,1,Normal_Facetime,USTC_TFC_2016
2.9999995604157448e-05,585.0,6.0,0.0001,1755.0,3.0,80.0,32.0,1,Normal_Facetime,USTC_TFC_2016
4.199999966658652e-05,381.5,6.0,0.0001,763.0,2.0,443.0,32.0,1,Normal_Facetime,USTC_TFC_2016
2.5999994250014424e-05,450.5,6.0,0.0001,901.0,2.0,443.0,32.0,1,Normal_Facetime,USTC_TFC_2016
3.9000005926936865e-05,70.0,6.0,0.0001,210.0,3.0,443.0,32.0,1,Normal_Facetime,USTC_TFC_2016
0.00014899999951012433,70.0,6.0,0.00029799999902024865,210.0,3.0,443.0,32.0,1,Normal_Facetime,USTC_TFC_2016
8.299999171867967e-05,754.5,6.0,0.0001,1509.0,2.0,443.0,32.0,1,Normal_Facetime,USTC_TFC_2016
0.00012599999899975955,585.0,6.0,0.0002519999979995191,1755.0,3.0,80.0,32.0,1,Normal_Facetime,USTC_TFC_2016
0.0001205000007757917,70.0,6.0,0.0002410000015515834,210.0,3.0,443.0,32.0,1,Normal_Facetime,USTC_TFC_2016
0.00014699999883305281,70.0,6.0,0.00029399999766610563,210.0,3.0,443.0,32.0,1,Normal_Facetime,USTC_TFC_2016
3.2500000088475645e-05,70.0,6.0,0.0001,210.0,3.0,443.0,32.0,1,Normal_Facetime,USTC_TFC_2016
0.00012349999451544136,70.0,6.0,0.0002469999890308827,210.0,3.0,443.0,32.0,1,Normal_Facetime,USTC_TFC_2016
4.7999987145885825e-05,450.5,6.0,0.0001,901.0,2.0,443.0,32.0,1,Normal_Facetime,USTC_TFC_2016
7.075000030454248e-05,317.2,6.0,0.00028300000121816993,1586.0,5.0,80.0,32.0,1,Normal_Facetime,USTC_TFC_2016
5.699999746866524e-05,532.0,6.0,0.0001,1064.0,2.0,443.0,32.0,1,Normal_Facetime,USTC_TFC_2016
3.100000321865082e-05,754.5,6.0,0.0001,1509.0,2.0,443.0,32.0,1,Normal_Facetime,USTC_TFC_2016
2.9000017093494534e-05,677.0,6.0,0.0001,1354.0,2.0,443.0,32.0,1,Normal_Facetime,USTC_TFC_2016
3.6999990697950125e-05,450.5,6.0,0.0001,901.0,2.0,443.0,32.0,1,Normal_Facetime,USTC_TFC_2016
0.00016500000492669642,450.5,6.0,0.00016500000492669642,901.0,2.0,443.0,32.0,1,Normal_Facetime,USTC_TFC_2016
4.199999966658652e-05,531.5,6.0,0.0001,1063.0,2.0,443.0,32.0,1,Normal_Facetime,USTC_TFC_2016
2.4999986635521054e-05,270.0,6.0,0.0001,540.0,2.0,443.0,32.0,1,Normal_Facetime,USTC_TFC_2016
4.400001489557326e-05,677.0,6.0,0.0001,1354.0,2.0,443.0,32.0,1,Normal_Facetime,USTC_TFC_2016
2.5999994250014424e-05,270.0,6.0,0.0001,540.0,2.0,443.0,32.0,1,Normal_Facetime,USTC_TFC_2016
0.00011199997970834374,582.5,6.0,0.00011199997970834374,1165.0,2.0,443.0,32.0,1,Normal_Facetime,USTC_TFC_2016
0.00011950000771321356,70.0,6.0,0.00023900001542642713,210.0,3.0,443.0,32.0,1,Normal_Facetime,USTC_TFC_2016
0.00016500000492669642,754.5,6.0,0.00016500000492669642,1509.0,2.0,443.0,32.0,1,Normal_Facetime,USTC_TFC_2016
0.00017049999830002585,242.57142857142858,6.0,0.0010229999898001552,1698.0,7.0,443.0,32.0,1,Normal_Facetime,USTC_TFC_2016
0.00015700000221841037,772.5,6.0,0.00015700000221841037,1545.0,2.0,443.0,32.0,1,Normal_Facetime,USTC_TFC_2016
0.00010449999535921961,70.0,6.0,0.00020899999071843922,210.0,3.0,80.0,32.0,1,Normal_Facetime,USTC_TFC_2016
2.099999983329326e-05,70.0,6.0,0.0001,210.0,3.0,443.0,32.0,1,Normal_Facetime,USTC_TFC_2016
3.0000024707987905e-05,754.5,6.0,0.0001,1509.0,2.0,443.0,32.0,1,Normal_Facetime,USTC_TFC_2016
8.549999620299786e-05,70.0,6.0,0.00017099999240599573,210.0,3.0,80.0,32.0,1,Normal_Facetime,USTC_TFC_2016
9.549999958835542e-05,70.0,6.0,0.00019099999917671084,210.0,3.0,443.0,32.0,1,Normal_Facetime,USTC_TFC_2016
0.00022499999613501132,531.5,6.0,0.00022499999613501132,1063.0,2.0,443.0,32.0,1,Normal_Facetime,USTC_TFC_2016
0.00011350000568199903,70.0,6.0,0.00022700001136399806,210.0,3.0,80.0,32.0,1,Normal_Facetime,USTC_TFC_2016
0.00012349999451544136,70.0,6.0,0.0002469999890308827,210.0,3.0,80.0,32.0,1,Normal_Facetime,USTC_TFC_2016
3.700001980178058e-05,450.5,6.0,0.0001,901.0,2.0,443.0,32.0,1,Normal_Facetime,USTC_TFC_2016
8.100000559352338e-05,70.0,6.0,0.00016200001118704677,210.0,3.0,443.0,32.0,1,Normal_Facetime,USTC_TFC_2016
0.0002680000034160912,754.5,6.0,0.0002680000034160912,1509.0,2.0,443.0,32.0,1,Normal_Facetime,USTC_TFC_2016
0.00023725000210106373,317.2,6.0,0.0009490000084042549,1586.0,5.0,80.0,32.0,1,Normal_Facetime,USTC_TFC_2016
0.00016750000941101462,70.0,6.0,0.00033500001882202923,210.0,3.0,443.0,32.0,1,Normal_Facetime,USTC_TFC_2016
5.60000044060871e-05,585.0,6.0,0.0001120000088121742,1755.0,3.0,80.0,32.0,1,Normal_Facetime,USTC_TFC_2016
0.00010649999603629112,70.0,6.0,0.00021299999207258224,210.0,3.0,443.0,32.0,1,Normal_Facetime,USTC_TFC_2016
3.7999998312443495e-05,763.0,6.0,0.0001,1526.0,2.0,443.0,32.0,1,Normal_Facetime,USTC_TFC_2016
4.199999966658652e-05,754.5,6.0,0.0001,1509.0,2.0,443.0,32.0,1,Normal_Facetime,USTC_TFC_2016
5.425000563263893e-05,317.2,6.0,0.00021700002253055573,1586.0,5.0,80.0,32.0,1,Normal_Facetime,USTC_TFC_2016
2.300000051036477e-05,585.0,6.0,0.0001,1755.0,3.0,80.0,32.0,1,Normal_Facetime,USTC_TFC_2016
0.0002620000159367919,677.0,6.0,0.0002620000159367919,1354.0,2.0,443.0,32.0,1,Normal_Facetime,USTC_TFC_2016
8.019999950192869e-05,327.5,6.0,0.00040099999750964344,1965.0,6.0,80.0,32.0,1,Normal_Facetime,USTC_TFC_2016
0.00010000000474974513,754.5,6.0,0.00010000000474974513,1509.0,2.0,443.0,32.0,1,Normal_Facetime,USTC_TFC_2016
0.0001289999927394092,450.5,6.0,0.0001289999927394092,901.0,2.0,443.0,32.0,1,Normal_Facetime,USTC_TFC_2016
0.0001720000000204891,474.0,6.0,0.0001720000000204891,948.0,2.0,443.0,32.0,1,Normal_Facetime,USTC_TFC_2016
0.00017499999376013875,162.0,6.0,0.00017499999376013875,324.0,2.0,443.0,32.0,1,Normal_Facetime,USTC_TFC_2016
0.00033799998345784843,450.5,6.0,0.00033799998345784843,901.0,2.0,443.0,32.0,1,Normal_Facetime,USTC_TFC_2016
0.00010550000297371298,70.0,6.0,0.00021100000594742596,210.0,3.0,443.0,32.0,1,Normal_Facetime,USTC_TFC_2016
0.00023299999884329736,763.0,6.0,0.00023299999884329736,1526.0,2.0,443.0,32.0,1,Normal_Facetime,USTC_TFC_2016
6.700001540593803e-05,270.0,6.0,0.0001,540.0,2.0,443.0,32.0,1,Normal_Facetime,USTC_TFC_2016
1.7999991541728377e-05,70.0,6.0,0.0001,210.0,3.0,443.0,32.0,1,Normal_Facetime,USTC_TFC_2016
3.29999893438071e-05,763.0,6.0,0.0001,1526.0,2.0,443.0,32.0,1,Normal_Facetime,USTC_TFC_2016
4.650000482797623e-05,312.8,6.0,0.0001860000193119049,1564.0,5.0,443.0,32.0,1,Normal_Facetime,USTC_TFC_2016
0.00014200000441633165,70.0,6.0,0.0002840000088326633,210.0,3.0,80.0,32.0,1,Normal_Facetime,USTC_TFC_2016
0.00016200001118704677,763.0,6.0,0.00016200001118704677,1526.0,2.0,443.0,32.0,1,Normal_Facetime,USTC_TFC_2016
4.6749999455641955e-05,150.0,6.0,0.00018699999782256782,750.0,5.0,443.0,32.0,1,Normal_Facetime,USTC_TFC_2016
5.599998985417187e-05,488.0,6.0,0.0001,976.0,2.0,443.0,32.0,1,Normal_Facetime,USTC_TFC_2016
6.249999569263309e-05,585.0,6.0,0.00012499999138526618,1755.0,3.0,80.0,32.0,1,Normal_Facetime,USTC_TFC_2016
0.00030899999546818435,474.0,6.0,0.00030899999546818435,948.0,2.0,443.0,32.0,1,Normal_Facetime,USTC_TFC_2016
6.700001540593803e-05,772.5,6.0,0.0001,1545.0,2.0,443.0,32.0,1,Normal_Facetime,USTC_TFC_2016
3.6749996070284396e-05,222.2,6.0,0.00014699998428113759,1111.0,5.0,443.0,32.0,1,Normal_Facetime,USTC_TFC_2016
0.00020599999697878957,677.0,6.0,0.00020599999697878957,1354.0,2.0,443.0,32.0,1,Normal_Facetime,USTC_TFC_2016
0.00012399998377077281,772.5,6.0,0.00012399998377077281,1545.0,2.0,443.0,32.0,1,Normal_Facetime,USTC_TFC_2016
0.0001399999891873449,763.0,6.0,0.0001399999891873449,1526.0,2.0,443.0,32.0,1,Normal_Facetime,USTC_TFC_2016
7.449999975506216e-05,70.0,6.0,0.00014899999951012433,210.0,3.0,443.0,32.0,1,Normal_Facetime,USTC_TFC_2016
7.650000043213367e-05,70.0,6.0,0.00015300000086426735,210.0,3.0,80.0,32.0,1,Normal_Facetime,USTC_TFC_2016
7.700000423938036e-05,70.0,6.0,0.00015400000847876072,210.0,3.0,443.0,32.0,1,Normal_Facetime,USTC_TFC_2016
3.399999695830047e-05,763.0,6.0,0.0001,1526.0,2.0,443.0,32.0,1,Normal_Facetime,USTC_TFC_2016
0.00013699999544769526,474.0,6.0,0.00013699999544769526,948.0,2.0,443.0,32.0,1,Normal_Facetime,USTC_TFC_2016
0.00012099999003112316,763.0,6.0,0.00012099999003112316,1526.0,2.0,443.0,32.0,1,Normal_Facetime,USTC_TFC_2016
0.00014450000162469223,317.2,6.0,0.0005780000064987689,1586.0,5.0,80.0,32.0,1,Normal_Facetime,USTC_TFC_2016
2.9999995604157448e-05,772.5,6.0,0.0001,1545.0,2.0,443.0,32.0,1,Normal_Facetime,USTC_TFC_2016
3.524999920045957e-05,312.8,6.0,0.00014099999680183828,1564.0,5.0,443.0,32.0,1,Normal_Facetime,USTC_TFC_2016
5.2000017603859305e-05,450.5,6.0,0.0001,901.0,2.0,443.0,32.0,1,Normal_Facetime,USTC_TFC_2016
7.199999527074397e-05,754.5,6.0,0.0001,1509.0,2.0,443.0,32.0,1,Normal_Facetime,USTC_TFC_2016
0.0016792500027804635,312.8,6.0,0.006717000011121854,1564.0,5.0,443.0,32.0,1,Normal_Facetime,USTC_TFC_2016
0.0001309999788645655,531.5,6.0,0.0001309999788645655,1063.0,2.0,443.0,32.0,1,Normal_Facetime,USTC_TFC_2016
5.699999746866524e-05,474.0,6.0,0.0001,948.0,2.0,443.0,32.0,1,Normal_Facetime,USTC_TFC_2016
0.00011100000119768083,327.5,6.0,0.0005550000059884042,1965.0,6.0,80.0,32.0,1,Normal_Facetime,USTC_TFC_2016
4.299999272916466e-05,70.0,6.0,0.0001,210.0,3.0,443.0,32.0,1,Normal_Facetime,USTC_TFC_2016
0.00015800000983290374,531.5,6.0,0.00015800000983290374,1063.0,2.0,443.0,32.0,1,Normal_Facetime,USTC_TFC_2016
2.9000002541579306e-05,70.0,6.0,0.0001,210.0,3.0,443.0,32.0,1,Normal_Facetime,USTC_TFC_2016
2.099999983329326e-05,70.0,6.0,0.0001,210.0,3.0,443.0,32.0,1,Normal_Facetime,USTC_TFC_2016
6.200000643730164e-05,270.0,6.0,0.0001,540.0,2.0,443.0,32.0,1,Normal_Facetime,USTC_TFC_2016
2.7999994927085936e-05,70.0,6.0,0.0001,210.0,3.0,443.0,32.0,1,Normal_Facetime,USTC_TFC_2016
0.00017699997988529503,582.5,6.0,0.00017699997988529503,1165.0,2.0,443.0,32.0,1,Normal_Facetime,USTC_TFC_2016
8.500000112690031e-05,327.5,6.0,0.0004250000056345016,1965.0,6.0,80.0,32.0,1,Normal_Facetime,USTC_TFC_2016
0.00010299999848939478,70.0,6.0,0.00020599999697878957,210.0,3.0,443.0,32.0,1,Normal_Facetime,USTC_TFC_2016
0.00015016666535908976,242.57142857142858,6.0,0.0009009999921545386,1698.0,7.0,443.0,32.0,1,Normal_Facetime,USTC_TFC_2016
2.5999994250014424e-05,772.5,6.0,0.0001,1545.0,2.0,443.0,32.0,1,Normal_Facetime,USTC_TFC_2016
2.300000051036477e-05,270.0,6.0,0.0001,540.0,2.0,443.0,32.0,1,Normal_Facetime,USTC_TFC_2016
0.00013424999633571133,317.2,6.0,0.0005369999853428453,1586.0,5.0,80.0,32.0,1,Normal_Facetime,USTC_TFC_2016
4.299997817724943e-05,754.5,6.0,0.0001,1509.0,2.0,443.0,32.0,1,Normal_Facetime,USTC_TFC_2016
0.0001610000035725534,70.0,6.0,0.0003220000071451068,210.0,3.0,443.0,32.0,1,Normal_Facetime,USTC_TFC_2016
3.199998172931373e-05,763.0,6.0,0.0001,1526.0,2.0,443.0,32.0,1,Normal_Facetime,USTC_TFC_2016
0.00014200000441633165,70.0,6.0,0.0002840000088326633,210.0,3.0,443.0,32.0,1,Normal_Facetime,USTC_TFC_2016
0.00011900000390596688,70.0,6.0,0.00023800000781193376,210.0,3.0,443.0,32.0,1,Normal_Facetime,USTC_TFC_2016
1.6000005416572094e-05,70.0,6.0,0.0001,210.0,3.0,80.0,32.0,1,Normal_Facetime,USTC_TFC_2016
0.00014599997666664422,772.5,6.0,0.00014599997666664422,1545.0,2.0,443.0,32.0,1,Normal_Facetime,USTC_TFC_2016
0.00020366667013149709,376.7142857142857,6.0,0.0012220000207889825,2637.0,7.0,443.0,32.0,1,Normal_Facetime,USTC_TFC_2016
4.149999585933983e-05,70.0,6.0,0.0001,210.0,3.0,443.0,32.0,1,Normal_Facetime,USTC_TFC_2016
5.199998850002885e-05,585.0,6.0,0.0001039999770000577,1755.0,3.0,80.0,32.0,1,Normal_Facetime,USTC_TFC_2016
3.100000321865082e-05,772.5,6.0,0.0001,1545.0,2.0,443.0,32.0,1,Normal_Facetime,USTC_TFC_2016
1.7999991541728377e-05,141.5,6.0,0.0001,283.0,2.0,443.0,32.0,1,Normal_Facetime,USTC_TFC_2016
6.199999188538641e-05,585.0,6.0,0.00012399998377077281,1755.0,3.0,80.0,32.0,1,Normal_Facetime,USTC_TFC_2016
6.299999949987978e-05,585.0,6.0,0.00012599999899975955,1755.0,3.0,80.0,32.0,1,Normal_Facetime,USTC_TFC_2016
0.0002400000230409205,763.0,6.0,0.0002400000230409205,1526.0,2.0,443.0,32.0,1,Normal_Facetime,USTC_TFC_2016
3.5999983083456755e-05,754.5,6.0,0.0001,1509.0,2.0,443.0,32.0,1,Normal_Facetime,USTC_TFC_2016
0.00023016666333811978,376.7142857142857,6.0,0.0013809999800287187,2637.0,7.0,443.0,32.0,1,Normal_Facetime,USTC_TFC_2016
4.1250001231674105e-05,312.8,6.0,0.00016500000492669642,1564.0,5.0,443.0,32.0,1,Normal_Facetime,USTC_TFC_2016
0.00024399999529123306,582.5,6.0,0.00024399999529123306,1165.0,2.0,443.0,32.0,1,Normal_Facetime,USTC_TFC_2016
0.00010574999760137871,312.8,6.0,0.00042299999040551484,1564.0,5.0,443.0,32.0,1,Normal_Facetime,USTC_TFC_2016
3.2500000088475645e-05,70.0,6.0,0.0001,210.0,3.0,443.0,32.0,1,Normal_Facetime,USTC_TFC_2016
0.00020149999181739986,70.0,6.0,0.0004029999836347997,210.0,3.0,443.0,32.0,1,Normal_Facetime,USTC_TFC_2016
0.00016750000941101462,70.0,6.0,0.00033500001882202923,210.0,3.0,443.0,32.0,1,Normal_Facetime,USTC_TFC_2016
0.00010500001371838152,270.0,6.0,0.00010500001371838152,540.0,2.0,443.0,32.0,1,Normal_Facetime,USTC_TFC_2016
0.00022899999748915434,450.5,6.0,0.00022899999748915434,901.0,2.0,443.0,32.0,1,Normal_Facetime,USTC_TFC_2016
3.29999893438071e-05,582.5,6.0,0.0001,1165.0,2.0,443.0,32.0,1,Normal_Facetime,USTC_TFC_2016
0.00010699999984353781,532.0,6.0,0.00010699999984353781,1064.0,2.0,443.0,32.0,1,Normal_Facetime,USTC_TFC_2016
0.00011100000119768083,222.2,6.0,0.0004440000047907233,1111.0,5.0,443.0,32.0,1,Normal_Facetime,USTC_TFC_2016
5.5500000598840415e-05,70.0,6.0,0.00011100000119768083,210.0,3.0,443.0,32.0,1,Normal_Facetime,USTC_TFC_2016
0.00010699999984353781,531.5,6.0,0.00010699999984353781,1063.0,2.0,443.0,32.0,1,Normal_Facetime,USTC_TFC_2016
0.0001584999990882352,70.0,6.0,0.0003169999981764704,210.0,3.0,443.0,32.0,1,Normal_Facetime,USTC_TFC_2016
0.00011100000119768083,763.0,6.0,0.00011100000119768083,1526.0,2.0,443.0,32.0,1,Normal_Facetime,USTC_TFC_2016
3.22499981848523e-05,312.8,6.0,0.0001289999927394092,1564.0,5.0,443.0,32.0,1,Normal_Facetime,USTC_TFC_2016
0.0002469999890308827,677.0,6.0,0.0002469999890308827,1354.0,2.0,443.0,32.0,1,Normal_Facetime,USTC_TFC_2016
8.549999620299786e-05,585.0,6.0,0.00017099999240599573,1755.0,3.0,80.0,32.0,1,Normal_Facetime,USTC_TFC_2016
0.00018599999020807445,70.0,6.0,0.0003719999804161489,210.0,3.0,443.0,32.0,1,Normal_Facetime,USTC_TFC_2016
5.3499999921768904e-05,70.0,6.0,0.00010699999984353781,210.0,3.0,443.0,32.0,1,Normal_Facetime,USTC_TFC_2016
0.0001049999991664663,70.0,6.0,0.0002099999983329326,210.0,3.0,443.0,32.0,1,Normal_Facetime,USTC_TFC_2016
0.00024900000425986946,450.5,6.0,0.00024900000425986946,901.0,2.0,443.0,32.0,1,Normal_Facetime,USTC_TFC_2016
3.7999998312443495e-05,450.5,6.0,0.0001,901.0,2.0,443.0,32.0,1,Normal_Facetime,USTC_TFC_2016
0.00012650000280700624,70.0,6.0,0.0002530000056140125,210.0,3.0,443.0,32.0,1,Normal_Facetime,USTC_TFC_2016
4.149999585933983e-05,70.0,6.0,0.0001,210.0,3.0,80.0,32.0,1,Normal_Facetime,USTC_TFC_2016
0.00011649999942164868,70.0,6.0,0.00023299999884329736,210.0,3.0,443.0,32.0,1,Normal_Facetime,USTC_TFC_2016
9.800001862458885e-05,677.0,6.0,0.0001,1354.0,2.0,443.0,32.0,1,Normal_Facetime,USTC_TFC_2016
7.300000288523734e-05,772.5,6.0,0.0001,1545.0,2.0,443.0,32.0,1,Normal_Facetime,USTC_TFC_2016
0.0001784999913070351,70.0,6.0,0.0003569999826140702,210.0,3.0,443.0,32.0,1,Normal_Facetime,USTC_TFC_2016
5.8999998145736754e-05,70.0,6.0,0.00011799999629147351,210.0,3.0,443.0,32.0,1,Normal_Facetime,USTC_TFC_2016
5.950000195298344e-05,70.0,6.0,0.00011900000390596688,210.0,3.0,443.0,32.0,1,Normal_Facetime,USTC_TFC_2016
3.100000321865082e-05,772.5,6.0,0.0001,1545.0,2.0,443.0,32.0,1,Normal_Facetime,USTC_TFC_2016
0.0021533333347178996,242.57142857142858,6.0,0.012920000008307397,1698.0,7.0,443.0,32.0,1,Normal_Facetime,USTC_TFC_2016
9.300000965595245e-05,585.0,6.0,0.0001860000193119049,1755.0,3.0,80.0,32.0,1,Normal_Facetime,USTC_TFC_2016
0.00015499998698942363,677.0,6.0,0.00015499998698942363,1354.0,2.0,443.0,32.0,1,Normal_Facetime,USTC_TFC_2016
6.400002166628838e-05,677.0,6.0,0.0001,1354.0,2.0,443.0,32.0,1,Normal_Facetime,USTC_TFC_2016
0.00013899998157285154,450.5,6.0,0.00013899998157285154,901.0,2.0,443.0,32.0,1,Normal_Facetime,USTC_TFC_2016
7.399998139590025e-05,763.0,6.0,0.0001,1526.0,2.0,443.0,32.0,1,Normal_Facetime,USTC_TFC_2016
2.3999993572942913e-05,585.0,6.0,0.0001,1755.0,3.0,80.0,32.0,1,Normal_Facetime,USTC_TFC_2016
3.399999695830047e-05,772.5,6.0,0.0001,1545.0,2.0,443.0,32.0,1,Normal_Facetime,USTC_TFC_2016
0.00010200000542681664,70.0,6.0,0.00020400001085363328,210.0,3.0,443.0,32.0,1,Normal_Facetime,USTC_TFC_2016
3.9000005926936865e-05,450.5,6.0,0.0001,901.0,2.0,443.0,32.0,1,Normal_Facetime,USTC_TFC_2016
4.199999966658652e-05,677.0,6.0,0.0001,1354.0,2.0,443.0,32.0,1,Normal_Facetime,USTC_TFC_2016
0.0017944999999599531,242.57142857142858,6.0,0.010766999999759719,1698.0,7.0,443.0,32.0,1,Normal_Facetime,USTC_TFC_2016
9.974999557016417e-05,150.0,6.0,0.0003989999822806567,750.0,5.0,443.0,32.0,1,Normal_Facetime,USTC_TFC_2016
0.00012699997751042247,270.0,6.0,0.00012699997751042247,540.0,2.0,443.0,32.0,1,Normal_Facetime,USTC_TFC_2016
3.500000457279384e-05,450.5,6.0,0.0001,901.0,2.0,443.0,32.0,1,Normal_Facetime,USTC_TFC_2016
0.00013599998783320189,474.0,6.0,0.00013599998783320189,948.0,2.0,443.0,32.0,1,Normal_Facetime,USTC_TFC_2016
0.00016200001118704677,677.0,6.0,0.00016200001118704677,1354.0,2.0,443.0,32.0,1,Normal_Facetime,USTC_TFC_2016
0.00020300000323913991,532.0,6.0,0.00020300000323913991,1064.0,2.0,443.0,32.0,1,Normal_Facetime,USTC_TFC_2016
1.999999221879989e-05,70.0,6.0,0.0001,210.0,3.0,443.0,32.0,1,Normal_Facetime,USTC_TFC_2016
7.049999840091914e-05,585.0,6.0,0.00014099999680183828,1755.0,3.0,80.0,32.0,1,Normal_Facetime,USTC_TFC_2016
5.800000508315861e-05,70.0,6.0,0.00011600001016631722,210.0,3.0,443.0,32.0,1,Normal_Facetime,USTC_TFC_2016
2.5999994250014424e-05,531.5,6.0,0.0001,1063.0,2.0,443.0,32.0,1,Normal_Facetime,USTC_TFC_2016
3.100000321865082e-05,70.0,6.0,0.0001,210.0,3.0,80.0,32.0,1,Normal_Facetime,USTC_TFC_2016
8.999998681247234e-05,582.5,6.0,0.0001,1165.0,2.0,443.0,32.0,1,Normal_Facetime,USTC_TFC_2016
3.6999990697950125e-05,532.0,6.0,0.0001,1064.0,2.0,443.0,32.0,1,Normal_Facetime,USTC_TFC_2016
0.0001340000017080456,772.5,6.0,0.0001340000017080456,1545.0,2.0,443.0,32.0,1,Normal_Facetime,USTC_TFC_2016
3.100000321865082e-05,582.5,6.0,0.0001,1165.0,2.0,443.0,32.0,1,Normal_Facetime,USTC_TFC_2016
0.00016250000044237822,150.0,6.0,0.0006500000017695129,750.0,5.0,443.0,32.0,1,Normal_Facetime,USTC_TFC_2016
0.00011199999426025897,70.0,6.0,0.00022399998852051795,210.0,3.0,443.0,32.0,1,Normal_Facetime,USTC_TFC_2016
3.700001980178058e-05,763.0,6.0,0.0001,1526.0,2.0,443.0,32.0,1,Normal_Facetime,USTC_TFC_2016
8.599998545832932e-05,474.0,6.0,0.0001,948.0,2.0,443.0,32.0,1,Normal_Facetime,USTC_TFC_2016
9.025000326801091e-05,317.2,6.0,0.00036100001307204366,1586.0,5.0,80.0,32.0,1,Normal_Facetime,USTC_TFC_2016
3.500000457279384e-05,763.0,6.0,0.0001,1526.0,2.0,443.0,32.0,1,Normal_Facetime,USTC_TFC_2016
2.1500003640539944e-05,70.0,6.0,0.0001,210.0,3.0,80.0,32.0,1,Normal_Facetime,USTC_TFC_2016
4.39999857917428e-05,754.5,6.0,0.0001,1509.0,2.0,443.0,32.0,1,Normal_Facetime,USTC_TFC_2016
0.00026699999580159783,474.0,6.0,0.00026699999580159783,948.0,2.0,443.0,32.0,1,Normal_Facetime,USTC_TFC_2016
0.00022300001000985503,754.5,6.0,0.00022300001000985503,1509.0,2.0,443.0,32.0,1,Normal_Facetime,USTC_TFC_2016
0.00020650000078603625,242.57142857142858,6.0,0.0012390000047162175,1698.0,7.0,443.0,32.0,1,Normal_Facetime,USTC_TFC_2016
2.099999983329326e-05,70.0,6.0,0.0001,210.0,3.0,443.0,32.0,1,Normal_Facetime,USTC_TFC_2016
2.400000812485814e-05,763.0,6.0,0.0001,1526.0,2.0,443.0,32.0,1,Normal_Facetime,USTC_TFC_2016
0.0002629999944474548,532.0,6.0,0.0002629999944474548,1064.0,2.0,443.0,32.0,1,Normal_Facetime,USTC_TFC_2016
8.599998545832932e-05,763.0,6.0,0.0001,1526.0,2.0,443.0,32.0,1,Normal_Facetime,USTC_TFC_2016
5.500001134350896e-05,474.0,6.0,0.0001,948.0,2.0,443.0,32.0,1,Normal_Facetime,USTC_TFC_2016
4.400000034365803e-05,317.2,6.0,0.00017600000137463212,1586.0,5.0,80.0,32.0,1,Normal_Facetime,USTC_TFC_2016
4.8999994760379195e-05,772.5,6.0,0.0001,1545.0,2.0,443.0,32.0,1,Normal_Facetime,USTC_TFC_2016
1.750000228639692e-05,70.0,6.0,0.0001,210.0,3.0,80.0,32.0,1,Normal_Facetime,USTC_TFC_2016
7.499998901039362e-05,772.5,6.0,0.0001,1545.0,2.0,443.0,32.0,1,Normal_Facetime,USTC_TFC_2016
3.29999893438071e-05,754.5,6.0,0.0001,1509.0,2.0,443.0,32.0,1,Normal_Facetime,USTC_TFC_2016
0.00019066666815585145,376.7142857142857,6.0,0.0011440000089351088,2637.0,7.0,443.0,32.0,1,Normal_Facetime,USTC_TFC_2016
0.001655250001931563,150.0,6.0,0.006621000007726252,750.0,5.0,443.0,32.0,1,Normal_Facetime,USTC_TFC_2016
4.44999968749471e-05,222.2,6.0,0.0001779999874997884,1111.0,5.0,443.0,32.0,1,Normal_Facetime,USTC_TFC_2016
2.0000006770715117e-05,70.0,6.0,0.0001,210.0,3.0,80.0,32.0,1,Normal_Facetime,USTC_TFC_2016
6.600000779144466e-05,763.0,6.0,0.0001,1526.0,2.0,443.0,32.0,1,Normal_Facetime,USTC_TFC_2016
2.5999994250014424e-05,474.0,6.0,0.0001,948.0,2.0,443.0,32.0,1,Normal_Facetime,USTC_TFC_2016
3.6999990697950125e-05,532.0,6.0,0.0001,1064.0,2.0,443.0,32.0,1,Normal_Facetime,USTC_TFC_2016
3.1499992473982275e-05,70.0,6.0,0.0001,210.0,3.0,443.0,32.0,1,Normal_Facetime,USTC_TFC_2016
2.7000001864507794e-05,162.0,6.0,0.0001,324.0,2.0,443.0,32.0,1,Normal_Facetime,USTC_TFC_2016
6.500000017695129e-05,531.5,6.0,0.0001,1063.0,2.0,443.0,32.0,1,Normal_Facetime,USTC_TFC_2016
9.675000183051452e-05,317.2,6.0,0.0003870000073220581,1586.0,5.0,80.0,32.0,1,Normal_Facetime,USTC_TFC_2016
0.00019500000053085387,677.0,6.0,0.00019500000053085387,1354.0,2.0,443.0,32.0,1,Normal_Facetime,USTC_TFC_2016
0.00028100001509301364,677.0,6.0,0.00028100001509301364,1354.0,2.0,443.0,32.0,1,Normal_Facetime,USTC_TFC_2016
4.074999742442742e-05,150.0,6.0,0.00016299998969770968,750.0,5.0,443.0,32.0,1,Normal_Facetime,USTC_TFC_2016
0.0001205000007757917,70.0,6.0,0.0002410000015515834,210.0,3.0,443.0,32.0,1,Normal_Facetime,USTC_TFC_2016
5.750000127591193e-05,70.0,6.0,0.00011500000255182385,210.0,3.0,443.0,32.0,1,Normal_Facetime,USTC_TFC_2016
7.300000288523734e-05,772.5,6.0,0.0001,1545.0,2.0,443.0,32.0,1,Normal_Facetime,USTC_TFC_2016
0.00017400001524947584,532.0,6.0,0.00017400001524947584,1064.0,2.0,443.0,32.0,1,Normal_Facetime,USTC_TFC_2016
0.00011249999806750566,70.0,6.0,0.00022499999613501132,210.0,3.0,443.0,32.0,1,Normal_Facetime,USTC_TFC_2016
5.7999990531243384e-05,70.0,6.0,0.00011599998106248677,210.0,3.0,443.0,32.0,1,Normal_Facetime,USTC_TFC_2016
3.399999695830047e-05,763.0,6.0,0.0001,1526.0,2.0,443.0,32.0,1,Normal_Facetime,USTC_TFC_2016
2.5800004368647934e-05,327.5,6.0,0.00012900002184323967,1965.0,6.0,80.0,32.0,1,Normal_Facetime,USTC_TFC_2016
0.0001610000035725534,70.0,6.0,0.0003220000071451068,210.0,3.0,443.0,32.0,1,Normal_Facetime,USTC_TFC_2016
2.8250004106666893e-05,222.2,6.0,0.00011300001642666757,1111.0,5.0,443.0,32.0,1,Normal_Facetime,USTC_TFC_2016
7.199999527074397e-05,585.0,6.0,0.00014399999054148793,1755.0,3.0,80.0,32.0,1,Normal_Facetime,USTC_TFC_2016
2.9999995604157448e-05,70.0,6.0,0.0001,210.0,3.0,443.0,32.0,1,Normal_Facetime,USTC_TFC_2016
0.0001584999990882352,70.0,6.0,0.0003169999981764704,210.0,3.0,443.0,32.0,1,Normal_Facetime,USTC_TFC_2016
6.900000153109431e-05,754.5,6.0,0.0001,1509.0,2.0,443.0,32.0,1,Normal_Facetime,USTC_TFC_2016
3.999998443759978e-05,162.0,6.0,0.0001,324.0,2.0,443.0,32.0,1,Normal_Facetime,USTC_TFC_2016
7.899999764049426e-05,317.2,6.0,0.00031599999056197703,1586.0,5.0,80.0,32.0,1,Normal_Facetime,USTC_TFC_2016
0.00016399999731220305,531.5,6.0,0.00016399999731220305,1063.0,2.0,443.0,32.0,1,Normal_Facetime,USTC_TFC_2016
0.00017299999308306724,585.0,6.0,0.0003459999861661345,1755.0,3.0,80.0,32.0,1,Normal_Facetime,USTC_TFC_2016
2.5500004994682968e-05,70.0,6.0,0.0001,210.0,3.0,443.0,32.0,1,Normal_Facetime,USTC_TFC_2016
5.699999746866524e-05,532.0,6.0,0.0001,1064.0,2.0,443.0,32.0,1,Normal_Facetime,USTC_TFC_2016
0.00016599998343735933,270.0,6.0,0.00016599998343735933,540.0,2.0,443.0,32.0,1,Normal_Facetime,USTC_TFC_2016
0.00010300001304131001,70.0,6.0,0.00020600002608262002,210.0,3.0,443.0,32.0,1,Normal_Facetime,USTC_TFC_2016
2.5999994250014424e-05,531.5,6.0,0.0001,1063.0,2.0,443.0,32.0,1,Normal_Facetime,USTC_TFC_2016
3.6249999538995326e-05,317.2,6.0,0.0001449999981559813,1586.0,5.0,80.0,32.0,1,Normal_Facetime,USTC_TFC_2016
0.00012900002184323967,677.0,6.0,0.00012900002184323967,1354.0,2.0,443.0,32.0,1,Normal_Facetime,USTC_TFC_2016
0.0001172499978565611,317.2,6.0,0.0004689999914262444,1586.0,5.0,80.0,32.0,1,Normal_Facetime,USTC_TFC_2016
8.749999688006938e-05,585.0,6.0,0.00017499999376013875,1755.0,3.0,80.0,32.0,1,Normal_Facetime,USTC_TFC_2016
2.7999994927085936e-05,585.0,6.0,0.0001,1755.0,3.0,80.0,32.0,1,Normal_Facetime,USTC_TFC_2016
0.000149500003317371,70.0,6.0,0.000299000006634742,210.0,3.0,443.0,32.0,1,Normal_Facetime,USTC_TFC_2016
9.800000407267362e-05,70.0,6.0,0.00019600000814534724,210.0,3.0,443.0,32.0,1,Normal_Facetime,USTC_TFC_2016
2.1749998268205673e-05,150.0,6.0,0.0001,750.0,5.0,443.0,32.0,1,Normal_Facetime,USTC_TFC_2016
2.2000021999701858e-05,772.5,6.0,0.0001,1545.0,2.0,443.0,32.0,1,Normal_Facetime,USTC_TFC_2016
2.0000006770715117e-05,381.5,6.0,0.0001,763.0,2.0,443.0,32.0,1,Normal_Facetime,USTC_TFC_2016
2.0499996026046574e-05,585.0,6.0,0.0001,1755.0,3.0,80.0,32.0,1,Normal_Facetime,USTC_TFC_2016
3.4500000765547156e-05,70.0,6.0,0.0001,210.0,3.0,80.0,32.0,1,Normal_Facetime,USTC_TFC_2016
0.00019999999494757503,70.0,6.0,0.00039999998989515007,210.0,3.0,443.0,32.0,1,Normal_Facetime,USTC_TFC_2016
2.750000567175448e-05,70.0,6.0,0.0001,210.0,3.0,443.0,32.0,1,Normal_Facetime,USTC_TFC_2016
1.999997766688466e-05,162.0,6.0,0.0001,324.0,2.0,443.0,32.0,1,Normal_Facetime,USTC_TFC_2016
0.000139000010676682,532.0,6.0,0.000139000010676682,1064.0,2.0,443.0,32.0,1,Normal_Facetime,USTC_TFC_2016
0.00010199999087490141,677.0,6.0,0.00010199999087490141,1354.0,2.0,443.0,32.0,1,Normal_Facetime,USTC_TFC_2016
0.00031400000443682075,677.0,6.0,0.00031400000443682075,1354.0,2.0,443.0,32.0,1,Normal_Facetime,USTC_TFC_2016
0.00011500000255182385,474.0,6.0,0.00011500000255182385,948.0,2.0,443.0,32.0,1,Normal_Facetime,USTC_TFC_2016
1.2500007869675756e-05,585.0,6.0,0.0001,1755.0,3.0,80.0,32.0,1,Normal_Facetime,USTC_TFC_2016
2.7999994927085936e-05,585.0,6.0,0.0001,1755.0,3.0,80.0,32.0,1,Normal_Facetime,USTC_TFC_2016
0.00019500000053085387,70.0,6.0,0.00039000000106170774,210.0,3.0,443.0,32.0,1,Normal_Facetime,USTC_TFC_2016
5.800000508315861e-05,677.0,6.0,0.0001,1354.0,2.0,443.0,32.0,1,Normal_Facetime,USTC_TFC_2016
4.0249993617180735e-05,222.2,6.0,0.00016099997446872294,1111.0,5.0,443.0,32.0,1,Normal_Facetime,USTC_TFC_2016
0.00020400001085363328,677.0,6.0,0.00020400001085363328,1354.0,2.0,443.0,32.0,1,Normal_Facetime,USTC_TFC_2016
0.0001875000016298145,70.0,6.0,0.000375000003259629,210.0,3.0,443.0,32.0,1,Normal_Facetime,USTC_TFC_2016
0.00018850000924430788,70.0,6.0,0.00037700001848861575,210.0,3.0,443.0,32.0,1,Normal_Facetime,USTC_TFC_2016
0.00030399998649954796,474.0,6.0,0.00030399998649954796,948.0,2.0,443.0,32.0,1,Normal_Facetime,USTC_TFC_2016
0.00017249999655177817,317.2,6.0,0.0006899999862071127,1586.0,5.0,80.0,32.0,1,Normal_Facetime,USTC_TFC_2016
0.00018074999388772994,317.2,6.0,0.0007229999755509198,1586.0,5.0,80.0,32.0,1,Normal_Facetime,USTC_TFC_2016
6.500000017695129e-05,70.0,6.0,0.00013000000035390258,210.0,3.0,443.0,32.0,1,Normal_Facetime,USTC_TFC_2016
0.0001629999969736673,317.2,6.0,0.0006519999878946692,1586.0,5.0,80.0,32.0,1,Normal_Facetime,USTC_TFC_2016
6.500000017695129e-05,677.0,6.0,0.0001,1354.0,2.0,443.0,32.0,1,Normal_Facetime,USTC_TFC_2016
0.00011799999629147351,70.0,6.0,0.00023599999258294702,210.0,3.0,443.0,32.0,1,Normal_Facetime,USTC_TFC_2016
6.900000153109431e-05,532.0,6.0,0.0001,1064.0,2.0,443.0,32.0,1,Normal_Facetime,USTC_TFC_2016
7.200002437457442e-05,532.0,6.0,0.0001,1064.0,2.0,443.0,32.0,1,Normal_Facetime,USTC_TFC_2016
6.44999963697046e-05,70.0,6.0,0.0001289999927394092,210.0,3.0,80.0,32.0,1,Normal_Facetime,USTC_TFC_2016
0.00019799999912114194,376.7142857142857,6.0,0.0011879999947268516,2637.0,7.0,443.0,32.0,1,Normal_Facetime,USTC_TFC_2016
2.300000051036477e-05,763.0,6.0,0.0001,1526.0,2.0,443.0,32.0,1,Normal_Facetime,USTC_TFC_2016
2.8999987989664078e-05,763.0,6.0,0.0001,1526.0,2.0,443.0,32.0,1,Normal_Facetime,USTC_TFC_2016
0.00019200000679120421,270.0,6.0,0.00019200000679120421,540.0,2.0,443.0,32.0,1,Normal_Facetime,USTC_TFC_2016
6.600000779144466e-05,763.0,6.0,0.0001,1526.0,2.0,443.0,32.0,1,Normal_Facetime,USTC_TFC_2016
0.00017600000137463212,450.5,6.0,0.00017600000137463212,901.0,2.0,443.0,32.0,1,Normal_Facetime,USTC_TFC_2016
7.899999036453664e-05,772.5,6.0,0.0001,1545.0,2.0,443.0,32.0,1,Normal_Facetime,USTC_TFC_2016
3.9999998989515007e-05,70.0,6.0,0.0001,210.0,3.0,80.0,32.0,1,Normal_Facetime,USTC_TFC_2016
0.00013749999925494194,439.0,6.0,0.0008249999955296516,3073.0,7.0,443.0,32.0,1,Normal_Facetime,USTC_TFC_2016
5.1000009989365935e-05,763.0,6.0,0.0001,1526.0,2.0,443.0,32.0,1,Normal_Facetime,USTC_TFC_2016
1.3500000932253897e-05,585.0,6.0,0.0001,1755.0,3.0,80.0,32.0,1,Normal_Facetime,USTC_TFC_2016
0.00017600000137463212,270.0,6.0,0.00017600000137463212,540.0,2.0,443.0,32.0,1,Normal_Facetime,USTC_TFC_2016
0.00015899998834356666,763.0,6.0,0.00015899998834356666,1526.0,2.0,443.0,32.0,1,Normal_Facetime,USTC_TFC_2016
9.575000149197876e-05,312.8,6.0,0.00038300000596791506,1564.0,5.0,443.0,32.0,1,Normal_Facetime,USTC_TFC_2016
9.499999578110874e-05,70.0,6.0,0.00018999999156221747,210.0,3.0,443.0,32.0,1,Normal_Facetime,USTC_TFC_2016
2.9999995604157448e-05,70.0,6.0,0.0001,210.0,3.0,443.0,32.0,1,Normal_Facetime,USTC_TFC_2016
4.3499996536411345e-05,317.2,6.0,0.00017399998614564538,1586.0,5.0,80.0,32.0,1,Normal_Facetime,USTC_TFC_2016
4.199999966658652e-05,772.5,6.0,0.0001,1545.0,2.0,443.0,32.0,1,Normal_Facetime,USTC_TFC_2016
7.059999625198543e-05,327.5,6.0,0.00035299998125992715,1965.0,6.0,80.0,32.0,1,Normal_Facetime,USTC_TFC_2016
0.00022600000374950469,450.5,6.0,0.00022600000374950469,901.0,2.0,443.0,32.0,1,Normal_Facetime,USTC_TFC_2016
0.00016299998969770968,772.5,6.0,0.00016299998969770968,1545.0,2.0,443.0,32.0,1,Normal_Facetime,USTC_TFC_2016
4.39999857917428e-05,474.0,6.0,0.0001,948.0,2.0,443.0,32.0,1,Normal_Facetime,USTC_TFC_2016
0.0001480000209994614,763.0,6.0,0.0001480000209994614,1526.0,2.0,443.0,32.0,1,Normal_Facetime,USTC_TFC_2016
3.7999998312443495e-05,531.5,6.0,0.0001,1063.0,2.0,443.0,32.0,1,Normal_Facetime,USTC_TFC_2016
3.5999983083456755e-05,532.0,6.0,0.0001,1064.0,2.0,443.0,32.0,1,Normal_Facetime,USTC_TFC_2016
0.00011699998867698014,531.5,6.0,0.00011699998867698014,1063.0,2.0,443.0,32.0,1,Normal_Facetime,USTC_TFC_2016
1.9499988411553204e-05,70.0,6.0,0.0001,210.0,3.0,80.0,32.0,1,Normal_Facetime,USTC_TFC_2016
0.0001889999839477241,532.0,6.0,0.0001889999839477241,1064.0,2.0,443.0,32.0,1,Normal_Facetime,USTC_TFC_2016
0.00013349999790079892,70.0,6.0,0.00026699999580159783,210.0,3.0,80.0,32.0,1,Normal_Facetime,USTC_TFC_2016
0.00011700000322889537,585.0,6.0,0.00023400000645779073,1755.0,3.0,80.0,32.0,1,Normal_Facetime,USTC_TFC_2016
4.274999810149893e-05,312.8,6.0,0.00017099999240599573,1564.0,5.0,443.0,32.0,1,Normal_Facetime,USTC_TFC_2016
0.00012400001287460327,582.5,6.0,0.00012400001287460327,1165.0,2.0,443.0,32.0,1,Normal_Facetime,USTC_TFC_2016
0.00018600000475998968,70.0,6.0,0.00037200000951997936,210.0,3.0,443.0,32.0,1,Normal_Facetime,USTC_TFC_2016
2.3999979021027684e-05,763.0,6.0,0.0001,1526.0,2.0,443.0,32.0,1,Normal_Facetime,USTC_TFC_2016
0.00016075000166893005,317.2,6.0,0.0006430000066757202,1586.0,5.0,80.0,32.0,1,Normal_Facetime,USTC_TFC_2016
5.149999924469739e-05,70.0,6.0,0.00010299999848939478,210.0,3.0,80.0,32.0,1,Normal_Facetime,USTC_TFC_2016
0.00010500001371838152,677.0,6.0,0.00010500001371838152,1354.0,2.0,443.0,32.0,1,Normal_Facetime,USTC_TFC_2016
0.00012100000458303839,70.0,6.0,0.00024200000916607678,210.0,3.0,80.0,32.0,1,Normal_Facetime,USTC_TFC_2016
0.00010299999848939478,474.0,6.0,0.00010299999848939478,948.0,2.0,443.0,32.0,1,Normal_Facetime,USTC_TFC_2016
2.849999873433262e-05,585.0,6.0,0.0001,1755.0,3.0,80.0,32.0,1,Normal_Facetime,USTC_TFC_2016
5.199998850002885e-05,677.0,6.0,0.0001,1354.0,2.0,443.0,32.0,1,Normal_Facetime,USTC_TFC_2016
0.00014200000441633165,70.0,6.0,0.0002840000088326633,210.0,3.0,443.0,32.0,1,Normal_Facetime,USTC_TFC_2016
0.00021399999968707561,754.5,6.0,0.00021399999968707561,1509.0,2.0,443.0,32.0,1,Normal_Facetime,USTC_TFC_2016
0.00010925000242423266,317.2,6.0,0.00043700000969693065,1586.0,5.0,80.0,32.0,1,Normal_Facetime,USTC_TFC_2016
9.049999061971903e-05,70.0,6.0,0.00018099998123943806,210.0,3.0,443.0,32.0,1,Normal_Facetime,USTC_TFC_2016
0.0001429999974789098,70.0,6.0,0.0002859999949578196,210.0,3.0,443.0,32.0,1,Normal_Facetime,USTC_TFC_2016
0.00022299998090602458,677.0,6.0,0.00022299998090602458,1354.0,2.0,443.0,32.0,1,Normal_Facetime,USTC_TFC_2016
6.0999998822808266e-05,70.0,6.0,0.00012199999764561653,210.0,3.0,443.0,32.0,1,Normal_Facetime,USTC_TFC_2016
3.850000211969018e-05,70.0,6.0,0.0001,210.0,3.0,443.0,32.0,1,Normal_Facetime,USTC_TFC_2016
0.00013425000361166894,317.2,6.0,0.0005370000144466758,1586.0,5.0,80.0,32.0,1,Normal_Facetime,USTC_TFC_2016
0.00019233333296142519,242.57142857142858,6.0,0.0011539999977685511,1698.0,7.0,443.0,32.0,1,Normal_Facetime,USTC_TFC_2016
0.00014899999951012433,270.0,6.0,0.00014899999951012433,540.0,2.0,443.0,32.0,1,Normal_Facetime,USTC_TFC_2016
0.00019699998665601015,763.0,6.0,0.00019699998665601015,1526.0,2.0,443.0,32.0,1,Normal_Facetime,USTC_TFC_2016
8.800000068731606e-05,381.5,6.0,0.0001,763.0,2.0,443.0,32.0,1,Normal_Facetime,USTC_TFC_2016
3.650000144261867e-05,70.0,6.0,0.0001,210.0,3.0,443.0,32.0,1,Normal_Facetime,USTC_TFC_2016
4.600000102072954e-05,754.5,6.0,0.0001,1509.0,2.0,443.0,32.0,1,Normal_Facetime,USTC_TFC_2016
0.00023100001271814108,763.0,6.0,0.00023100001271814108,1526.0,2.0,443.0,32.0,1,Normal_Facetime,USTC_TFC_2016
0.00020399998174980283,450.5,6.0,0.00020399998174980283,901.0,2.0,443.0,32.0,1,Normal_Facetime,USTC_TFC_2016
4.600000102072954e-05,531.5,6.0,0.0001,1063.0,2.0,443.0,32.0,1,Normal_Facetime,USTC_TFC_2016
0.00023899998632259667,763.0,6.0,0.00023899998632259667,1526.0,2.0,443.0,32.0,1,Normal_Facetime,USTC_TFC_2016
0.00019800002337433398,450.5,6.0,0.00019800002337433398,901.0,2.0,443.0,32.0,1,Normal_Facetime,USTC_TFC_2016
0.00011700000322889537,70.0,6.0,0.00023400000645779073,210.0,3.0,443.0,32.0,1,Normal_Facetime,USTC_TFC_2016
5.0000002374872565e-05,70.0,6.0,0.00010000000474974513,210.0,3.0,80.0,32.0,1,Normal_Facetime,USTC_TFC_2016
0.0002429999876767397,754.5,6.0,0.0002429999876767397,1509.0,2.0,443.0,32.0,1,Normal_Facetime,USTC_TFC_2016
3.3500007702969015e-05,70.0,6.0,0.0001,210.0,3.0,443.0,32.0,1,Normal_Facetime,USTC_TFC_2016
0.0001250000059371814,70.0,6.0,0.0002500000118743628,210.0,3.0,80.0,32.0,1,Normal_Facetime,USTC_TFC_2016
0.00014416666817851365,376.7142857142857,6.0,0.0008650000090710819,2637.0,7.0,443.0,32.0,1,Normal_Facetime,USTC_TFC_2016
6.600000779144466e-05,474.0,6.0,0.0001,948.0,2.0,443.0,32.0,1,Normal_Facetime,USTC_TFC_2016
0.00019000002066604793,763.0,6.0,0.00019000002066604793,1526.0,2.0,443.0,32.0,1,Normal_Facetime,USTC_TFC_2016
3.100000321865082e-05,450.5,6.0,0.0001,901.0,2.0,443.0,32.0,1,Normal_Facetime,USTC_TFC_2016
3.7999998312443495e-05,677.0,6.0,0.0001,1354.0,2.0,443.0,32.0,1,Normal_Facetime,USTC_TFC_2016
6.699998630210757e-05,532.0,6.0,0.0001,1064.0,2.0,443.0,32.0,1,Normal_Facetime,USTC_TFC_2016
3.8999991375021636e-05,70.0,6.0,0.0001,210.0,3.0,443.0,32.0,1,Normal_Facetime,USTC_TFC_2016
0.00017300000763498247,763.0,6.0,0.00017300000763498247,1526.0,2.0,443.0,32.0,1,Normal_Facetime,USTC_TFC_2016
4.300000728107989e-05,772.5,6.0,0.0001,1545.0,2.0,443.0,32.0,1,Normal_Facetime,USTC_TFC_2016
0.00019600000814534724,474.0,6.0,0.00019600000814534724,948.0,2.0,443.0,32.0,1,Normal_Facetime,USTC_TFC_2016
0.0001405000002705492,317.2,6.0,0.0005620000010821968,1586.0,5.0,80.0,32.0,1,Normal_Facetime,USTC_TFC_2016
0.00018616666784510016,376.7142857142857,6.0,0.001117000007070601,2637.0,7.0,443.0,32.0,1,Normal_Facetime,USTC_TFC_2016
0.0017116666664757456,242.57142857142858,6.0,0.010269999998854473,1698.0,7.0,443.0,32.0,1,Normal_Facetime,USTC_TFC_2016
3.29999893438071e-05,772.5,6.0,0.0001,1545.0,2.0,443.0,32.0,1,Normal_Facetime,USTC_TFC_2016
3.200001083314419e-05,381.5,6.0,0.0001,763.0,2.0,443.0,32.0,1,Normal_Facetime,USTC_TFC_2016
0.0001550000160932541,474.0,6.0,0.0001550000160932541,948.0,2.0,443.0,32.0,1,Normal_Facetime,USTC_TFC_2016
0.00010225000005448237,150.0,6.0,0.0004090000002179295,750.0,5.0,443.0,32.0,1,Normal_Facetime,USTC_TFC_2016
3.600001218728721e-05,772.5,6.0,0.0001,1545.0,2.0,443.0,32.0,1,Normal_Facetime,USTC_TFC_2016
9.600000339560211e-05,585.0,6.0,0.00019200000679120421,1755.0,3.0,80.0,32.0,1,Normal_Facetime,USTC_TFC_2016
0.00022399998852051795,532.0,6.0,0.00022399998852051795,1064.0,2.0,443.0,32.0,1,Normal_Facetime,USTC_TFC_2016
0.00017549999756738544,242.57142857142858,6.0,0.0010529999854043126,1698.0,7.0,443.0,32.0,1,Normal_Facetime,USTC_TFC_2016
3.2500000088475645e-05,70.0,6.0,0.0001,210.0,3.0,80.0,32.0,1,Normal_Facetime,USTC_TFC_2016
0.00011249999806750566,585.0,6.0,0.00022499999613501132,1755.0,3.0,80.0,32.0,1,Normal_Facetime,USTC_TFC_2016
3.15000070258975e-05,70.0,6.0,0.0001,210.0,3.0,443.0,32.0,1,Normal_Facetime,USTC_TFC_2016
4.499999340623617e-05,763.0,6.0,0.0001,1526.0,2.0,443.0,32.0,1,Normal_Facetime,USTC_TFC_2016
3.8499994843732566e-05,222.2,6.0,0.00015399997937493026,1111.0,5.0,443.0,32.0,1,Normal_Facetime,USTC_TFC_2016
3.100000321865082e-05,270.0,6.0,0.0001,540.0,2.0,443.0,32.0,1,Normal_Facetime,USTC_TFC_2016
0.0001770000089891255,754.5,6.0,0.0001770000089891255,1509.0,2.0,443.0,32.0,1,Normal_Facetime,USTC_TFC_2016
0.00016150000737980008,70.0,6.0,0.00032300001475960016,210.0,3.0,443.0,32.0,1,Normal_Facetime,USTC_TFC_2016
0.0002130000211764127,474.0,6.0,0.0002130000211764127,948.0,2.0,443.0,32.0,1,Normal_Facetime,USTC_TFC_2016
0.00032500000088475645,772.5,6.0,0.00032500000088475645,1545.0,2.0,443.0,32.0,1,Normal_Facetime,USTC_TFC_2016
0.00011199999426025897,70.0,6.0,0.00022399998852051795,210.0,3.0,443.0,32.0,1,Normal_Facetime,USTC_TFC_2016
9.899999713525176e-05,270.0,6.0,0.0001,540.0,2.0,443.0,32.0,1,Normal_Facetime,USTC_TFC_2016
9.899999713525176e-05,381.5,6.0,0.0001,763.0,2.0,443.0,32.0,1,Normal_Facetime,USTC_TFC_2016
0.00010900000052060932,70.0,6.0,0.00021800000104121864,210.0,3.0,443.0,32.0,1,Normal_Facetime,USTC_TFC_2016
6.9500005338341e-05,70.0,6.0,0.000139000010676682,210.0,3.0,80.0,32.0,1,Normal_Facetime,USTC_TFC_2016
0.00016799999866634607,754.5,6.0,0.00016799999866634607,1509.0,2.0,443.0,32.0,1,Normal_Facetime,USTC_TFC_2016
7.300000288523734e-05,70.0,6.0,0.00014600000577047467,210.0,3.0,80.0,32.0,1,Normal_Facetime,USTC_TFC_2016
6.599999323952943e-05,70.0,6.0,0.00013199998647905886,210.0,3.0,80.0,32.0,1,Normal_Facetime,USTC_TFC_2016
1.649999467190355e-05,70.0,6.0,0.0001,210.0,3.0,443.0,32.0,1,Normal_Facetime,USTC_TFC_2016
0.00010599999222904444,754.5,6.0,0.00010599999222904444,1509.0,2.0,443.0,32.0,1,Normal_Facetime,USTC_TFC_2016
6.749999738531187e-05,317.2,6.0,0.0002699999895412475,1586.0,5.0,80.0,32.0,1,Normal_Facetime,USTC_TFC_2016
4.900002386420965e-05,677.0,6.0,0.0001,1354.0,2.0,443.0,32.0,1,Normal_Facetime,USTC_TFC_2016
2.9999995604157448e-05,70.0,6.0,0.0001,210.0,3.0,80.0,32.0,1,Normal_Facetime,USTC_TFC_2016
6.0999998822808266e-05,70.0,6.0,0.00012199999764561653,210.0,3.0,443.0,32.0,1,Normal_Facetime,USTC_TFC_2016
0.00014999999257270247,585.0,6.0,0.00029999998514540493,1755.0,3.0,80.0,32.0,1,Normal_Facetime,USTC_TFC_2016
6.900000153109431e-05,70.0,6.0,0.00013800000306218863,210.0,3.0,443.0,32.0,1,Normal_Facetime,USTC_TFC_2016
0.00010450000991113484,70.0,6.0,0.00020900001982226968,210.0,3.0,443.0,32.0,1,Normal_Facetime,USTC_TFC_2016
4.950001311954111e-05,585.0,6.0,0.0001,1755.0,3.0,80.0,32.0,1,Normal_Facetime,USTC_TFC_2016
5.599998985417187e-05,450.5,6.0,0.0001,901.0,2.0,443.0,32.0,1,Normal_Facetime,USTC_TFC_2016
0.00029299999005161226,763.0,6.0,0.00029299999005161226,1526.0,2.0,443.0,32.0,1,Normal_Facetime,USTC_TFC_2016
9.799998952075839e-05,754.5,6.0,0.0001,1509.0,2.0,443.0,32.0,1,Normal_Facetime,USTC_TFC_2016
7.899999036453664e-05,381.5,6.0,0.0001,763.0,2.0,443.0,32.0,1,Normal_Facetime,USTC_TFC_2016
2.8999987989664078e-05,677.0,6.0,0.0001,1354.0,2.0,443.0,32.0,1,Normal_Facetime,USTC_TFC_2016
7.700000423938036e-05,162.0,6.0,0.0001,324.0,2.0,443.0,32.0,1,Normal_Facetime,USTC_TFC_2016
7.599999662488699e-05,772.5,6.0,0.0001,1545.0,2.0,443.0,32.0,1,Normal_Facetime,USTC_TFC_2016
5.099998088553548e-05,531.5,6.0,0.0001,1063.0,2.0,443.0,32.0,1,Normal_Facetime,USTC_TFC_2016
4.350001108832657e-05,70.0,6.0,0.0001,210.0,3.0,80.0,32.0,1,Normal_Facetime,USTC_TFC_2016
7.300000288523734e-05,754.5,6.0,0.0001,1509.0,2.0,443.0,32.0,1,Normal_Facetime,USTC_TFC_2016
8.50000069476664e-05,450.5,6.0,0.0001,901.0,2.0,443.0,32.0,1,Normal_Facetime,USTC_TFC_2016
0.00010000000474974513,763.0,6.0,0.00010000000474974513,1526.0,2.0,443.0,32.0,1,Normal_Facetime,USTC_TFC_2016
0.00023800000781193376,474.0,6.0,0.00023800000781193376,948.0,2.0,443.0,32.0,1,Normal_Facetime,USTC_TFC_2016
7.049999840091914e-05,70.0,6.0,0.00014099999680183828,210.0,3.0,443.0,32.0,1,Normal_Facetime,USTC_TFC_2016
4.700000863522291e-05,532.0,6.0,0.0001,1064.0,2.0,443.0,32.0,1,Normal_Facetime,USTC_TFC_2016
3.7999998312443495e-05,70.0,6.0,0.0001,210.0,3.0,80.0,32.0,1,Normal_Facetime,USTC_TFC_2016
3.300001844763756e-05,474.0,6.0,0.0001,948.0,2.0,443.0,32.0,1,Normal_Facetime,USTC_TFC_2016
7.300000288523734e-05,582.5,6.0,0.0001,1165.0,2.0,443.0,32.0,1,Normal_Facetime,USTC_TFC_2016
4.300000728107989e-05,70.0,6.0,0.0001,210.0,3.0,80.0,32.0,1,Normal_Facetime,USTC_TFC_2016
1.3999990187585354e-05,585.0,6.0,0.0001,1755.0,3.0,80.0,32.0,1,Normal_Facetime,USTC_TFC_2016
0.00014899999951012433,70.0,6.0,0.00029799999902024865,210.0,3.0,443.0,32.0,1,Normal_Facetime,USTC_TFC_2016
4.149999585933983e-05,70.0,6.0,0.0001,210.0,3.0,443.0,32.0,1,Normal_Facetime,USTC_TFC_2016
2.4499997380189598e-05,70.0,6.0,0.0001,210.0,3.0,443.0,32.0,1,Normal_Facetime,USTC_TFC_2016
5.900001269765198e-05,474.0,6.0,0.0001,948.0,2.0,443.0,32.0,1,Normal_Facetime,USTC_TFC_2016
6.500000017695129e-05,381.5,6.0,0.0001,763.0,2.0,443.0,32.0,1,Normal_Facetime,USTC_TFC_2016
0.00011400000948924571,70.0,6.0,0.00022800001897849143,210.0,3.0,443.0,32.0,1,Normal_Facetime,USTC_TFC_2016
5.3499999921768904e-05,70.0,6.0,0.00010699999984353781,210.0,3.0,80.0,32.0,1,Normal_Facetime,USTC_TFC_2016
2.300000051036477e-05,270.0,6.0,0.0001,540.0,2.0,443.0,32.0,1,Normal_Facetime,USTC_TFC_2016
0.00015899998834356666,677.0,6.0,0.00015899998834356666,1354.0,2.0,443.0,32.0,1,Normal_Facetime,USTC_TFC_2016
3.100000321865082e-05,582.5,6.0,0.0001,1165.0,2.0,443.0,32.0,1,Normal_Facetime,USTC_TFC_2016
6.299999949987978e-05,70.0,6.0,0.00012599999899975955,210.0,3.0,443.0,32.0,1,Normal_Facetime,USTC_TFC_2016
6.799999391660094e-05,677.0,6.0,0.0001,1354.0,2.0,443.0,32.0,1,Normal_Facetime,USTC_TFC_2016
4.39999857917428e-05,270.0,6.0,0.0001,540.0,2.0,443.0,32.0,1,Normal_Facetime,USTC_TFC_2016
8.250000246334821e-05,70.0,6.0,0.00016500000492669642,210.0,3.0,80.0,32.0,1,Normal_Facetime,USTC_TFC_2016
6.399999256245792e-05,70.0,6.0,0.00012799998512491584,210.0,3.0,80.0,32.0,1,Normal_Facetime,USTC_TFC_2016
0.00014433333126362413,376.7142857142857,6.0,0.0008659999875817448,2637.0,7.0,443.0,32.0,1,Normal_Facetime,USTC_TFC_2016
0.001537249998364132,222.2,6.0,0.006148999993456528,1111.0,5.0,443.0,32.0,1,Normal_Facetime,USTC_TFC_2016
0.0001610000035725534,70.0,6.0,0.0003220000071451068,210.0,3.0,443.0,32.0,1,Normal_Facetime,USTC_TFC_2016
2.500001573935151e-05,677.0,6.0,0.0001,1354.0,2.0,443.0,32.0,1,Normal_Facetime,USTC_TFC_2016
0.00014300001203082502,754.5,6.0,0.00014300001203082502,1509.0,2.0,443.0,32.0,1,Normal_Facetime,USTC_TFC_2016
0.0001440000196453184,450.5,6.0,0.0001440000196453184,901.0,2.0,443.0,32.0,1,Normal_Facetime,USTC_TFC_2016
0.00018699999782256782,532.0,6.0,0.00018699999782256782,1064.0,2.0,443.0,32.0,1,Normal_Facetime,USTC_TFC_2016
0.0002570000069681555,450.5,6.0,0.0002570000069681555,901.0,2.0,443.0,32.0,1,Normal_Facetime,USTC_TFC_2016
0.00019483333259510496,376.7142857142857,6.0,0.0011689999955706298,2637.0,7.0,443.0,32.0,1,Normal_Facetime,USTC_TFC_2016
0.00013100000796839595,381.5,6.0,0.00013100000796839595,763.0,2.0,443.0,32.0,1,Normal_Facetime,USTC_TFC_2016
6.900000153109431e-05,70.0,6.0,0.00013800000306218863,210.0,3.0,443.0,32.0,1,Normal_Facetime,USTC_TFC_2016
3.100000321865082e-05,70.0,6.0,0.0001,210.0,3.0,443.0,32.0,1,Normal_Facetime,USTC_TFC_2016
3.15000070258975e-05,585.0,6.0,0.0001,1755.0,3.0,80.0,32.0,1,Normal_Facetime,USTC_TFC_2016
2.7999980375170708e-05,450.5,6.0,0.0001,901.0,2.0,443.0,32.0,1,Normal_Facetime,USTC_TFC_2016
0.00017900002421811223,532.0,6.0,0.00017900002421811223,1064.0,2.0,443.0,32.0,1,Normal_Facetime,USTC_TFC_2016
0.00012799999967683107,70.0,6.0,0.00025599999935366213,210.0,3.0,443.0,32.0,1,Normal_Facetime,USTC_TFC_2016
1.2999997125007212e-05,585.0,6.0,0.0001,1755.0,3.0,80.0,32.0,1,Normal_Facetime,USTC_TFC_2016
5.900001269765198e-05,754.5,6.0,0.0001,1509.0,2.0,443.0,32.0,1,Normal_Facetime,USTC_TFC_2016
0.00016999999934341758,585.0,6.0,0.00033999999868683517,1755.0,3.0,80.0,32.0,1,Normal_Facetime,USTC_TFC_2016
2.649999805726111e-05,70.0,6.0,0.0001,210.0,3.0,80.0,32.0,1,Normal_Facetime,USTC_TFC_2016
0.00013916666891115406,242.57142857142858,6.0,0.0008350000134669244,1698.0,7.0,443.0,32.0,1,Normal_Facetime,USTC_TFC_2016
0.00010049999400507659,70.0,6.0,0.00020099998801015317,210.0,3.0,443.0,32.0,1,Normal_Facetime,USTC_TFC_2016
0.00011699998867698014,582.5,6.0,0.00011699998867698014,1165.0,2.0,443.0,32.0,1,Normal_Facetime,USTC_TFC_2016
0.00010924999514827505,317.2,6.0,0.0004369999805931002,1586.0,5.0,80.0,32.0,1,Normal_Facetime,USTC_TFC_2016
3.7999998312443495e-05,70.0,6.0,0.0001,210.0,3.0,80.0,32.0,1,Normal_Facetime,USTC_TFC_2016
2.7000001864507794e-05,754.5,6.0,0.0001,1509.0,2.0,443.0,32.0,1,Normal_Facetime,USTC_TFC_2016
0.0001660000125411898,450.5,6.0,0.0001660000125411898,901.0,2.0,443.0,32.0,1,Normal_Facetime,USTC_TFC_2016
3.29999893438071e-05,381.5,6.0,0.0001,763.0,2.0,443.0,32.0,1,Normal_Facetime,USTC_TFC_2016
5.2499992307275534e-05,70.0,6.0,0.00010499998461455107,210.0,3.0,80.0,32.0,1,Normal_Facetime,USTC_TFC_2016
3.5500008380040526e-05,70.0,6.0,0.0001,210.0,3.0,443.0,32.0,1,Normal_Facetime,USTC_TFC_2016
0.00013649999164044857,70.0,6.0,0.00027299998328089714,210.0,3.0,443.0,32.0,1,Normal_Facetime,USTC_TFC_2016
0.00022399998852051795,772.5,6.0,0.00022399998852051795,1545.0,2.0,443.0,32.0,1,Normal_Facetime,USTC_TFC_2016
4.050000279676169e-05,70.0,6.0,0.0001,210.0,3.0,443.0,32.0,1,Normal_Facetime,USTC_TFC_2016
4.850000550504774e-05,70.0,6.0,0.0001,210.0,3.0,80.0,32.0,1,Normal_Facetime,USTC_TFC_2016
0.00015049999637994915,70.0,6.0,0.0003009999927598983,210.0,3.0,443.0,32.0,1,Normal_Facetime,USTC_TFC_2016
9.799998952075839e-05,772.5,6.0,0.0001,1545.0,2.0,443.0,32.0,1,Normal_Facetime,USTC_TFC_2016
0.00010925000242423266,222.2,6.0,0.00043700000969693065,1111.0,5.0,443.0,32.0,1,Normal_Facetime,USTC_TFC_2016
7.399999594781548e-05,70.0,6.0,0.00014799999189563096,210.0,3.0,80.0,32.0,1,Normal_Facetime,USTC_TFC_2016
0.00010199999087490141,763.0,6.0,0.00010199999087490141,1526.0,2.0,443.0,32.0,1,Normal_Facetime,USTC_TFC_2016
0.00030800001695752144,381.5,6.0,0.00030800001695752144,763.0,2.0,443.0,32.0,1,Normal_Facetime,USTC_TFC_2016
0.00031499998294748366,754.5,6.0,0.00031499998294748366,1509.0,2.0,443.0,32.0,1,Normal_Facetime,USTC_TFC_2016
0.00010599999222904444,585.0,6.0,0.00021199998445808887,1755.0,3.0,80.0,32.0,1,Normal_Facetime,USTC_TFC_2016
8.499997784383595e-05,381.5,6.0,0.0001,763.0,2.0,443.0,32.0,1,Normal_Facetime,USTC_TFC_2016
5.49999822396785e-05,772.5,6.0,0.0001,1545.0,2.0,443.0,32.0,1,Normal_Facetime,USTC_TFC_2016
0.00021800000104121864,582.5,6.0,0.00021800000104121864,1165.0,2.0,443.0,32.0,1,Normal_Facetime,USTC_TFC_2016
8.100000559352338e-05,70.0,6.0,0.00016200001118704677,210.0,3.0,443.0,32.0,1,Normal_Facetime,USTC_TFC_2016
9.333332855021581e-06,1094.0,6.0,0.0001,4376.0,4.0,51825.0,32.0,2,Normal_FTP,USTC_TFC_2016
2.8000000384054147e-05,72.66666666666667,6.0,0.0001,218.0,3.0,25235.0,32.0,2,Normal_FTP,USTC_TFC_2016
1.4999997802078724e-05,70.0,6.0,0.0001,140.0,2.0,56937.0,32.0,2,Normal_FTP,USTC_TFC_2016
1.7333333137988422e-05,1094.0,6.0,0.0001,4376.0,4.0,56937.0,32.0,2,Normal_FTP,USTC_TFC_2016
1.8999999156221747e-05,670.0,6.0,0.0001,1340.0,2.0,51825.0,32.0,2,Normal_FTP,USTC_TFC_2016
3.9999998989515007e-05,90.0,17.0,0.0001,180.0,2.0,53.0,32.0,2,Normal_FTP,USTC_TFC_2016
3.300000025774352e-05,446.5,6.0,0.0001,893.0,2.0,53904.0,32.0,2,Normal_FTP,USTC_TFC_2016
1.9999999494757503e-05,78.5,6.0,0.0001,157.0,2.0,21.0,32.0,2,Normal_FTP,USTC_TFC_2016
2.800000220304355e-05,82.0,6.0,0.0001,164.0,2.0,21.0,32.0,2,Normal_FTP,USTC_TFC_2016
4.400000034365803e-05,76.5,6.0,0.0001,153.0,2.0,21.0,32.0,2,Normal_FTP,USTC_TFC_2016
2.800000220304355e-05,81.0,6.0,0.0001,162.0,2.0,21.0,32.0,2,Normal_FTP,USTC_TFC_2016
5.400000009103678e-05,74.33333333333333,6.0,0.00010800000018207356,223.0,3.0,21.0,32.0,2,Normal_FTP,USTC_TFC_2016
7.749999986117473e-05,74.2,6.0,0.0003099999994446989,371.0,5.0,21.0,32.0,2,Normal_FTP,USTC_TFC_2016
2.4000000848900527e-05,78.5,6.0,0.0001,157.0,2.0,21.0,32.0,2,Normal_FTP,USTC_TFC_2016
4.0000002627493814e-05,90.0,17.0,0.0001,180.0,2.0,53.0,32.0,2,Normal_FTP,USTC_TFC_2016
4.900000203633681e-05,446.5,6.0,0.0001,893.0,2.0,51273.0,32.0,2,Normal_FTP,USTC_TFC_2016
1.7000002117129043e-05,72.0,6.0,0.0001,144.0,2.0,51450.0,32.0,2,Normal_FTP,USTC_TFC_2016
4.3000000005122274e-05,82.0,6.0,0.0001,164.0,2.0,21.0,32.0,2,Normal_FTP,USTC_TFC_2016
1.80000024556648e-05,85.5,6.0,0.0001,171.0,2.0,21.0,32.0,2,Normal_FTP,USTC_TFC_2016
4.650000028050272e-05,74.2,6.0,0.00018600000112201087,371.0,5.0,21.0,32.0,2,Normal_FTP,USTC_TFC_2016
6.399999983841553e-05,76.5,6.0,0.0001,153.0,2.0,21.0,32.0,2,Normal_FTP,USTC_TFC_2016
2.800000220304355e-05,76.5,6.0,0.0001,153.0,2.0,21.0,32.0,2,Normal_FTP,USTC_TFC_2016
2.7000001864507794e-05,72.0,6.0,0.0001,144.0,2.0,51273.0,32.0,2,Normal_FTP,USTC_TFC_2016
4.450000051292591e-05,74.33333333333333,6.0,0.0001,223.0,3.0,21.0,32.0,2,Normal_FTP,USTC_TFC_2016
2.5000001187436283e-05,76.5,6.0,0.0001,153.0,2.0,21.0,32.0,2,Normal_FTP,USTC_TFC_2016
1.799999881768599e-05,72.0,6.0,0.0001,144.0,2.0,53904.0,32.0,2,Normal_FTP,USTC_TFC_2016
4.400000034365803e-05,97.0,6.0,0.0001,194.0,2.0,21.0,32.0,2,Normal_FTP,USTC_TFC_2016
2.9999999242136255e-05,78.0,6.0,0.0001,156.0,2.0,21.0,32.0,2,Normal_FTP,USTC_TFC_2016
2.099999983329326e-05,76.5,6.0,0.0001,153.0,2.0,21.0,32.0,2,Normal_FTP,USTC_TFC_2016
1.650000012887176e-05,70.0,6.0,0.0001,210.0,3.0,51825.0,32.0,2,Normal_FTP,USTC_TFC_2016
4.7999998059822246e-05,72.0,6.0,0.0001,144.0,2.0,25235.0,32.0,2,Normal_FTP,USTC_TFC_2016
1.6999998479150236e-05,72.0,6.0,0.0001,144.0,2.0,51450.0,32.0,2,Normal_FTP,USTC_TFC_2016
3.9999998989515007e-05,70.0,6.0,0.0001,210.0,3.0,53904.0,32.0,2,Normal_FTP,USTC_TFC_2016
2.599999788799323e-05,88.5,6.0,0.0001,177.0,2.0,21.0,32.0,2,Normal_FTP,USTC_TFC_2016
1.80000024556648e-05,81.5,6.0,0.0001,163.0,2.0,21.0,32.0,2,Normal_FTP,USTC_TFC_2016
2.2500000341096893e-05,70.0,6.0,0.0001,210.0,3.0,21.0,32.0,2,Normal_FTP,USTC_TFC_2016
0.00010275000022375025,74.2,6.0,0.000411000000895001,371.0,5.0,21.0,32.0,2,Normal_FTP,USTC_TFC_2016
1.799999881768599e-05,70.0,6.0,0.0001,140.0,2.0,25235.0,32.0,2,Normal_FTP,USTC_TFC_2016
7.199999890872277e-05,81.5,6.0,0.0001,163.0,2.0,21.0,32.0,2,Normal_FTP,USTC_TFC_2016
1.6999998479150236e-05,72.0,6.0,0.0001,144.0,2.0,51450.0,32.0,2,Normal_FTP,USTC_TFC_2016
4.099999932805076e-05,90.0,17.0,0.0001,180.0,2.0,53.0,32.0,2,Normal_FTP,USTC_TFC_2016
4.699999772128649e-05,72.0,6.0,0.0001,144.0,2.0,51825.0,32.0,2,Normal_FTP,USTC_TFC_2016
1.7000002117129043e-05,72.0,6.0,0.0001,144.0,2.0,53904.0,32.0,2,Normal_FTP,USTC_TFC_2016
6.100000064179767e-05,70.0,6.0,0.00012200000128359534,210.0,3.0,25235.0,32.0,2,Normal_FTP,USTC_TFC_2016
1.4999997802078724e-05,70.0,6.0,0.0001,140.0,2.0,21.0,32.0,2,Normal_FTP,USTC_TFC_2016
3.5000000934815034e-05,70.0,6.0,0.0001,140.0,2.0,51273.0,32.0,2,Normal_FTP,USTC_TFC_2016
4.775000070367241e-05,74.2,6.0,0.00019100000281468965,371.0,5.0,21.0,32.0,2,Normal_FTP,USTC_TFC_2016
4.1000000237545464e-05,74.2,6.0,0.00016400000095018186,371.0,5.0,21.0,32.0,2,Normal_FTP,USTC_TFC_2016
7.299999924725853e-05,85.5,6.0,0.0001,171.0,2.0,21.0,32.0,2,Normal_FTP,USTC_TFC_2016
5.6000000768108293e-05,97.0,6.0,0.0001,194.0,2.0,21.0,32.0,2,Normal_FTP,USTC_TFC_2016
3.7999998312443495e-05,91.0,6.0,0.0001,182.0,2.0,21.0,32.0,2,Normal_FTP,USTC_TFC_2016
2.4000000848900527e-05,78.5,6.0,0.0001,157.0,2.0,21.0,32.0,2,Normal_FTP,USTC_TFC_2016
4.70000013592653e-05,97.0,6.0,0.0001,194.0,2.0,21.0,32.0,2,Normal_FTP,USTC_TFC_2016
3.900000228895806e-05,78.0,6.0,0.0001,156.0,2.0,21.0,32.0,2,Normal_FTP,USTC_TFC_2016
6.900000153109431e-05,73.0,6.0,0.0001,146.0,2.0,21.0,32.0,2,Normal_FTP,USTC_TFC_2016
6.900000153109431e-05,74.5,6.0,0.0001,149.0,2.0,21.0,32.0,2,Normal_FTP,USTC_TFC_2016
3.749999996216502e-05,70.0,6.0,0.0001,210.0,3.0,53904.0,32.0,2,Normal_FTP,USTC_TFC_2016
2.7999998565064743e-05,97.0,6.0,0.0001,194.0,2.0,21.0,32.0,2,Normal_FTP,USTC_TFC_2016
6.600000051548705e-05,73.0,6.0,0.0001,146.0,2.0,21.0,32.0,2,Normal_FTP,USTC_TFC_2016
4.399999670567922e-05,78.0,6.0,0.0001,156.0,2.0,21.0,32.0,2,Normal_FTP,USTC_TFC_2016
6.199999916134402e-05,446.5,6.0,0.0001,893.0,2.0,53904.0,32.0,2,Normal_FTP,USTC_TFC_2016
4.8999998398358e-05,91.0,6.0,0.0001,182.0,2.0,21.0,32.0,2,Normal_FTP,USTC_TFC_2016
5.2999999752501026e-05,85.5,6.0,0.0001,171.0,2.0,21.0,32.0,2,Normal_FTP,USTC_TFC_2016
2.600000152597204e-05,73.0,6.0,0.0001,146.0,2.0,21.0,32.0,2,Normal_FTP,USTC_TFC_2016
2.300000051036477e-05,88.5,6.0,0.0001,177.0,2.0,21.0,32.0,2,Normal_FTP,USTC_TFC_2016
5.200000305194408e-05,91.0,6.0,0.0001,182.0,2.0,21.0,32.0,2,Normal_FTP,USTC_TFC_2016
3.9000000469968654e-05,70.0,6.0,0.0001,210.0,3.0,51825.0,32.0,2,Normal_FTP,USTC_TFC_2016
3.099999958067201e-05,85.5,6.0,0.0001,171.0,2.0,21.0,32.0,2,Normal_FTP,USTC_TFC_2016
2.600000152597204e-05,78.0,6.0,0.0001,156.0,2.0,21.0,32.0,2,Normal_FTP,USTC_TFC_2016
4.749999970954377e-05,72.66666666666667,6.0,0.0001,218.0,3.0,25235.0,32.0,2,Normal_FTP,USTC_TFC_2016
2.600000152597204e-05,81.0,6.0,0.0001,162.0,2.0,21.0,32.0,2,Normal_FTP,USTC_TFC_2016
4.999999873689376e-05,78.0,6.0,0.0001,156.0,2.0,21.0,32.0,2,Normal_FTP,USTC_TFC_2016
5.199999941396527e-05,81.0,6.0,0.0001,162.0,2.0,21.0,32.0,2,Normal_FTP,USTC_TFC_2016
5.6000000768108293e-05,73.0,6.0,0.0001,146.0,2.0,21.0,32.0,2,Normal_FTP,USTC_TFC_2016
2.8000000384054147e-05,72.66666666666667,6.0,0.0001,218.0,3.0,51450.0,32.0,2,Normal_FTP,USTC_TFC_2016
6.199999916134402e-05,74.5,6.0,0.0001,149.0,2.0,21.0,32.0,2,Normal_FTP,USTC_TFC_2016
5.199999941396527e-05,78.0,6.0,0.0001,156.0,2.0,21.0,32.0,2,Normal_FTP,USTC_TFC_2016
2.2333332405348e-05,1094.0,6.0,0.0001,4376.0,4.0,56937.0,32.0,2,Normal_FTP,USTC_TFC_2016
6.0999998822808266e-05,81.5,6.0,0.0001,163.0,2.0,21.0,32.0,2,Normal_FTP,USTC_TFC_2016
3.9999998989515007e-05,97.0,6.0,0.0001,194.0,2.0,21.0,32.0,2,Normal_FTP,USTC_TFC_2016
3.300000025774352e-05,78.5,6.0,0.0001,157.0,2.0,21.0,32.0,2,Normal_FTP,USTC_TFC_2016
2.800000220304355e-05,90.0,17.0,0.0001,180.0,2.0,53.0,32.0,2,Normal_FTP,USTC_TFC_2016
3.199999991920777e-05,91.0,6.0,0.0001,182.0,2.0,21.0,32.0,2,Normal_FTP,USTC_TFC_2016
3.0000002880115062e-05,73.0,6.0,0.0001,146.0,2.0,21.0,32.0,2,Normal_FTP,USTC_TFC_2016
3.600000127335079e-05,91.0,6.0,0.0001,182.0,2.0,21.0,32.0,2,Normal_FTP,USTC_TFC_2016
4.875000013271347e-05,74.2,6.0,0.00019500000053085387,371.0,5.0,21.0,32.0,2,Normal_FTP,USTC_TFC_2016
2.8500000553322025e-05,72.66666666666667,6.0,0.0001,218.0,3.0,56937.0,32.0,2,Normal_FTP,USTC_TFC_2016
5.000000055588316e-05,72.66666666666667,6.0,0.00010000000111176632,218.0,3.0,56937.0,32.0,2,Normal_FTP,USTC_TFC_2016
1.799999881768599e-05,91.0,6.0,0.0001,182.0,2.0,21.0,32.0,2,Normal_FTP,USTC_TFC_2016
1.6999998479150236e-05,78.0,6.0,0.0001,156.0,2.0,21.0,32.0,2,Normal_FTP,USTC_TFC_2016
2.89999989036005e-05,70.0,6.0,0.0001,210.0,3.0,51450.0,32.0,2,Normal_FTP,USTC_TFC_2016
4.699999772128649e-05,81.0,6.0,0.0001,162.0,2.0,21.0,32.0,2,Normal_FTP,USTC_TFC_2016
4.799999987881165e-05,74.2,6.0,0.0001919999995152466,371.0,5.0,21.0,32.0,2,Normal_FTP,USTC_TFC_2016
4.0000002627493814e-05,76.5,6.0,0.0001,153.0,2.0,21.0,32.0,2,Normal_FTP,USTC_TFC_2016
3.199999991920777e-05,70.0,6.0,0.0001,210.0,3.0,51450.0,32.0,2,Normal_FTP,USTC_TFC_2016
2.800000220304355e-05,73.0,6.0,0.0001,146.0,2.0,21.0,32.0,2,Normal_FTP,USTC_TFC_2016
3.9999998989515007e-05,90.0,17.0,0.0001,180.0,2.0,53.0,32.0,2,Normal_FTP,USTC_TFC_2016
1.599999814061448e-05,90.0,17.0,0.0001,180.0,2.0,53.0,32.0,2,Normal_FTP,USTC_TFC_2016
5.049999981565634e-05,74.2,6.0,0.00020199999926262535,371.0,5.0,21.0,32.0,2,Normal_FTP,USTC_TFC_2016
2.7999998565064743e-05,73.0,6.0,0.0001,146.0,2.0,21.0,32.0,2,Normal_FTP,USTC_TFC_2016
6.399999983841553e-05,85.5,6.0,0.0001,171.0,2.0,21.0,32.0,2,Normal_FTP,USTC_TFC_2016
4.199999966658652e-05,91.0,6.0,0.0001,182.0,2.0,21.0,32.0,2,Normal_FTP,USTC_TFC_2016
6.70000008540228e-05,90.0,17.0,0.0001,180.0,2.0,53.0,32.0,2,Normal_FTP,USTC_TFC_2016
2.7000001864507794e-05,90.0,17.0,0.0001,180.0,2.0,53.0,32.0,2,Normal_FTP,USTC_TFC_2016
4.099999932805076e-05,88.5,6.0,0.0001,177.0,2.0,21.0,32.0,2,Normal_FTP,USTC_TFC_2016
2.89999989036005e-05,90.0,17.0,0.0001,180.0,2.0,53.0,32.0,2,Normal_FTP,USTC_TFC_2016
1.7499998648418114e-05,70.0,6.0,0.0001,210.0,3.0,51273.0,32.0,2,Normal_FTP,USTC_TFC_2016
6.199999916134402e-05,97.0,6.0,0.0001,194.0,2.0,21.0,32.0,2,Normal_FTP,USTC_TFC_2016
2.2999996872385964e-05,73.0,6.0,0.0001,146.0,2.0,21.0,32.0,2,Normal_FTP,USTC_TFC_2016
3.099999958067201e-05,82.0,6.0,0.0001,164.0,2.0,21.0,32.0,2,Normal_FTP,USTC_TFC_2016
2.1000003471272066e-05,73.0,6.0,0.0001,146.0,2.0,21.0,32.0,2,Normal_FTP,USTC_TFC_2016
4.675000036513666e-05,74.2,6.0,0.00018700000146054663,371.0,5.0,21.0,32.0,2,Normal_FTP,USTC_TFC_2016
1.2000000424450263e-05,78.5,6.0,0.0001,157.0,2.0,21.0,32.0,2,Normal_FTP,USTC_TFC_2016
2.8500000553322025e-05,72.66666666666667,6.0,0.0001,218.0,3.0,51450.0,32.0,2,Normal_FTP,USTC_TFC_2016
6.82500003676978e-05,74.2,6.0,0.0002730000014707912,371.0,5.0,21.0,32.0,2,Normal_FTP,USTC_TFC_2016
3.300000025774352e-05,91.0,6.0,0.0001,182.0,2.0,21.0,32.0,2,Normal_FTP,USTC_TFC_2016
2.9999999242136255e-05,73.0,6.0,0.0001,146.0,2.0,21.0,32.0,2,Normal_FTP,USTC_TFC_2016
1.2000000424450263e-05,81.0,6.0,0.0001,162.0,2.0,21.0,32.0,2,Normal_FTP,USTC_TFC_2016
3.000000106112566e-05,72.66666666666667,6.0,0.0001,218.0,3.0,56937.0,32.0,2,Normal_FTP,USTC_TFC_2016
1.300000076298602e-05,73.0,6.0,0.0001,146.0,2.0,21.0,32.0,2,Normal_FTP,USTC_TFC_2016
5.8000001445179805e-05,85.5,6.0,0.0001,171.0,2.0,21.0,32.0,2,Normal_FTP,USTC_TFC_2016
3.949999882024713e-05,70.0,6.0,0.0001,210.0,3.0,51273.0,32.0,2,Normal_FTP,USTC_TFC_2016
1.9999999494757503e-05,76.5,6.0,0.0001,153.0,2.0,21.0,32.0,2,Normal_FTP,USTC_TFC_2016
2.4000000848900527e-05,70.0,6.0,0.0001,210.0,3.0,53904.0,32.0,2,Normal_FTP,USTC_TFC_2016
1.8999999156221747e-05,78.0,6.0,0.0001,156.0,2.0,21.0,32.0,2,Normal_FTP,USTC_TFC_2016
1.300000076298602e-05,82.0,6.0,0.0001,164.0,2.0,21.0,32.0,2,Normal_FTP,USTC_TFC_2016
3.6499999623629265e-05,70.0,6.0,0.0001,210.0,3.0,56937.0,32.0,2,Normal_FTP,USTC_TFC_2016
4.8999998398358e-05,78.5,6.0,0.0001,157.0,2.0,21.0,32.0,2,Normal_FTP,USTC_TFC_2016
2.89999989036005e-05,97.0,6.0,0.0001,194.0,2.0,21.0,32.0,2,Normal_FTP,USTC_TFC_2016
3.3999998777289875e-05,72.66666666666667,6.0,0.0001,218.0,3.0,51273.0,32.0,2,Normal_FTP,USTC_TFC_2016
1.7000002117129043e-05,97.0,6.0,0.0001,194.0,2.0,21.0,32.0,2,Normal_FTP,USTC_TFC_2016
4.3000000005122274e-05,78.0,6.0,0.0001,156.0,2.0,21.0,32.0,2,Normal_FTP,USTC_TFC_2016
2.7999998565064743e-05,73.0,6.0,0.0001,146.0,2.0,21.0,32.0,2,Normal_FTP,USTC_TFC_2016
1.799999881768599e-05,97.0,6.0,0.0001,194.0,2.0,21.0,32.0,2,Normal_FTP,USTC_TFC_2016
5.8999998145736754e-05,73.0,6.0,0.0001,146.0,2.0,21.0,32.0,2,Normal_FTP,USTC_TFC_2016
6.399999983841553e-05,73.0,6.0,0.0001,146.0,2.0,21.0,32.0,2,Normal_FTP,USTC_TFC_2016
6.500000017695129e-05,81.0,6.0,0.0001,162.0,2.0,21.0,32.0,2,Normal_FTP,USTC_TFC_2016
4.024999998364365e-05,74.2,6.0,0.0001609999999345746,371.0,5.0,21.0,32.0,2,Normal_FTP,USTC_TFC_2016
5.050000072515104e-05,72.66666666666667,6.0,0.00010100000145030208,218.0,3.0,51273.0,32.0,2,Normal_FTP,USTC_TFC_2016
4.600000102072954e-05,82.0,6.0,0.0001,164.0,2.0,21.0,32.0,2,Normal_FTP,USTC_TFC_2016
4.3000000005122274e-05,72.66666666666667,6.0,0.0001,218.0,3.0,51450.0,32.0,2,Normal_FTP,USTC_TFC_2016
3.199999991920777e-05,72.66666666666667,6.0,0.0001,218.0,3.0,25235.0,32.0,2,Normal_FTP,USTC_TFC_2016
7.300000288523734e-05,73.0,6.0,0.0001,146.0,2.0,21.0,32.0,2,Normal_FTP,USTC_TFC_2016
5.8000001445179805e-05,91.0,6.0,0.0001,182.0,2.0,21.0,32.0,2,Normal_FTP,USTC_TFC_2016
1.9999999494757503e-05,73.0,6.0,0.0001,146.0,2.0,21.0,32.0,2,Normal_FTP,USTC_TFC_2016
3.7000001611886546e-05,73.0,6.0,0.0001,146.0,2.0,21.0,32.0,2,Normal_FTP,USTC_TFC_2016
1.1666666978271678e-05,1094.0,6.0,0.0001,4376.0,4.0,51450.0,32.0,2,Normal_FTP,USTC_TFC_2016
5.6000000768108293e-05,97.0,6.0,0.0001,194.0,2.0,21.0,32.0,2,Normal_FTP,USTC_TFC_2016
1.599999814061448e-05,88.5,6.0,0.0001,177.0,2.0,21.0,32.0,2,Normal_FTP,USTC_TFC_2016
1.6999998479150236e-05,97.0,6.0,0.0001,194.0,2.0,21.0,32.0,2,Normal_FTP,USTC_TFC_2016
3.300000025774352e-05,73.0,6.0,0.0001,146.0,2.0,21.0,32.0,2,Normal_FTP,USTC_TFC_2016
2.600000152597204e-05,78.0,6.0,0.0001,156.0,2.0,21.0,32.0,2,Normal_FTP,USTC_TFC_2016
3.1000001399661414e-05,72.66666666666667,6.0,0.0001,218.0,3.0,51273.0,32.0,2,Normal_FTP,USTC_TFC_2016
3.5000000934815034e-05,73.0,6.0,0.0001,146.0,2.0,21.0,32.0,2,Normal_FTP,USTC_TFC_2016
3.600000127335079e-05,76.5,6.0,0.0001,153.0,2.0,21.0,32.0,2,Normal_FTP,USTC_TFC_2016
3.2500000088475645e-05,72.66666666666667,6.0,0.0001,218.0,3.0,51450.0,32.0,2,Normal_FTP,USTC_TFC_2016
6.900000153109431e-05,97.0,6.0,0.0001,194.0,2.0,21.0,32.0,2,Normal_FTP,USTC_TFC_2016
5.400000009103678e-05,88.5,6.0,0.0001,177.0,2.0,21.0,32.0,2,Normal_FTP,USTC_TFC_2016
4.0000002627493814e-05,85.5,6.0,0.0001,171.0,2.0,21.0,32.0,2,Normal_FTP,USTC_TFC_2016
3.400000059627928e-05,73.0,6.0,0.0001,146.0,2.0,21.0,32.0,2,Normal_FTP,USTC_TFC_2016
2.700000004551839e-05,70.0,6.0,0.0001,210.0,3.0,53904.0,32.0,2,Normal_FTP,USTC_TFC_2016
1.599999814061448e-05,74.5,6.0,0.0001,149.0,2.0,21.0,32.0,2,Normal_FTP,USTC_TFC_2016
5.0999999075429514e-05,73.0,6.0,0.0001,146.0,2.0,21.0,32.0,2,Normal_FTP,USTC_TFC_2016
4.999999873689376e-05,81.0,6.0,0.0001,162.0,2.0,21.0,32.0,2,Normal_FTP,USTC_TFC_2016
4.600000102072954e-05,78.5,6.0,0.0001,157.0,2.0,21.0,32.0,2,Normal_FTP,USTC_TFC_2016
5.0999999075429514e-05,446.5,6.0,0.0001,893.0,2.0,51273.0,32.0,2,Normal_FTP,USTC_TFC_2016
1.9000002794200554e-05,73.0,6.0,0.0001,146.0,2.0,21.0,32.0,2,Normal_FTP,USTC_TFC_2016
0.00043449999975564424,220.6,6.0,0.001737999999022577,1103.0,5.0,51273.0,32.0,2,Normal_FTP,USTC_TFC_2016
1.4000001101521775e-05,97.0,6.0,0.0001,194.0,2.0,21.0,32.0,2,Normal_FTP,USTC_TFC_2016
3.0000002880115062e-05,85.5,6.0,0.0001,171.0,2.0,21.0,32.0,2,Normal_FTP,USTC_TFC_2016
3.199999991920777e-05,85.5,6.0,0.0001,171.0,2.0,21.0,32.0,2,Normal_FTP,USTC_TFC_2016
3.4500000765547156e-05,70.0,6.0,0.0001,210.0,3.0,51273.0,32.0,2,Normal_FTP,USTC_TFC_2016
0.0004407500000525033,71.2,6.0,0.0017630000002100132,356.0,5.0,21.0,32.0,2,Normal_FTP,USTC_TFC_2016
4.70000013592653e-05,73.0,6.0,0.0001,146.0,2.0,21.0,32.0,2,Normal_FTP,USTC_TFC_2016
3.8500000300700776e-05,72.66666666666667,6.0,0.0001,218.0,3.0,53904.0,32.0,2,Normal_FTP,USTC_TFC_2016
4.325000008975621e-05,74.2,6.0,0.00017300000035902485,371.0,5.0,21.0,32.0,2,Normal_FTP,USTC_TFC_2016
3.099999958067201e-05,73.0,6.0,0.0001,146.0,2.0,21.0,32.0,2,Normal_FTP,USTC_TFC_2016
2.89999989036005e-05,88.5,6.0,0.0001,177.0,2.0,21.0,32.0,2,Normal_FTP,USTC_TFC_2016
3.4749999940686394e-05,74.2,6.0,0.00013899999976274557,371.0,5.0,21.0,32.0,2,Normal_FTP,USTC_TFC_2016
5.2999999752501026e-05,91.0,6.0,0.0001,182.0,2.0,21.0,32.0,2,Normal_FTP,USTC_TFC_2016
2.4999997549457476e-05,85.5,6.0,0.0001,171.0,2.0,21.0,32.0,2,Normal_FTP,USTC_TFC_2016
4.3000000005122274e-05,78.5,6.0,0.0001,157.0,2.0,21.0,32.0,2,Normal_FTP,USTC_TFC_2016
2.600000152597204e-05,81.5,6.0,0.0001,163.0,2.0,21.0,32.0,2,Normal_FTP,USTC_TFC_2016
4.8000001697801054e-05,73.0,6.0,0.0001,146.0,2.0,21.0,32.0,2,Normal_FTP,USTC_TFC_2016
3.600000127335079e-05,72.66666666666667,6.0,0.0001,218.0,3.0,56937.0,32.0,2,Normal_FTP,USTC_TFC_2016
3.099999958067201e-05,78.5,6.0,0.0001,157.0,2.0,21.0,32.0,2,Normal_FTP,USTC_TFC_2016
6.450000000768341e-05,74.2,6.0,0.00025800000003073364,371.0,5.0,21.0,32.0,2,Normal_FTP,USTC_TFC_2016
3.300000025774352e-05,70.0,6.0,0.0001,210.0,3.0,21.0,32.0,2,Normal_FTP,USTC_TFC_2016
4.8999998398358e-05,73.0,6.0,0.0001,146.0,2.0,21.0,32.0,2,Normal_FTP,USTC_TFC_2016
7.700000060140155e-05,78.0,6.0,0.0001,156.0,2.0,21.0,32.0,2,Normal_FTP,USTC_TFC_2016
3.699999979289714e-05,70.0,6.0,0.0001,210.0,3.0,51825.0,32.0,2,Normal_FTP,USTC_TFC_2016
8.199999865610152e-05,78.5,6.0,0.0001,157.0,2.0,21.0,32.0,2,Normal_FTP,USTC_TFC_2016
2.399999721092172e-05,97.0,6.0,0.0001,194.0,2.0,21.0,32.0,2,Normal_FTP,USTC_TFC_2016
2.4999997549457476e-05,82.0,6.0,0.0001,164.0,2.0,21.0,32.0,2,Normal_FTP,USTC_TFC_2016
4.3000000005122274e-05,78.0,6.0,0.0001,156.0,2.0,21.0,32.0,2,Normal_FTP,USTC_TFC_2016
4.70000013592653e-05,76.5,6.0,0.0001,153.0,2.0,21.0,32.0,2,Normal_FTP,USTC_TFC_2016
3.000000106112566e-05,70.0,6.0,0.0001,210.0,3.0,21.0,32.0,2,Normal_FTP,USTC_TFC_2016
5.9250000049360096e-05,74.2,6.0,0.00023700000019744039,371.0,5.0,21.0,32.0,2,Normal_FTP,USTC_TFC_2016
1.4333333335040757e-05,1094.0,6.0,0.0001,4376.0,4.0,56937.0,32.0,2,Normal_FTP,USTC_TFC_2016
3.300000025774352e-05,76.5,6.0,0.0001,153.0,2.0,21.0,32.0,2,Normal_FTP,USTC_TFC_2016
1.4999999621068127e-05,70.0,6.0,0.0001,210.0,3.0,25235.0,32.0,2,Normal_FTP,USTC_TFC_2016
2.4999997549457476e-05,91.0,6.0,0.0001,182.0,2.0,21.0,32.0,2,Normal_FTP,USTC_TFC_2016
6.150000081106555e-05,74.2,6.0,0.0002460000032442622,371.0,5.0,21.0,32.0,2,Normal_FTP,USTC_TFC_2016
4.900000203633681e-05,82.0,6.0,0.0001,164.0,2.0,21.0,32.0,2,Normal_FTP,USTC_TFC_2016
2.099999983329326e-05,91.0,6.0,0.0001,182.0,2.0,21.0,32.0,2,Normal_FTP,USTC_TFC_2016
5.900000178371556e-05,76.5,6.0,0.0001,153.0,2.0,21.0,32.0,2,Normal_FTP,USTC_TFC_2016
5.2999999752501026e-05,76.5,6.0,0.0001,153.0,2.0,21.0,32.0,2,Normal_FTP,USTC_TFC_2016
2.800000220304355e-05,78.5,6.0,0.0001,157.0,2.0,21.0,32.0,2,Normal_FTP,USTC_TFC_2016
3.7000001611886546e-05,73.0,6.0,0.0001,146.0,2.0,21.0,32.0,2,Normal_FTP,USTC_TFC_2016
6.199999916134402e-05,97.0,6.0,0.0001,194.0,2.0,21.0,32.0,2,Normal_FTP,USTC_TFC_2016
1.599999814061448e-05,73.0,6.0,0.0001,146.0,2.0,21.0,32.0,2,Normal_FTP,USTC_TFC_2016
2.6999998226528987e-05,78.5,6.0,0.0001,157.0,2.0,21.0,32.0,2,Normal_FTP,USTC_TFC_2016
2.300000051036477e-05,73.0,6.0,0.0001,146.0,2.0,21.0,32.0,2,Normal_FTP,USTC_TFC_2016
6.600000051548705e-05,97.0,6.0,0.0001,194.0,2.0,21.0,32.0,2,Normal_FTP,USTC_TFC_2016
5.199999941396527e-05,78.5,6.0,0.0001,157.0,2.0,21.0,32.0,2,Normal_FTP,USTC_TFC_2016
6.500000017695129e-05,74.5,6.0,0.0001,149.0,2.0,21.0,32.0,2,Normal_FTP,USTC_TFC_2016
6.299999949987978e-05,73.0,6.0,0.0001,146.0,2.0,21.0,32.0,2,Normal_FTP,USTC_TFC_2016
2.5000001187436283e-05,73.0,6.0,0.0001,146.0,2.0,21.0,32.0,2,Normal_FTP,USTC_TFC_2016
2.2000000171829015e-05,78.0,6.0,0.0001,156.0,2.0,21.0,32.0,2,Normal_FTP,USTC_TFC_2016
7.800000093993731e-05,81.0,6.0,0.0001,162.0,2.0,21.0,32.0,2,Normal_FTP,USTC_TFC_2016
2.9499999072868377e-05,70.0,6.0,0.0001,210.0,3.0,56937.0,32.0,2,Normal_FTP,USTC_TFC_2016
2.2000000171829015e-05,74.5,6.0,0.0001,149.0,2.0,21.0,32.0,2,Normal_FTP,USTC_TFC_2016
2.2000000171829015e-05,78.0,6.0,0.0001,156.0,2.0,21.0,32.0,2,Normal_FTP,USTC_TFC_2016
2.9000000722589903e-05,72.66666666666667,6.0,0.0001,218.0,3.0,53904.0,32.0,2,Normal_FTP,USTC_TFC_2016
2.350000067963265e-05,70.0,6.0,0.0001,210.0,3.0,51450.0,32.0,2,Normal_FTP,USTC_TFC_2016
2.7000001864507794e-05,90.0,17.0,0.0001,180.0,2.0,53.0,32.0,2,Normal_FTP,USTC_TFC_2016
7.99999907030724e-06,81.0,6.0,0.0001,162.0,2.0,21.0,32.0,2,Normal_FTP,USTC_TFC_2016
5.400000009103678e-05,446.5,6.0,0.0001,893.0,2.0,53904.0,32.0,2,Normal_FTP,USTC_TFC_2016
4.549999903247226e-05,70.0,6.0,0.0001,210.0,3.0,51825.0,32.0,2,Normal_FTP,USTC_TFC_2016
1.4000001101521775e-05,78.5,6.0,0.0001,157.0,2.0,21.0,32.0,2,Normal_FTP,USTC_TFC_2016
3.300000025774352e-05,97.0,6.0,0.0001,194.0,2.0,21.0,32.0,2,Normal_FTP,USTC_TFC_2016
2.9499999072868377e-05,70.0,6.0,0.0001,210.0,3.0,21.0,32.0,2,Normal_FTP,USTC_TFC_2016
3.099999958067201e-05,78.0,6.0,0.0001,156.0,2.0,21.0,32.0,2,Normal_FTP,USTC_TFC_2016
4.600000102072954e-05,91.0,6.0,0.0001,182.0,2.0,21.0,32.0,2,Normal_FTP,USTC_TFC_2016
3.300000025774352e-05,90.0,17.0,0.0001,180.0,2.0,53.0,32.0,2,Normal_FTP,USTC_TFC_2016
3.300000025774352e-05,72.66666666666667,6.0,0.0001,218.0,3.0,56937.0,32.0,2,Normal_FTP,USTC_TFC_2016
1.9999999494757503e-05,72.66666666666667,6.0,0.0001,218.0,3.0,53904.0,32.0,2,Normal_FTP,USTC_TFC_2016
4.600000011123484e-05,74.2,6.0,0.00018400000044493936,371.0,5.0,21.0,32.0,2,Normal_FTP,USTC_TFC_2016
2.2000000171829015e-05,73.0,6.0,0.0001,146.0,2.0,21.0,32.0,2,Normal_FTP,USTC_TFC_2016
2.5000001187436283e-05,90.0,17.0,0.0001,180.0,2.0,53.0,32.0,2,Normal_FTP,USTC_TFC_2016
4.999999873689376e-05,90.0,17.0,0.0001,180.0,2.0,53.0,32.0,2,Normal_FTP,USTC_TFC_2016
2.4000000848900527e-05,78.5,6.0,0.0001,157.0,2.0,21.0,32.0,2,Normal_FTP,USTC_TFC_2016
2.6499999876250513e-05,70.0,6.0,0.0001,210.0,3.0,21.0,32.0,2,Normal_FTP,USTC_TFC_2016
2.750000021478627e-05,70.0,6.0,0.0001,210.0,3.0,53904.0,32.0,2,Normal_FTP,USTC_TFC_2016
4.7999998059822246e-05,82.0,6.0,0.0001,164.0,2.0,21.0,32.0,2,Normal_FTP,USTC_TFC_2016
6.3333342647335184e-06,1094.0,6.0,0.0001,4376.0,4.0,51825.0,32.0,2,Normal_FTP,USTC_TFC_2016
3.7000001611886546e-05,76.5,6.0,0.0001,153.0,2.0,21.0,32.0,2,Normal_FTP,USTC_TFC_2016
2.5000001187436283e-05,73.0,6.0,0.0001,146.0,2.0,21.0,32.0,2,Normal_FTP,USTC_TFC_2016
3.0500001230393536e-05,70.0,6.0,0.0001,210.0,3.0,51273.0,32.0,2,Normal_FTP,USTC_TFC_2016
4.900000203633681e-05,81.0,6.0,0.0001,162.0,2.0,21.0,32.0,2,Normal_FTP,USTC_TFC_2016
2.2000000171829015e-05,84.0,6.0,0.0001,168.0,2.0,21.0,32.0,2,Normal_FTP,USTC_TFC_2016
1.9999999494757503e-05,1094.0,6.0,0.0001,4376.0,4.0,51450.0,32.0,2,Normal_FTP,USTC_TFC_2016
4.374999934952939e-05,74.2,6.0,0.00017499999739811756,371.0,5.0,21.0,32.0,2,Normal_FTP,USTC_TFC_2016
2.599999788799323e-05,91.0,6.0,0.0001,182.0,2.0,21.0,32.0,2,Normal_FTP,USTC_TFC_2016
1.8999999156221747e-05,88.5,6.0,0.0001,177.0,2.0,21.0,32.0,2,Normal_FTP,USTC_TFC_2016
2.700000004551839e-05,70.0,6.0,0.0001,210.0,3.0,21.0,32.0,2,Normal_FTP,USTC_TFC_2016
3.499999729683623e-05,82.0,6.0,0.0001,164.0,2.0,21.0,32.0,2,Normal_FTP,USTC_TFC_2016
5.9499999224499334e-05,74.2,6.0,0.00023799999689799733,371.0,5.0,21.0,32.0,2,Normal_FTP,USTC_TFC_2016
4.57500000266009e-05,74.2,6.0,0.0001830000001064036,371.0,5.0,21.0,32.0,2,Normal_FTP,USTC_TFC_2016
2.2000000171829015e-05,97.0,6.0,0.0001,194.0,2.0,21.0,32.0,2,Normal_FTP,USTC_TFC_2016
1.4000001101521775e-05,78.0,6.0,0.0001,156.0,2.0,21.0,32.0,2,Normal_FTP,USTC_TFC_2016
1.8999999156221747e-05,72.66666666666667,6.0,0.0001,218.0,3.0,51450.0,32.0,2,Normal_FTP,USTC_TFC_2016
2.89999989036005e-05,446.5,6.0,0.0001,893.0,2.0,51273.0,32.0,2,Normal_FTP,USTC_TFC_2016
2.399999721092172e-05,88.5,6.0,0.0001,177.0,2.0,21.0,32.0,2,Normal_FTP,USTC_TFC_2016
2.600000152597204e-05,81.5,6.0,0.0001,163.0,2.0,21.0,32.0,2,Normal_FTP,USTC_TFC_2016
3.0000002880115062e-05,97.0,6.0,0.0001,194.0,2.0,21.0,32.0,2,Normal_FTP,USTC_TFC_2016
2.800000220304355e-05,90.0,17.0,0.0001,180.0,2.0,53.0,32.0,2,Normal_FTP,USTC_TFC_2016
5.5249999604711775e-05,74.2,6.0,0.0002209999984188471,371.0,5.0,21.0,32.0,2,Normal_FTP,USTC_TFC_2016
2.2000000171829015e-05,78.0,6.0,0.0001,156.0,2.0,21.0,32.0,2,Normal_FTP,USTC_TFC_2016
8.000000282966843e-06,1094.0,6.0,0.0001,4376.0,4.0,56937.0,32.0,2,Normal_FTP,USTC_TFC_2016
4.3000000005122274e-05,70.0,6.0,0.0001,210.0,3.0,21.0,32.0,2,Normal_FTP,USTC_TFC_2016
4.050000097777229e-05,70.0,6.0,0.0001,210.0,3.0,21.0,32.0,2,Normal_FTP,USTC_TFC_2016
2.700000004551839e-05,70.0,6.0,0.0001,210.0,3.0,25235.0,32.0,2,Normal_FTP,USTC_TFC_2016
4.3000000005122274e-05,70.0,6.0,0.0001,210.0,3.0,56937.0,32.0,2,Normal_FTP,USTC_TFC_2016
1.799999881768599e-05,76.5,6.0,0.0001,153.0,2.0,21.0,32.0,2,Normal_FTP,USTC_TFC_2016
5.0999999075429514e-05,70.0,6.0,0.00010199999815085903,210.0,3.0,21.0,32.0,2,Normal_FTP,USTC_TFC_2016
3.9999998989515007e-05,97.0,6.0,0.0001,194.0,2.0,21.0,32.0,2,Normal_FTP,USTC_TFC_2016
2.7666667544205364e-05,1094.0,6.0,0.0001,4376.0,4.0,51450.0,32.0,2,Normal_FTP,USTC_TFC_2016
1.4000001101521775e-05,97.0,6.0,0.0001,194.0,2.0,21.0,32.0,2,Normal_FTP,USTC_TFC_2016
1.2000000424450263e-05,97.0,6.0,0.0001,194.0,2.0,21.0,32.0,2,Normal_FTP,USTC_TFC_2016
6.500000017695129e-05,73.0,6.0,0.0001,146.0,2.0,21.0,32.0,2,Normal_FTP,USTC_TFC_2016
6.500000017695129e-05,73.0,6.0,0.0001,146.0,2.0,21.0,32.0,2,Normal_FTP,USTC_TFC_2016
5.2999999752501026e-05,446.5,6.0,0.0001,893.0,2.0,51273.0,32.0,2,Normal_FTP,USTC_TFC_2016
2.4999997549457476e-05,73.0,6.0,0.0001,146.0,2.0,21.0,32.0,2,Normal_FTP,USTC_TFC_2016
5.700000110664405e-05,91.0,6.0,0.0001,182.0,2.0,21.0,32.0,2,Normal_FTP,USTC_TFC_2016
5.6000000768108293e-05,72.66666666666667,6.0,0.00011200000153621659,218.0,3.0,51450.0,32.0,2,Normal_FTP,USTC_TFC_2016
7.000000186963007e-05,81.0,6.0,0.0001,162.0,2.0,21.0,32.0,2,Normal_FTP,USTC_TFC_2016
4.9500000386615284e-05,70.0,6.0,0.0001,210.0,3.0,21.0,32.0,2,Normal_FTP,USTC_TFC_2016
5.3499999921768904e-05,72.66666666666667,6.0,0.00010699999984353781,218.0,3.0,51450.0,32.0,2,Normal_FTP,USTC_TFC_2016
2.300000051036477e-05,81.5,6.0,0.0001,163.0,2.0,21.0,32.0,2,Normal_FTP,USTC_TFC_2016
6.999999823165126e-05,76.5,6.0,0.0001,153.0,2.0,21.0,32.0,2,Normal_FTP,USTC_TFC_2016
4.399999670567922e-05,85.5,6.0,0.0001,171.0,2.0,21.0,32.0,2,Normal_FTP,USTC_TFC_2016
2.89999989036005e-05,85.5,6.0,0.0001,171.0,2.0,21.0,32.0,2,Normal_FTP,USTC_TFC_2016
5.700000110664405e-05,88.5,6.0,0.0001,177.0,2.0,21.0,32.0,2,Normal_FTP,USTC_TFC_2016
2.099999983329326e-05,78.0,6.0,0.0001,156.0,2.0,21.0,32.0,2,Normal_FTP,USTC_TFC_2016
3.300000025774352e-05,97.0,6.0,0.0001,194.0,2.0,21.0,32.0,2,Normal_FTP,USTC_TFC_2016
3.000000106112566e-05,70.0,6.0,0.0001,210.0,3.0,56937.0,32.0,2,Normal_FTP,USTC_TFC_2016
2.7000001864507794e-05,73.0,6.0,0.0001,146.0,2.0,21.0,32.0,2,Normal_FTP,USTC_TFC_2016
5.050000072515104e-05,72.66666666666667,6.0,0.00010100000145030208,218.0,3.0,56937.0,32.0,2,Normal_FTP,USTC_TFC_2016
1.799999881768599e-05,78.5,6.0,0.0001,157.0,2.0,21.0,32.0,2,Normal_FTP,USTC_TFC_2016
3.199999991920777e-05,88.5,6.0,0.0001,177.0,2.0,21.0,32.0,2,Normal_FTP,USTC_TFC_2016
7.099999857018702e-05,97.0,6.0,0.0001,194.0,2.0,21.0,32.0,2,Normal_FTP,USTC_TFC_2016
2.099999983329326e-05,78.0,6.0,0.0001,156.0,2.0,21.0,32.0,2,Normal_FTP,USTC_TFC_2016
5.400000009103678e-05,73.0,6.0,0.0001,146.0,2.0,21.0,32.0,2,Normal_FTP,USTC_TFC_2016
3.699999797390774e-05,73.0,6.0,0.0001,146.0,2.0,21.0,32.0,2,Normal_FTP,USTC_TFC_2016
3.9999998989515007e-05,73.0,6.0,0.0001,146.0,2.0,21.0,32.0,2,Normal_FTP,USTC_TFC_2016
9.299999874201603e-05,73.0,6.0,0.0001,146.0,2.0,21.0,32.0,2,Normal_FTP,USTC_TFC_2016
2.099999983329326e-05,1094.0,6.0,0.0001,4376.0,4.0,25235.0,32.0,2,Normal_FTP,USTC_TFC_2016
2.9000000722589903e-05,72.66666666666667,6.0,0.0001,218.0,3.0,25235.0,32.0,2,Normal_FTP,USTC_TFC_2016
4.600000102072954e-05,97.0,6.0,0.0001,194.0,2.0,21.0,32.0,2,Normal_FTP,USTC_TFC_2016
2.550000135670416e-05,70.0,6.0,0.0001,210.0,3.0,56937.0,32.0,2,Normal_FTP,USTC_TFC_2016
3.300000025774352e-05,88.5,6.0,0.0001,177.0,2.0,21.0,32.0,2,Normal_FTP,USTC_TFC_2016
3.600000127335079e-05,90.0,17.0,0.0001,180.0,2.0,53.0,32.0,2,Normal_FTP,USTC_TFC_2016
5.199999941396527e-05,97.0,6.0,0.0001,194.0,2.0,21.0,32.0,2,Normal_FTP,USTC_TFC_2016
1.8999999156221747e-05,74.5,6.0,0.0001,149.0,2.0,21.0,32.0,2,Normal_FTP,USTC_TFC_2016
2.5000001187436283e-05,78.5,6.0,0.0001,157.0,2.0,21.0,32.0,2,Normal_FTP,USTC_TFC_2016
2.5000001187436283e-05,73.0,6.0,0.0001,146.0,2.0,21.0,32.0,2,Normal_FTP,USTC_TFC_2016
3.199999991920777e-05,85.5,6.0,0.0001,171.0,2.0,21.0,32.0,2,Normal_FTP,USTC_TFC_2016
4.099999932805076e-05,81.5,6.0,0.0001,163.0,2.0,21.0,32.0,2,Normal_FTP,USTC_TFC_2016
2.6499999876250513e-05,72.66666666666667,6.0,0.0001,218.0,3.0,51273.0,32.0,2,Normal_FTP,USTC_TFC_2016
4.3000000005122274e-05,76.5,6.0,0.0001,153.0,2.0,21.0,32.0,2,Normal_FTP,USTC_TFC_2016
2.8000000384054147e-05,70.0,6.0,0.0001,210.0,3.0,53904.0,32.0,2,Normal_FTP,USTC_TFC_2016
5.400000009103678e-05,70.0,6.0,0.00010800000018207356,210.0,3.0,21.0,32.0,2,Normal_FTP,USTC_TFC_2016
3.3999998777289875e-05,70.0,6.0,0.0001,210.0,3.0,21.0,32.0,2,Normal_FTP,USTC_TFC_2016
4.599999920174014e-05,72.66666666666667,6.0,0.0001,218.0,3.0,51450.0,32.0,2,Normal_FTP,USTC_TFC_2016
4.6999999540275894e-05,70.0,6.0,0.0001,210.0,3.0,56937.0,32.0,2,Normal_FTP,USTC_TFC_2016
3.499999729683623e-05,91.0,6.0,0.0001,182.0,2.0,21.0,32.0,2,Normal_FTP,USTC_TFC_2016
5.0999999075429514e-05,91.0,6.0,0.0001,182.0,2.0,21.0,32.0,2,Normal_FTP,USTC_TFC_2016
8.899999738787301e-05,78.0,6.0,0.0001,156.0,2.0,21.0,32.0,2,Normal_FTP,USTC_TFC_2016
2.750000021478627e-05,70.0,6.0,0.0001,210.0,3.0,21.0,32.0,2,Normal_FTP,USTC_TFC_2016
4.450000051292591e-05,74.2,6.0,0.00017800000205170363,371.0,5.0,21.0,32.0,2,Normal_FTP,USTC_TFC_2016
3.199999991920777e-05,97.0,6.0,0.0001,194.0,2.0,21.0,32.0,2,Normal_FTP,USTC_TFC_2016
5.199999941396527e-05,78.5,6.0,0.0001,157.0,2.0,21.0,32.0,2,Normal_FTP,USTC_TFC_2016
2.9999999242136255e-05,91.0,6.0,0.0001,182.0,2.0,21.0,32.0,2,Normal_FTP,USTC_TFC_2016
4.57500000266009e-05,74.2,6.0,0.0001830000001064036,371.0,5.0,21.0,32.0,2,Normal_FTP,USTC_TFC_2016
3.599999763537198e-05,82.0,6.0,0.0001,164.0,2.0,21.0,32.0,2,Normal_FTP,USTC_TFC_2016
4.5000000682193786e-05,82.0,6.0,0.0001,164.0,2.0,21.0,32.0,2,Normal_FTP,USTC_TFC_2016
1.8333333476524178e-05,1094.0,6.0,0.0001,4376.0,4.0,51450.0,32.0,2,Normal_FTP,USTC_TFC_2016
3.4749999940686394e-05,74.2,6.0,0.00013899999976274557,371.0,5.0,21.0,32.0,2,Normal_FTP,USTC_TFC_2016
4.8000001697801054e-05,88.5,6.0,0.0001,177.0,2.0,21.0,32.0,2,Normal_FTP,USTC_TFC_2016
4.600000102072954e-05,73.0,6.0,0.0001,146.0,2.0,21.0,32.0,2,Normal_FTP,USTC_TFC_2016
6.600000051548705e-05,90.0,17.0,0.0001,180.0,2.0,53.0,32.0,2,Normal_FTP,USTC_TFC_2016
3.300000025774352e-05,90.0,17.0,0.0001,180.0,2.0,53.0,32.0,2,Normal_FTP,USTC_TFC_2016
4.149999949731864e-05,70.0,6.0,0.0001,210.0,3.0,51450.0,32.0,2,Normal_FTP,USTC_TFC_2016
4.399999670567922e-05,73.0,6.0,0.0001,146.0,2.0,21.0,32.0,2,Normal_FTP,USTC_TFC_2016
4.949999856762588e-05,70.0,6.0,0.0001,210.0,3.0,53904.0,32.0,2,Normal_FTP,USTC_TFC_2016
3.80000019504223e-05,97.0,6.0,0.0001,194.0,2.0,21.0,32.0,2,Normal_FTP,USTC_TFC_2016
5.0000002374872565e-05,73.0,6.0,0.0001,146.0,2.0,21.0,32.0,2,Normal_FTP,USTC_TFC_2016
3.199999991920777e-05,70.0,6.0,0.0001,210.0,3.0,51825.0,32.0,2,Normal_FTP,USTC_TFC_2016
2.800000220304355e-05,81.0,6.0,0.0001,162.0,2.0,21.0,32.0,2,Normal_FTP,USTC_TFC_2016
2.600000152597204e-05,97.0,6.0,0.0001,194.0,2.0,21.0,32.0,2,Normal_FTP,USTC_TFC_2016
1.4999999621068127e-05,70.0,6.0,0.0001,210.0,3.0,51273.0,32.0,2,Normal_FTP,USTC_TFC_2016
1.799999881768599e-05,446.5,6.0,0.0001,893.0,2.0,53904.0,32.0,2,Normal_FTP,USTC_TFC_2016
2.5999999706982635e-05,70.0,6.0,0.0001,210.0,3.0,21.0,32.0,2,Normal_FTP,USTC_TFC_2016
6.300000313785858e-05,76.5,6.0,0.0001,153.0,2.0,21.0,32.0,2,Normal_FTP,USTC_TFC_2016
2.2333332405348e-05,1094.0,6.0,0.0001,4376.0,4.0,51450.0,32.0,2,Normal_FTP,USTC_TFC_2016
4.149999949731864e-05,72.66666666666667,6.0,0.0001,218.0,3.0,53904.0,32.0,2,Normal_FTP,USTC_TFC_2016
1.4000001101521775e-05,90.0,17.0,0.0001,180.0,2.0,53.0,32.0,2,Normal_FTP,USTC_TFC_2016
2.90000001162601e-05,1094.0,6.0,0.0001,4376.0,4.0,25235.0,32.0,2,Normal_FTP,USTC_TFC_2016
2.9999999242136255e-05,97.0,6.0,0.0001,194.0,2.0,21.0,32.0,2,Normal_FTP,USTC_TFC_2016
5.199999941396527e-05,74.2,6.0,0.00020799999765586108,371.0,5.0,21.0,32.0,2,Normal_FTP,USTC_TFC_2016
2.399999721092172e-05,91.0,6.0,0.0001,182.0,2.0,21.0,32.0,2,Normal_FTP,USTC_TFC_2016
7.199999890872277e-05,73.0,6.0,0.0001,146.0,2.0,21.0,32.0,2,Normal_FTP,USTC_TFC_2016
1.300000076298602e-05,72.66666666666667,6.0,0.0001,218.0,3.0,51273.0,32.0,2,Normal_FTP,USTC_TFC_2016
1.7666666584167007e-05,1094.0,6.0,0.0001,4376.0,4.0,56937.0,32.0,2,Normal_FTP,USTC_TFC_2016
6.800000119255856e-05,446.5,6.0,0.0001,893.0,2.0,53904.0,32.0,2,Normal_FTP,USTC_TFC_2016
5.8000001445179805e-05,90.0,17.0,0.0001,180.0,2.0,53.0,32.0,2,Normal_FTP,USTC_TFC_2016
2.2000000171829015e-05,73.0,6.0,0.0001,146.0,2.0,21.0,32.0,2,Normal_FTP,USTC_TFC_2016
5.500000042957254e-05,85.5,6.0,0.0001,171.0,2.0,21.0,32.0,2,Normal_FTP,USTC_TFC_2016
1.8999999156221747e-05,90.0,17.0,0.0001,180.0,2.0,53.0,32.0,2,Normal_FTP,USTC_TFC_2016
6.800000119255856e-05,73.0,6.0,0.0001,146.0,2.0,21.0,32.0,2,Normal_FTP,USTC_TFC_2016
4.5000000682193786e-05,91.0,6.0,0.0001,182.0,2.0,21.0,32.0,2,Normal_FTP,USTC_TFC_2016
2.7000001864507794e-05,91.0,6.0,0.0001,182.0,2.0,21.0,32.0,2,Normal_FTP,USTC_TFC_2016
6.800000119255856e-05,81.0,6.0,0.0001,162.0,2.0,21.0,32.0,2,Normal_FTP,USTC_TFC_2016
7.199999890872277e-05,90.0,17.0,0.0001,180.0,2.0,53.0,32.0,2,Normal_FTP,USTC_TFC_2016
3.7999998312443495e-05,446.5,6.0,0.0001,893.0,2.0,51273.0,32.0,2,Normal_FTP,USTC_TFC_2016
6.399999983841553e-05,97.0,6.0,0.0001,194.0,2.0,21.0,32.0,2,Normal_FTP,USTC_TFC_2016
2.399999721092172e-05,76.5,6.0,0.0001,153.0,2.0,21.0,32.0,2,Normal_FTP,USTC_TFC_2016
6.400000347639434e-05,91.0,6.0,0.0001,182.0,2.0,21.0,32.0,2,Normal_FTP,USTC_TFC_2016
3.2000003557186574e-05,91.0,6.0,0.0001,182.0,2.0,21.0,32.0,2,Normal_FTP,USTC_TFC_2016
2.5000001187436283e-05,73.0,6.0,0.0001,146.0,2.0,21.0,32.0,2,Normal_FTP,USTC_TFC_2016
4.600000102072954e-05,73.0,6.0,0.0001,146.0,2.0,21.0,32.0,2,Normal_FTP,USTC_TFC_2016
3.0250000236264896e-05,74.2,6.0,0.00012100000094505958,371.0,5.0,21.0,32.0,2,Normal_FTP,USTC_TFC_2016
5.8000001445179805e-05,73.0,6.0,0.0001,146.0,2.0,21.0,32.0,2,Normal_FTP,USTC_TFC_2016
2.600000152597204e-05,446.5,6.0,0.0001,893.0,2.0,53904.0,32.0,2,Normal_FTP,USTC_TFC_2016
3.899999865097925e-05,91.0,6.0,0.0001,182.0,2.0,21.0,32.0,2,Normal_FTP,USTC_TFC_2016
4.799999987881165e-05,70.0,6.0,0.0001,210.0,3.0,51825.0,32.0,2,Normal_FTP,USTC_TFC_2016
2.300000051036477e-05,88.5,6.0,0.0001,177.0,2.0,21.0,32.0,2,Normal_FTP,USTC_TFC_2016
3.199999991920777e-05,90.0,17.0,0.0001,180.0,2.0,53.0,32.0,2,Normal_FTP,USTC_TFC_2016
5.999999848427251e-05,73.0,6.0,0.0001,146.0,2.0,21.0,32.0,2,Normal_FTP,USTC_TFC_2016
4.600000102072954e-05,85.5,6.0,0.0001,171.0,2.0,21.0,32.0,2,Normal_FTP,USTC_TFC_2016
5.900000178371556e-05,81.5,6.0,0.0001,163.0,2.0,21.0,32.0,2,Normal_FTP,USTC_TFC_2016
4.149999949731864e-05,70.0,6.0,0.0001,210.0,3.0,51273.0,32.0,2,Normal_FTP,USTC_TFC_2016
1.2333333870628849e-05,1094.0,6.0,0.0001,4376.0,4.0,51450.0,32.0,2,Normal_FTP,USTC_TFC_2016
6.000000212225132e-05,78.5,6.0,0.0001,157.0,2.0,21.0,32.0,2,Normal_FTP,USTC_TFC_2016
3.9999998989515007e-05,74.5,6.0,0.0001,149.0,2.0,21.0,32.0,2,Normal_FTP,USTC_TFC_2016
3.699999797390774e-05,73.0,6.0,0.0001,146.0,2.0,21.0,32.0,2,Normal_FTP,USTC_TFC_2016
3.899999865097925e-05,90.0,17.0,0.0001,180.0,2.0,53.0,32.0,2,Normal_FTP,USTC_TFC_2016
1.5000001440057531e-05,76.5,6.0,0.0001,153.0,2.0,21.0,32.0,2,Normal_FTP,USTC_TFC_2016
5.200000305194408e-05,73.0,6.0,0.0001,146.0,2.0,21.0,32.0,2,Normal_FTP,USTC_TFC_2016
2.300000051036477e-05,73.0,6.0,0.0001,146.0,2.0,21.0,32.0,2,Normal_FTP,USTC_TFC_2016
4.400000034365803e-05,446.5,6.0,0.0001,893.0,2.0,51273.0,32.0,2,Normal_FTP,USTC_TFC_2016
3.2500000088475645e-05,70.0,6.0,0.0001,210.0,3.0,51450.0,32.0,2,Normal_FTP,USTC_TFC_2016
3.400000059627928e-05,97.0,6.0,0.0001,194.0,2.0,21.0,32.0,2,Normal_FTP,USTC_TFC_2016
3.549999928509351e-05,70.0,6.0,0.0001,210.0,3.0,21.0,32.0,2,Normal_FTP,USTC_TFC_2016
6.550000034621917e-05,74.2,6.0,0.00026200000138487667,371.0,5.0,21.0,32.0,2,Normal_FTP,USTC_TFC_2016
2.5499999537714757e-05,70.0,6.0,0.0001,210.0,3.0,21.0,32.0,2,Normal_FTP,USTC_TFC_2016
2.300000051036477e-05,85.5,6.0,0.0001,171.0,2.0,21.0,32.0,2,Normal_FTP,USTC_TFC_2016
2.5999999706982635e-05,70.0,6.0,0.0001,210.0,3.0,25235.0,32.0,2,Normal_FTP,USTC_TFC_2016
5.0999999075429514e-05,81.5,6.0,0.0001,163.0,2.0,21.0,32.0,2,Normal_FTP,USTC_TFC_2016
1.9333333815059934e-05,1094.0,6.0,0.0001,4376.0,4.0,56937.0,32.0,2,Normal_FTP,USTC_TFC_2016
5.8000001445179805e-05,91.0,6.0,0.0001,182.0,2.0,21.0,32.0,2,Normal_FTP,USTC_TFC_2016
3.699999797390774e-05,76.5,6.0,0.0001,153.0,2.0,21.0,32.0,2,Normal_FTP,USTC_TFC_2016
3.9999998989515007e-05,91.0,6.0,0.0001,182.0,2.0,21.0,32.0,2,Normal_FTP,USTC_TFC_2016
3.400000059627928e-05,91.0,6.0,0.0001,182.0,2.0,21.0,32.0,2,Normal_FTP,USTC_TFC_2016
4.3000000005122274e-05,97.0,6.0,0.0001,194.0,2.0,21.0,32.0,2,Normal_FTP,USTC_TFC_2016
4.350000017439015e-05,70.0,6.0,0.0001,210.0,3.0,56937.0,32.0,2,Normal_FTP,USTC_TFC_2016
1.80000024556648e-05,78.5,6.0,0.0001,157.0,2.0,21.0,32.0,2,Normal_FTP,USTC_TFC_2016
2.600000152597204e-05,73.0,6.0,0.0001,146.0,2.0,21.0,32.0,2,Normal_FTP,USTC_TFC_2016
3.600000127335079e-05,91.0,6.0,0.0001,182.0,2.0,21.0,32.0,2,Normal_FTP,USTC_TFC_2016
3.149999974993989e-05,72.66666666666667,6.0,0.0001,218.0,3.0,51273.0,32.0,2,Normal_FTP,USTC_TFC_2016
5.8999998145736754e-05,88.5,6.0,0.0001,177.0,2.0,21.0,32.0,2,Normal_FTP,USTC_TFC_2016
3.549999928509351e-05,72.66666666666667,6.0,0.0001,218.0,3.0,51825.0,32.0,2,Normal_FTP,USTC_TFC_2016
2.9999999242136255e-05,446.5,6.0,0.0001,893.0,2.0,53904.0,32.0,2,Normal_FTP,USTC_TFC_2016
4.8000001697801054e-05,91.0,6.0,0.0001,182.0,2.0,21.0,32.0,2,Normal_FTP,USTC_TFC_2016
3.9000000469968654e-05,70.0,6.0,0.0001,210.0,3.0,53904.0,32.0,2,Normal_FTP,USTC_TFC_2016
4.099999932805076e-05,446.5,6.0,0.0001,893.0,2.0,51273.0,32.0,2,Normal_FTP,USTC_TFC_2016
1.8999999156221747e-05,97.0,6.0,0.0001,194.0,2.0,21.0,32.0,2,Normal_FTP,USTC_TFC_2016
1.2333333870628849e-05,1094.0,6.0,0.0001,4376.0,4.0,51450.0,32.0,2,Normal_FTP,USTC_TFC_2016
3.400000059627928e-05,78.0,6.0,0.0001,156.0,2.0,21.0,32.0,2,Normal_FTP,USTC_TFC_2016
3.399999695830047e-05,85.5,6.0,0.0001,171.0,2.0,21.0,32.0,2,Normal_FTP,USTC_TFC_2016
2.9999999242136255e-05,88.5,6.0,0.0001,177.0,2.0,21.0,32.0,2,Normal_FTP,USTC_TFC_2016
3.599999763537198e-05,74.5,6.0,0.0001,149.0,2.0,21.0,32.0,2,Normal_FTP,USTC_TFC_2016
3.2500000088475645e-05,72.66666666666667,6.0,0.0001,218.0,3.0,25235.0,32.0,2,Normal_FTP,USTC_TFC_2016
4.5999997382750735e-05,78.5,6.0,0.0001,157.0,2.0,21.0,32.0,2,Normal_FTP,USTC_TFC_2016
2.099999983329326e-05,73.0,6.0,0.0001,146.0,2.0,21.0,32.0,2,Normal_FTP,USTC_TFC_2016
4.199999966658652e-05,78.5,6.0,0.0001,157.0,2.0,21.0,32.0,2,Normal_FTP,USTC_TFC_2016
3.599999763537198e-05,73.0,6.0,0.0001,146.0,2.0,21.0,32.0,2,Normal_FTP,USTC_TFC_2016
3.499999729683623e-05,73.0,6.0,0.0001,146.0,2.0,21.0,32.0,2,Normal_FTP,USTC_TFC_2016
5.0999999075429514e-05,90.0,17.0,0.0001,180.0,2.0,53.0,32.0,2,Normal_FTP,USTC_TFC_2016
4.70000013592653e-05,73.0,6.0,0.0001,146.0,2.0,21.0,32.0,2,Normal_FTP,USTC_TFC_2016
4.1000001147040166e-05,72.66666666666667,6.0,0.0001,218.0,3.0,25235.0,32.0,2,Normal_FTP,USTC_TFC_2016
5.0000002374872565e-05,446.5,6.0,0.0001,893.0,2.0,53904.0,32.0,2,Normal_FTP,USTC_TFC_2016
2.4000000848900527e-05,84.0,6.0,0.0001,168.0,2.0,21.0,32.0,2,Normal_FTP,USTC_TFC_2016
3.550000110408291e-05,72.66666666666667,6.0,0.0001,218.0,3.0,56937.0,32.0,2,Normal_FTP,USTC_TFC_2016
3.2500000088475645e-05,72.66666666666667,6.0,0.0001,218.0,3.0,56937.0,32.0,2,Normal_FTP,USTC_TFC_2016
2.2500000341096893e-05,72.66666666666667,6.0,0.0001,218.0,3.0,56937.0,32.0,2,Normal_FTP,USTC_TFC_2016
4.749999970954377e-05,70.0,6.0,0.0001,210.0,3.0,56937.0,32.0,2,Normal_FTP,USTC_TFC_2016
3.400000059627928e-05,78.5,6.0,0.0001,157.0,2.0,21.0,32.0,2,Normal_FTP,USTC_TFC_2016
2.3499998860643245e-05,70.0,6.0,0.0001,210.0,3.0,53904.0,32.0,2,Normal_FTP,USTC_TFC_2016
2.9499999072868377e-05,70.0,6.0,0.0001,210.0,3.0,53904.0,32.0,2,Normal_FTP,USTC_TFC_2016
3.099999958067201e-05,70.0,6.0,0.0001,210.0,3.0,51450.0,32.0,2,Normal_FTP,USTC_TFC_2016
5.399999827204738e-05,70.0,6.0,0.00010799999654409476,210.0,3.0,53904.0,32.0,2,Normal_FTP,USTC_TFC_2016
4.2000003304565325e-05,73.0,6.0,0.0001,146.0,2.0,21.0,32.0,2,Normal_FTP,USTC_TFC_2016
2.6499999876250513e-05,70.0,6.0,0.0001,210.0,3.0,21.0,32.0,2,Normal_FTP,USTC_TFC_2016
2.750000021478627e-05,74.2,6.0,0.00011000000085914508,371.0,5.0,21.0,32.0,2,Normal_FTP,USTC_TFC_2016
1.8500000805943273e-05,70.0,6.0,0.0001,210.0,3.0,53904.0,32.0,2,Normal_FTP,USTC_TFC_2016
3.099999958067201e-05,70.0,6.0,0.0001,210.0,3.0,51825.0,32.0,2,Normal_FTP,USTC_TFC_2016
2.6499999876250513e-05,70.0,6.0,0.0001,210.0,3.0,51825.0,32.0,2,Normal_FTP,USTC_TFC_2016
5.500000042957254e-05,70.0,6.0,0.00011000000085914508,210.0,3.0,53904.0,32.0,2,Normal_FTP,USTC_TFC_2016
3.400000059627928e-05,82.0,6.0,0.0001,164.0,2.0,21.0,32.0,2,Normal_FTP,USTC_TFC_2016
2.6499999876250513e-05,70.0,6.0,0.0001,210.0,3.0,51825.0,32.0,2,Normal_FTP,USTC_TFC_2016
3.80000019504223e-05,76.5,6.0,0.0001,153.0,2.0,21.0,32.0,2,Normal_FTP,USTC_TFC_2016
6.800000119255856e-05,81.5,6.0,0.0001,163.0,2.0,21.0,32.0,2,Normal_FTP,USTC_TFC_2016
2.700000004551839e-05,72.66666666666667,6.0,0.0001,218.0,3.0,51450.0,32.0,2,Normal_FTP,USTC_TFC_2016
3.099999958067201e-05,90.0,17.0,0.0001,180.0,2.0,53.0,32.0,2,Normal_FTP,USTC_TFC_2016
3.099999958067201e-05,74.5,6.0,0.0001,149.0,2.0,21.0,32.0,2,Normal_FTP,USTC_TFC_2016
3.300000025774352e-05,78.0,6.0,0.0001,156.0,2.0,21.0,32.0,2,Normal_FTP,USTC_TFC_2016
1.8999999156221747e-05,90.0,17.0,0.0001,180.0,2.0,53.0,32.0,2,Normal_FTP,USTC_TFC_2016
1.2000000424450263e-05,73.0,6.0,0.0001,146.0,2.0,21.0,32.0,2,Normal_FTP,USTC_TFC_2016
1.2000000424450263e-05,78.5,6.0,0.0001,157.0,2.0,21.0,32.0,2,Normal_FTP,USTC_TFC_2016
6.674999985989416e-05,74.2,6.0,0.00026699999943957664,371.0,5.0,21.0,32.0,2,Normal_FTP,USTC_TFC_2016
9.000000621502599e-06,1094.0,6.0,0.0001,4376.0,4.0,56937.0,32.0,2,Normal_FTP,USTC_TFC_2016
5.700000110664405e-05,81.0,6.0,0.0001,162.0,2.0,21.0,32.0,2,Normal_FTP,USTC_TFC_2016
6.299999949987978e-05,73.0,6.0,0.0001,146.0,2.0,21.0,32.0,2,Normal_FTP,USTC_TFC_2016
4.350000017439015e-05,70.0,6.0,0.0001,210.0,3.0,56937.0,32.0,2,Normal_FTP,USTC_TFC_2016
2.89999989036005e-05,73.0,6.0,0.0001,146.0,2.0,21.0,32.0,2,Normal_FTP,USTC_TFC_2016
5.900000178371556e-05,78.0,6.0,0.0001,156.0,2.0,21.0,32.0,2,Normal_FTP,USTC_TFC_2016
4.099999932805076e-05,73.0,6.0,0.0001,146.0,2.0,21.0,32.0,2,Normal_FTP,USTC_TFC_2016
1.799999881768599e-05,88.5,6.0,0.0001,177.0,2.0,21.0,32.0,2,Normal_FTP,USTC_TFC_2016
1.2000000424450263e-05,84.0,6.0,0.0001,168.0,2.0,21.0,32.0,2,Normal_FTP,USTC_TFC_2016
2.5000001187436283e-05,78.0,6.0,0.0001,156.0,2.0,21.0,32.0,2,Normal_FTP,USTC_TFC_2016
3.950000063923653e-05,70.0,6.0,0.0001,210.0,3.0,21.0,32.0,2,Normal_FTP,USTC_TFC_2016
2.099999983329326e-05,446.5,6.0,0.0001,893.0,2.0,53904.0,32.0,2,Normal_FTP,USTC_TFC_2016
1.799999881768599e-05,85.5,6.0,0.0001,171.0,2.0,21.0,32.0,2,Normal_FTP,USTC_TFC_2016
4.7999998059822246e-05,97.0,6.0,0.0001,194.0,2.0,21.0,32.0,2,Normal_FTP,USTC_TFC_2016
3.9999998989515007e-05,73.0,6.0,0.0001,146.0,2.0,21.0,32.0,2,Normal_FTP,USTC_TFC_2016
1.666666624563125e-05,1094.0,6.0,0.0001,4376.0,4.0,56937.0,32.0,2,Normal_FTP,USTC_TFC_2016
3.600000127335079e-05,81.0,6.0,0.0001,162.0,2.0,21.0,32.0,2,Normal_FTP,USTC_TFC_2016
3.7000001611886546e-05,78.0,6.0,0.0001,156.0,2.0,21.0,32.0,2,Normal_FTP,USTC_TFC_2016
4.3000000005122274e-05,88.5,6.0,0.0001,177.0,2.0,21.0,32.0,2,Normal_FTP,USTC_TFC_2016
1.9999999494757503e-05,85.5,6.0,0.0001,171.0,2.0,21.0,32.0,2,Normal_FTP,USTC_TFC_2016
1.80000024556648e-05,85.5,6.0,0.0001,171.0,2.0,21.0,32.0,2,Normal_FTP,USTC_TFC_2016
4.3000000005122274e-05,78.0,6.0,0.0001,156.0,2.0,21.0,32.0,2,Normal_FTP,USTC_TFC_2016
5.1250000069558155e-05,74.2,6.0,0.00020500000027823262,371.0,5.0,21.0,32.0,2,Normal_FTP,USTC_TFC_2016
6.500000017695129e-05,73.0,6.0,0.0001,146.0,2.0,21.0,32.0,2,Normal_FTP,USTC_TFC_2016
3.699999797390774e-05,73.0,6.0,0.0001,146.0,2.0,21.0,32.0,2,Normal_FTP,USTC_TFC_2016
4.999999873689376e-05,73.0,6.0,0.0001,146.0,2.0,21.0,32.0,2,Normal_FTP,USTC_TFC_2016
2.700000004551839e-05,70.0,6.0,0.0001,210.0,3.0,53904.0,32.0,2,Normal_FTP,USTC_TFC_2016
1.1999996786471456e-05,73.0,6.0,0.0001,146.0,2.0,21.0,32.0,2,Normal_FTP,USTC_TFC_2016
3.549999928509351e-05,72.66666666666667,6.0,0.0001,218.0,3.0,51273.0,32.0,2,Normal_FTP,USTC_TFC_2016
4.100000296602957e-05,91.0,6.0,0.0001,182.0,2.0,21.0,32.0,2,Normal_FTP,USTC_TFC_2016
5.050000072515104e-05,70.0,6.0,0.00010100000145030208,210.0,3.0,25235.0,32.0,2,Normal_FTP,USTC_TFC_2016
2.099999983329326e-05,73.0,6.0,0.0001,146.0,2.0,21.0,32.0,2,Normal_FTP,USTC_TFC_2016
3.4500000765547156e-05,70.0,6.0,0.0001,210.0,3.0,51825.0,32.0,2,Normal_FTP,USTC_TFC_2016
1.8666666922702763e-05,1094.0,6.0,0.0001,4376.0,4.0,25235.0,32.0,2,Normal_FTP,USTC_TFC_2016
4.5000000682193786e-05,91.0,6.0,0.0001,182.0,2.0,21.0,32.0,2,Normal_FTP,USTC_TFC_2016
4.400000034365803e-05,88.5,6.0,0.0001,177.0,2.0,21.0,32.0,2,Normal_FTP,USTC_TFC_2016
3.7000001611886546e-05,74.5,6.0,0.0001,149.0,2.0,21.0,32.0,2,Normal_FTP,USTC_TFC_2016
5.500000042957254e-05,91.0,6.0,0.0001,182.0,2.0,21.0,32.0,2,Normal_FTP,USTC_TFC_2016
4.3000000005122274e-05,97.0,6.0,0.0001,194.0,2.0,21.0,32.0,2,Normal_FTP,USTC_TFC_2016
2.5000001187436283e-05,76.5,6.0,0.0001,153.0,2.0,21.0,32.0,2,Normal_FTP,USTC_TFC_2016
4.600000102072954e-05,91.0,6.0,0.0001,182.0,2.0,21.0,32.0,2,Normal_FTP,USTC_TFC_2016
3.80000019504223e-05,82.0,6.0,0.0001,164.0,2.0,21.0,32.0,2,Normal_FTP,USTC_TFC_2016
3.199999991920777e-05,73.0,6.0,0.0001,146.0,2.0,21.0,32.0,2,Normal_FTP,USTC_TFC_2016
3.9999998989515007e-05,73.0,6.0,0.0001,146.0,2.0,21.0,32.0,2,Normal_FTP,USTC_TFC_2016
3.80000019504223e-05,91.0,6.0,0.0001,182.0,2.0,21.0,32.0,2,Normal_FTP,USTC_TFC_2016
1.300000076298602e-05,90.0,17.0,0.0001,180.0,2.0,53.0,32.0,2,Normal_FTP,USTC_TFC_2016
3.300000025774352e-05,73.0,6.0,0.0001,146.0,2.0,21.0,32.0,2,Normal_FTP,USTC_TFC_2016
1.9499999325489625e-05,70.0,6.0,0.0001,210.0,3.0,51273.0,32.0,2,Normal_FTP,USTC_TFC_2016
7.666665624128655e-06,1094.0,6.0,0.0001,4376.0,4.0,56937.0,32.0,2,Normal_FTP,USTC_TFC_2016
2.2999996872385964e-05,97.0,6.0,0.0001,194.0,2.0,21.0,32.0,2,Normal_FTP,USTC_TFC_2016
9.333332855021581e-06,1094.0,6.0,0.0001,4376.0,4.0,51825.0,32.0,2,Normal_FTP,USTC_TFC_2016
2.2999996872385964e-05,78.0,6.0,0.0001,156.0,2.0,21.0,32.0,2,Normal_FTP,USTC_TFC_2016
3.2999996619764715e-05,446.5,6.0,0.0001,893.0,2.0,51273.0,32.0,2,Normal_FTP,USTC_TFC_2016
4.70000013592653e-05,91.0,6.0,0.0001,182.0,2.0,21.0,32.0,2,Normal_FTP,USTC_TFC_2016
3.099999958067201e-05,85.5,6.0,0.0001,171.0,2.0,21.0,32.0,2,Normal_FTP,USTC_TFC_2016
5.9750000218627974e-05,74.2,6.0,0.0002390000008745119,371.0,5.0,21.0,32.0,2,Normal_FTP,USTC_TFC_2016
2.4499999199179e-05,72.66666666666667,6.0,0.0001,218.0,3.0,51825.0,32.0,2,Normal_FTP,USTC_TFC_2016
3.600000127335079e-05,73.0,6.0,0.0001,146.0,2.0,21.0,32.0,2,Normal_FTP,USTC_TFC_2016
8.900000102585182e-05,446.5,6.0,0.0001,893.0,2.0,53904.0,32.0,2,Normal_FTP,USTC_TFC_2016
6.450000000768341e-05,70.0,6.0,0.00012900000001536682,210.0,3.0,21.0,32.0,2,Normal_FTP,USTC_TFC_2016
4.70000013592653e-05,84.0,6.0,0.0001,168.0,2.0,21.0,32.0,2,Normal_FTP,USTC_TFC_2016
8.900000102585182e-05,97.0,6.0,0.0001,194.0,2.0,21.0,32.0,2,Normal_FTP,USTC_TFC_2016
2.6999998226528987e-05,88.5,6.0,0.0001,177.0,2.0,21.0,32.0,2,Normal_FTP,USTC_TFC_2016
7.60000002628658e-05,73.0,6.0,0.0001,146.0,2.0,21.0,32.0,2,Normal_FTP,USTC_TFC_2016
3.5000000934815034e-05,76.5,6.0,0.0001,153.0,2.0,21.0,32.0,2,Normal_FTP,USTC_TFC_2016
4.2499999835854396e-05,70.0,6.0,0.0001,210.0,3.0,53904.0,32.0,2,Normal_FTP,USTC_TFC_2016
2.300000051036477e-05,78.0,6.0,0.0001,156.0,2.0,21.0,32.0,2,Normal_FTP,USTC_TFC_2016
2.4000000848900527e-05,70.0,6.0,0.0001,210.0,3.0,21.0,32.0,2,Normal_FTP,USTC_TFC_2016
2.300000051036477e-05,73.0,6.0,0.0001,146.0,2.0,21.0,32.0,2,Normal_FTP,USTC_TFC_2016
4.3000000005122274e-05,82.0,6.0,0.0001,164.0,2.0,21.0,32.0,2,Normal_FTP,USTC_TFC_2016
1.9999999494757503e-05,85.5,6.0,0.0001,171.0,2.0,21.0,32.0,2,Normal_FTP,USTC_TFC_2016
7.800000093993731e-05,81.0,6.0,0.0001,162.0,2.0,21.0,32.0,2,Normal_FTP,USTC_TFC_2016
2.300000051036477e-05,81.5,6.0,0.0001,163.0,2.0,21.0,32.0,2,Normal_FTP,USTC_TFC_2016
2.2000000171829015e-05,82.0,6.0,0.0001,164.0,2.0,21.0,32.0,2,Normal_FTP,USTC_TFC_2016
1.4999997802078724e-05,76.5,6.0,0.0001,153.0,2.0,21.0,32.0,2,Normal_FTP,USTC_TFC_2016
2.9999999242136255e-05,91.0,6.0,0.0001,182.0,2.0,21.0,32.0,2,Normal_FTP,USTC_TFC_2016
2.300000051036477e-05,82.0,6.0,0.0001,164.0,2.0,21.0,32.0,2,Normal_FTP,USTC_TFC_2016
1.300000076298602e-05,85.5,6.0,0.0001,171.0,2.0,21.0,32.0,2,Normal_FTP,USTC_TFC_2016
3.849999848171137e-05,70.0,6.0,0.0001,210.0,3.0,53904.0,32.0,2,Normal_FTP,USTC_TFC_2016
6.199999916134402e-05,78.5,6.0,0.0001,157.0,2.0,21.0,32.0,2,Normal_FTP,USTC_TFC_2016
1.4000001101521775e-05,73.0,6.0,0.0001,146.0,2.0,21.0,32.0,2,Normal_FTP,USTC_TFC_2016
1.599999814061448e-05,90.0,17.0,0.0001,180.0,2.0,53.0,32.0,2,Normal_FTP,USTC_TFC_2016
5.5999997130129486e-05,88.5,6.0,0.0001,177.0,2.0,21.0,32.0,2,Normal_FTP,USTC_TFC_2016
4.7999998059822246e-05,73.0,6.0,0.0001,146.0,2.0,21.0,32.0,2,Normal_FTP,USTC_TFC_2016
1.1000000085914508e-05,1094.0,6.0,0.0001,4376.0,4.0,56937.0,32.0,2,Normal_FTP,USTC_TFC_2016
1.8000000030345593e-05,1094.0,6.0,0.0001,4376.0,4.0,51450.0,32.0,2,Normal_FTP,USTC_TFC_2016
4.499999886320438e-05,70.0,6.0,0.0001,210.0,3.0,21.0,32.0,2,Normal_FTP,USTC_TFC_2016
4.499999886320438e-05,70.0,6.0,0.0001,210.0,3.0,21.0,32.0,2,Normal_FTP,USTC_TFC_2016
5.500000042957254e-05,97.0,6.0,0.0001,194.0,2.0,21.0,32.0,2,Normal_FTP,USTC_TFC_2016
5.2999999752501026e-05,91.0,6.0,0.0001,182.0,2.0,21.0,32.0,2,Normal_FTP,USTC_TFC_2016
5.100000271340832e-05,73.0,6.0,0.0001,146.0,2.0,21.0,32.0,2,Normal_FTP,USTC_TFC_2016
2.366666619006234e-05,1094.0,6.0,0.0001,4376.0,4.0,25235.0,32.0,2,Normal_FTP,USTC_TFC_2016
8.70000003487803e-05,91.0,6.0,0.0001,182.0,2.0,21.0,32.0,2,Normal_FTP,USTC_TFC_2016
7.100000220816582e-05,78.0,6.0,0.0001,156.0,2.0,21.0,32.0,2,Normal_FTP,USTC_TFC_2016
7.299999924725853e-05,73.0,6.0,0.0001,146.0,2.0,21.0,32.0,2,Normal_FTP,USTC_TFC_2016
5.0999999075429514e-05,78.0,6.0,0.0001,156.0,2.0,21.0,32.0,2,Normal_FTP,USTC_TFC_2016
6.399999983841553e-05,73.0,6.0,0.0001,146.0,2.0,21.0,32.0,2,Normal_FTP,USTC_TFC_2016
2.300000051036477e-05,72.66666666666667,6.0,0.0001,218.0,3.0,51450.0,32.0,2,Normal_FTP,USTC_TFC_2016
3.199999991920777e-05,97.0,6.0,0.0001,194.0,2.0,21.0,32.0,2,Normal_FTP,USTC_TFC_2016
5.0999999075429514e-05,91.0,6.0,0.0001,182.0,2.0,21.0,32.0,2,Normal_FTP,USTC_TFC_2016
6.70000008540228e-05,97.0,6.0,0.0001,194.0,2.0,21.0,32.0,2,Normal_FTP,USTC_TFC_2016
4.099999932805076e-05,72.66666666666667,6.0,0.0001,218.0,3.0,51273.0,32.0,2,Normal_FTP,USTC_TFC_2016
4.5000000682193786e-05,78.5,6.0,0.0001,157.0,2.0,21.0,32.0,2,Normal_FTP,USTC_TFC_2016
6.89999978931155e-05,81.0,6.0,0.0001,162.0,2.0,21.0,32.0,2,Normal_FTP,USTC_TFC_2016
4.8999998398358e-05,97.0,6.0,0.0001,194.0,2.0,21.0,32.0,2,Normal_FTP,USTC_TFC_2016
1.9999999494757503e-05,73.0,6.0,0.0001,146.0,2.0,21.0,32.0,2,Normal_FTP,USTC_TFC_2016
5.0999999075429514e-05,91.0,6.0,0.0001,182.0,2.0,21.0,32.0,2,Normal_FTP,USTC_TFC_2016
3.499999729683623e-05,74.5,6.0,0.0001,149.0,2.0,21.0,32.0,2,Normal_FTP,USTC_TFC_2016
2.4000000848900527e-05,90.0,17.0,0.0001,180.0,2.0,53.0,32.0,2,Normal_FTP,USTC_TFC_2016
2.9000002541579306e-05,85.5,6.0,0.0001,171.0,2.0,21.0,32.0,2,Normal_FTP,USTC_TFC_2016
5.100000271340832e-05,73.0,6.0,0.0001,146.0,2.0,21.0,32.0,2,Normal_FTP,USTC_TFC_2016
5.8000001445179805e-05,78.5,6.0,0.0001,157.0,2.0,21.0,32.0,2,Normal_FTP,USTC_TFC_2016
1.900000036888135e-05,1094.0,6.0,0.0001,4376.0,4.0,56937.0,32.0,2,Normal_FTP,USTC_TFC_2016
4.199999966658652e-05,91.0,6.0,0.0001,182.0,2.0,21.0,32.0,2,Normal_FTP,USTC_TFC_2016
4.050000097777229e-05,70.0,6.0,0.0001,210.0,3.0,21.0,32.0,2,Normal_FTP,USTC_TFC_2016
2.7999998565064743e-05,97.0,6.0,0.0001,194.0,2.0,21.0,32.0,2,Normal_FTP,USTC_TFC_2016
2.89999989036005e-05,97.0,6.0,0.0001,194.0,2.0,21.0,32.0,2,Normal_FTP,USTC_TFC_2016
1.6333332799452666e-05,1094.0,6.0,0.0001,4376.0,4.0,51825.0,32.0,2,Normal_FTP,USTC_TFC_2016
1.700000029813964e-05,70.0,6.0,0.0001,210.0,3.0,51825.0,32.0,2,Normal_FTP,USTC_TFC_2016
2.2000000171829015e-05,78.5,6.0,0.0001,157.0,2.0,21.0,32.0,2,Normal_FTP,USTC_TFC_2016
3.099999958067201e-05,70.0,6.0,0.0001,210.0,3.0,21.0,32.0,2,Normal_FTP,USTC_TFC_2016
2.2000000171829015e-05,91.0,6.0,0.0001,182.0,2.0,21.0,32.0,2,Normal_FTP,USTC_TFC_2016
4.400000034365803e-05,88.5,6.0,0.0001,177.0,2.0,21.0,32.0,2,Normal_FTP,USTC_TFC_2016
7.499999992433004e-05,84.0,6.0,0.0001,168.0,2.0,21.0,32.0,2,Normal_FTP,USTC_TFC_2016
7.299999924725853e-05,74.5,6.0,0.0001,149.0,2.0,21.0,32.0,2,Normal_FTP,USTC_TFC_2016
1.3999997463542968e-05,73.0,6.0,0.0001,146.0,2.0,21.0,32.0,2,Normal_FTP,USTC_TFC_2016
4.6999999540275894e-05,70.0,6.0,0.0001,210.0,3.0,53904.0,32.0,2,Normal_FTP,USTC_TFC_2016
2.2000000171829015e-05,76.5,6.0,0.0001,153.0,2.0,21.0,32.0,2,Normal_FTP,USTC_TFC_2016
0.0013339999999999463,84.0,17.0,0.0013339999999999463,168.0,2.0,53.0,96.0,3,Malware_Cridex,USTC_TFC_2016
0.001234999999999431,90.0,17.0,0.001234999999999431,180.0,2.0,53.0,96.0,3,Malware_Cridex,USTC_TFC_2016
4.4986885,64.66666666666667,6.0,8.997377,194.0,3.0,8080.0,128.0,3,Malware_Cridex,USTC_TFC_2016
0.0012660000000010996,84.0,17.0,0.0012660000000010996,168.0,2.0,53.0,96.0,3,Malware_Cridex,USTC_TFC_2016
0.0011829999999974916,90.0,17.0,0.0011829999999974916,180.0,2.0,53.0,96.0,3,Malware_Cridex,USTC_TFC_2016
0.013689454545454087,225.91666666666666,6.0,0.15058399999999494,2711.0,12.0,8080.0,96.0,3,Malware_Cridex,USTC_TFC_2016
4.499168499999996,64.66666666666667,6.0,8.998336999999992,194.0,3.0,8080.0,128.0,3,Malware_Cridex,USTC_TFC_2016
0.01298354545454572,242.91666666666666,6.0,0.14281900000000292,2915.0,12.0,8080.0,96.0,3,Malware_Cridex,USTC_TFC_2016
4.499406500000006,64.66666666666667,6.0,8.998813000000013,194.0,3.0,8080.0,128.0,3,Malware_Cridex,USTC_TFC_2016
0.01367381818181715,230.58333333333334,6.0,0.15041199999998867,2767.0,12.0,8080.0,96.0,3,Malware_Cridex,USTC_TFC_2016
4.504319499999994,64.66666666666667,6.0,9.008638999999988,194.0,3.0,8080.0,128.0,3,Malware_Cridex,USTC_TFC_2016
0.013033636363634183,226.58333333333334,6.0,0.14336999999997602,2719.0,12.0,8080.0,96.0,3,Malware_Cridex,USTC_TFC_2016
4.497017499999998,64.66666666666667,6.0,8.994034999999997,194.0,3.0,8080.0,128.0,3,Malware_Cridex,USTC_TFC_2016
0.012994999999999767,235.25,6.0,0.14294499999999744,2823.0,12.0,8080.0,96.0,3,Malware_Cridex,USTC_TFC_2016
4.497472500000001,64.66666666666667,6.0,8.994945000000001,194.0,3.0,8080.0,128.0,3,Malware_Cridex,USTC_TFC_2016
0.012998727272727965,233.25,6.0,0.1429860000000076,2799.0,12.0,8080.0,96.0,3,Malware_Cridex,USTC_TFC_2016
4.504013999999998,64.66666666666667,6.0,9.008027999999996,194.0,3.0,8080.0,128.0,3,Malware_Cridex,USTC_TFC_2016
0.013683727272727063,236.91666666666666,6.0,0.15052099999999768,2843.0,12.0,8080.0,96.0,3,Malware_Cridex,USTC_TFC_2016
4.497857500000009,64.66666666666667,6.0,8.995715000000018,194.0,3.0,8080.0,128.0,3,Malware_Cridex,USTC_TFC_2016
0.013013272727272868,245.25,6.0,0.14314600000000155,2943.0,12.0,8080.0,96.0,3,Malware_Cridex,USTC_TFC_2016
4.499375499999985,64.66666666666667,6.0,8.99875099999997,194.0,3.0,8080.0,128.0,3,Malware_Cridex,USTC_TFC_2016
0.013687545454543355,229.25,6.0,0.1505629999999769,2751.0,12.0,8080.0,96.0,3,Malware_Cridex,USTC_TFC_2016
4.504332000000005,64.66666666666667,6.0,9.00866400000001,194.0,3.0,8080.0,128.0,3,Malware_Cridex,USTC_TFC_2016
0.013680909090908244,242.91666666666666,6.0,0.1504899999999907,2915.0,12.0,8080.0,96.0,3,Malware_Cridex,USTC_TFC_2016
4.499439999999993,64.66666666666667,6.0,8.998879999999986,194.0,3.0,8080.0,128.0,3,Malware_Cridex,USTC_TFC_2016
0.013027545454545734,242.91666666666666,6.0,0.14330300000000307,2915.0,12.0,8080.0,96.0,3,Malware_Cridex,USTC_TFC_2016
4.501928499999991,64.66666666666667,6.0,9.003856999999982,194.0,3.0,8080.0,128.0,3,Malware_Cridex,USTC_TFC_2016
0.013727909090908435,238.25,6.0,0.15100699999999279,2859.0,12.0,8080.0,96.0,3,Malware_Cridex,USTC_TFC_2016
4.504269999999991,64.66666666666667,6.0,9.008539999999982,194.0,3.0,8080.0,128.0,3,Malware_Cridex,USTC_TFC_2016
0.012999909090906798,227.25,6.0,0.14299899999997479,2727.0,12.0,8080.0,96.0,3,Malware_Cridex,USTC_TFC_2016
4.499370499999998,64.66666666666667,6.0,8.998740999999995,194.0,3.0,8080.0,128.0,3,Malware_Cridex,USTC_TFC_2016
0.0131947272727292,230.25,6.0,0.1451420000000212,2763.0,12.0,8080.0,96.0,3,Malware_Cridex,USTC_TFC_2016
4.499277499999977,64.66666666666667,6.0,8.998554999999953,194.0,3.0,8080.0,128.0,3,Malware_Cridex,USTC_TFC_2016
0.01368818181818328,233.25,6.0,0.15057000000001608,2799.0,12.0,8080.0,96.0,3,Malware_Cridex,USTC_TFC_2016
4.509383999999983,64.66666666666667,6.0,9.018767999999966,194.0,3.0,8080.0,128.0,3,Malware_Cridex,USTC_TFC_2016
0.01301454545454755,242.91666666666666,6.0,0.14316000000002305,2915.0,12.0,8080.0,96.0,3,Malware_Cridex,USTC_TFC_2016
4.499642499999993,64.66666666666667,6.0,8.999284999999986,194.0,3.0,8080.0,128.0,3,Malware_Cridex,USTC_TFC_2016
0.013179181818181653,233.25,6.0,0.14497099999999818,2799.0,12.0,8080.0,96.0,3,Malware_Cridex,USTC_TFC_2016
4.502434499999993,64.66666666666667,6.0,9.004868999999985,194.0,3.0,8080.0,128.0,3,Malware_Cridex,USTC_TFC_2016
0.013045272727274758,243.91666666666666,6.0,0.14349800000002233,2927.0,12.0,8080.0,96.0,3,Malware_Cridex,USTC_TFC_2016
4.502237999999977,64.66666666666667,6.0,9.004475999999954,194.0,3.0,8080.0,128.0,3,Malware_Cridex,USTC_TFC_2016
0.01369990909091195,236.58333333333334,6.0,0.15069900000003145,2839.0,12.0,8080.0,96.0,3,Malware_Cridex,USTC_TFC_2016
4.499470999999971,64.66666666666667,6.0,8.998941999999943,194.0,3.0,8080.0,128.0,3,Malware_Cridex,USTC_TFC_2016
0.013645909090913929,226.58333333333334,6.0,0.15010500000005322,2719.0,12.0,8080.0,96.0,3,Malware_Cridex,USTC_TFC_2016
4.501541999999972,64.66666666666667,6.0,9.003083999999944,194.0,3.0,8080.0,128.0,3,Malware_Cridex,USTC_TFC_2016
0.013071181818180445,228.58333333333334,6.0,0.1437829999999849,2743.0,12.0,8080.0,96.0,3,Malware_Cridex,USTC_TFC_2016
4.499366000000009,64.66666666666667,6.0,8.998732000000018,194.0,3.0,8080.0,128.0,3,Malware_Cridex,USTC_TFC_2016
0.01370399999999253,232.58333333333334,6.0,0.15074399999991783,2791.0,12.0,8080.0,96.0,3,Malware_Cridex,USTC_TFC_2016
4.498143500000026,64.66666666666667,6.0,8.996287000000052,194.0,3.0,8080.0,128.0,3,Malware_Cridex,USTC_TFC_2016
0.012982545454540494,229.91666666666666,6.0,0.14280799999994542,2759.0,12.0,8080.0,96.0,3,Malware_Cridex,USTC_TFC_2016
4.502361500000006,64.66666666666667,6.0,9.004723000000013,194.0,3.0,8080.0,128.0,3,Malware_Cridex,USTC_TFC_2016
0.014050363636360171,236.25,6.0,0.1545539999999619,2835.0,12.0,8080.0,96.0,3,Malware_Cridex,USTC_TFC_2016
4.502869499999974,64.66666666666667,6.0,9.005738999999949,194.0,3.0,8080.0,128.0,3,Malware_Cridex,USTC_TFC_2016
0.013020272727275866,243.25,6.0,0.14322300000003452,2919.0,12.0,8080.0,96.0,3,Malware_Cridex,USTC_TFC_2016
4.49645049999998,64.66666666666667,6.0,8.99290099999996,194.0,3.0,8080.0,128.0,3,Malware_Cridex,USTC_TFC_2016
0.013680818181817565,225.58333333333334,6.0,0.1504889999999932,2707.0,12.0,8080.0,96.0,3,Malware_Cridex,USTC_TFC_2016
4.5015525000000025,64.66666666666667,6.0,9.003105000000005,194.0,3.0,8080.0,128.0,3,Malware_Cridex,USTC_TFC_2016
0.013677363636361406,230.25,6.0,0.15045099999997547,2763.0,12.0,8080.0,96.0,3,Malware_Cridex,USTC_TFC_2016
4.499536999999975,64.66666666666667,6.0,8.99907399999995,194.0,3.0,8080.0,128.0,3,Malware_Cridex,USTC_TFC_2016
0.014842818181808649,230.58333333333334,6.0,0.16327099999989514,2767.0,12.0,8080.0,96.0,3,Malware_Cridex,USTC_TFC_2016
4.497071000000005,64.66666666666667,6.0,8.99414200000001,194.0,3.0,8080.0,128.0,3,Malware_Cridex,USTC_TFC_2016
0.012960363636363003,224.91666666666666,6.0,0.14256399999999303,2699.0,12.0,8080.0,96.0,3,Malware_Cridex,USTC_TFC_2016
4.499376999999981,64.66666666666667,6.0,8.998753999999963,194.0,3.0,8080.0,128.0,3,Malware_Cridex,USTC_TFC_2016
0.013664363636363223,231.91666666666666,6.0,0.15030799999999545,2783.0,12.0,8080.0,96.0,3,Malware_Cridex,USTC_TFC_2016
4.499036499999988,64.66666666666667,6.0,8.998072999999977,194.0,3.0,8080.0,128.0,3,Malware_Cridex,USTC_TFC_2016
0.013033818181818126,239.25,6.0,0.1433719999999994,2871.0,12.0,8080.0,96.0,3,Malware_Cridex,USTC_TFC_2016
4.499617999999998,64.66666666666667,6.0,8.999235999999996,194.0,3.0,8080.0,128.0,3,Malware_Cridex,USTC_TFC_2016
0.013037999999999722,227.58333333333334,6.0,0.14341799999999694,2731.0,12.0,8080.0,96.0,3,Malware_Cridex,USTC_TFC_2016
183.851943,64.66666666666667,6.0,367.703886,194.0,3.0,8080.0,128.0,3,Malware_Cridex,USTC_TFC_2016
0.01363745454546006,226.91666666666666,6.0,0.15001200000006065,2723.0,12.0,8080.0,96.0,3,Malware_Cridex,USTC_TFC_2016
4.498702999999978,64.66666666666667,6.0,8.997405999999955,194.0,3.0,8080.0,128.0,3,Malware_Cridex,USTC_TFC_2016
0.013684454545455083,234.91666666666666,6.0,0.1505290000000059,2819.0,12.0,8080.0,96.0,3,Malware_Cridex,USTC_TFC_2016
4.4984230000000025,64.66666666666667,6.0,8.996846000000005,194.0,3.0,8080.0,128.0,3,Malware_Cridex,USTC_TFC_2016
0.01367963636363873,243.25,6.0,0.15047600000002603,2919.0,12.0,8080.0,96.0,3,Malware_Cridex,USTC_TFC_2016
4.504198999999971,64.66666666666667,6.0,9.008397999999943,194.0,3.0,8080.0,128.0,3,Malware_Cridex,USTC_TFC_2016
0.016213181818164394,232.25,6.0,0.17834499999980835,2787.0,12.0,8080.0,96.0,3,Malware_Cridex,USTC_TFC_2016
4.497195499999975,64.66666666666667,6.0,8.99439099999995,194.0,3.0,8080.0,128.0,3,Malware_Cridex,USTC_TFC_2016
0.013708818181819217,240.58333333333334,6.0,0.1507970000000114,2887.0,12.0,8080.0,96.0,3,Malware_Cridex,USTC_TFC_2016
4.4993409999999585,64.66666666666667,6.0,8.998681999999917,194.0,3.0,8080.0,128.0,3,Malware_Cridex,USTC_TFC_2016
0.013683181818185569,238.91666666666666,6.0,0.15051500000004125,2867.0,12.0,8080.0,96.0,3,Malware_Cridex,USTC_TFC_2016
4.509178499999962,64.66666666666667,6.0,9.018356999999924,194.0,3.0,8080.0,128.0,3,Malware_Cridex,USTC_TFC_2016
0.013695090909095597,242.91666666666666,6.0,0.15064600000005157,2915.0,12.0,8080.0,96.0,3,Malware_Cridex,USTC_TFC_2016
4.4921620000000075,64.66666666666667,6.0,8.984324000000015,194.0,3.0,8080.0,128.0,3,Malware_Cridex,USTC_TFC_2016
0.013030545454532992,243.91666666666666,6.0,0.1433359999998629,2927.0,12.0,8080.0,96.0,3,Malware_Cridex,USTC_TFC_2016
4.498986999999943,64.66666666666667,6.0,8.997973999999886,194.0,3.0,8080.0,128.0,3,Malware_Cridex,USTC_TFC_2016
0.013676545454534955,243.58333333333334,6.0,0.1504419999998845,2923.0,12.0,8080.0,96.0,3,Malware_Cridex,USTC_TFC_2016
4.504197500000032,64.66666666666667,6.0,9.008395000000064,194.0,3.0,8080.0,128.0,3,Malware_Cridex,USTC_TFC_2016
0.01370945454546431,242.91666666666666,6.0,0.1508040000001074,2915.0,12.0,8080.0,96.0,3,Malware_Cridex,USTC_TFC_2016
4.499424999999974,64.66666666666667,6.0,8.998849999999948,194.0,3.0,8080.0,128.0,3,Malware_Cridex,USTC_TFC_2016
0.013694999999994583,232.25,6.0,0.1506449999999404,2787.0,12.0,8080.0,96.0,3,Malware_Cridex,USTC_TFC_2016
4.497857500000009,64.66666666666667,6.0,8.995715000000018,194.0,3.0,8080.0,128.0,3,Malware_Cridex,USTC_TFC_2016
0.01299254545454625,226.58333333333334,6.0,0.14291800000000876,2719.0,12.0,8080.0,96.0,3,Malware_Cridex,USTC_TFC_2016
4.502945999999952,64.66666666666667,6.0,9.005891999999903,194.0,3.0,8080.0,128.0,3,Malware_Cridex,USTC_TFC_2016
0.012997636363644977,228.25,6.0,0.14297400000009475,2739.0,12.0,8080.0,96.0,3,Malware_Cridex,USTC_TFC_2016
4.498845000000074,64.66666666666667,6.0,8.997690000000148,194.0,3.0,8080.0,128.0,3,Malware_Cridex,USTC_TFC_2016
0.013681363636351307,227.91666666666666,6.0,0.15049499999986438,2735.0,12.0,8080.0,96.0,3,Malware_Cridex,USTC_TFC_2016
4.5023310000000265,64.66666666666667,6.0,9.004662000000053,194.0,3.0,8080.0,128.0,3,Malware_Cridex,USTC_TFC_2016
0.012987636363649553,238.58333333333334,6.0,0.1428640000001451,2863.0,12.0,8080.0,96.0,3,Malware_Cridex,USTC_TFC_2016
4.499082499999986,64.66666666666667,6.0,8.998164999999972,194.0,3.0,8080.0,128.0,3,Malware_Cridex,USTC_TFC_2016
0.013680818181827899,223.91666666666666,6.0,0.1504890000001069,2687.0,12.0,8080.0,96.0,3,Malware_Cridex,USTC_TFC_2016
4.499451000000022,64.66666666666667,6.0,8.998902000000044,194.0,3.0,8080.0,128.0,3,Malware_Cridex,USTC_TFC_2016
0.013008727272728554,238.25,6.0,0.1430960000000141,2859.0,12.0,8080.0,96.0,3,Malware_Cridex,USTC_TFC_2016
4.499855000000025,64.66666666666667,6.0,8.99971000000005,194.0,3.0,8080.0,128.0,3,Malware_Cridex,USTC_TFC_2016
0.013659999999989932,243.25,6.0,0.15025999999988926,2919.0,12.0,8080.0,96.0,3,Malware_Cridex,USTC_TFC_2016
4.499460999999997,64.66666666666667,6.0,8.998921999999993,194.0,3.0,8080.0,128.0,3,Malware_Cridex,USTC_TFC_2016
0.013017999999998541,246.25,6.0,0.14319799999998395,2955.0,12.0,8080.0,96.0,3,Malware_Cridex,USTC_TFC_2016
4.499328500000047,64.66666666666667,6.0,8.998657000000094,194.0,3.0,8080.0,128.0,3,Malware_Cridex,USTC_TFC_2016
0.01302772727273226,242.91666666666666,6.0,0.14330500000005486,2915.0,12.0,8080.0,96.0,3,Malware_Cridex,USTC_TFC_2016
4.498984000000064,64.66666666666667,6.0,8.997968000000128,194.0,3.0,8080.0,128.0,3,Malware_Cridex,USTC_TFC_2016
0.013003727272730843,239.25,6.0,0.14304100000003928,2871.0,12.0,8080.0,96.0,3,Malware_Cridex,USTC_TFC_2016
4.499306499999989,64.66666666666667,6.0,8.998612999999978,194.0,3.0,8080.0,128.0,3,Malware_Cridex,USTC_TFC_2016
0.013730181818201263,228.25,6.0,0.15103200000021388,2739.0,12.0,8080.0,96.0,3,Malware_Cridex,USTC_TFC_2016
4.499057499999935,64.66666666666667,6.0,8.99811499999987,194.0,3.0,8080.0,128.0,3,Malware_Cridex,USTC_TFC_2016
0.013001181818171144,235.25,6.0,0.1430129999998826,2823.0,12.0,8080.0,96.0,3,Malware_Cridex,USTC_TFC_2016
4.501875000000041,64.66666666666667,6.0,9.003750000000082,194.0,3.0,8080.0,128.0,3,Malware_Cridex,USTC_TFC_2016
0.01371009090908873,242.91666666666666,6.0,0.15081099999997605,2915.0,12.0,8080.0,96.0,3,Malware_Cridex,USTC_TFC_2016
4.50253100000009,64.66666666666667,6.0,9.00506200000018,194.0,3.0,8080.0,128.0,3,Malware_Cridex,USTC_TFC_2016
0.013006909090914964,228.58333333333334,6.0,0.1430760000000646,2743.0,12.0,8080.0,96.0,3,Malware_Cridex,USTC_TFC_2016
4.497620500000039,64.66666666666667,6.0,8.995241000000078,194.0,3.0,8080.0,128.0,3,Malware_Cridex,USTC_TFC_2016
0.013002909090904392,232.58333333333334,6.0,0.1430319999999483,2791.0,12.0,8080.0,96.0,3,Malware_Cridex,USTC_TFC_2016
4.499501000000009,64.66666666666667,6.0,8.999002000000019,194.0,3.0,8080.0,128.0,3,Malware_Cridex,USTC_TFC_2016
0.013035636363631718,243.91666666666666,6.0,0.1433919999999489,2927.0,12.0,8080.0,96.0,3,Malware_Cridex,USTC_TFC_2016
4.499167499999999,64.66666666666667,6.0,8.998334999999997,194.0,3.0,8080.0,128.0,3,Malware_Cridex,USTC_TFC_2016
0.013700272727274669,242.91666666666666,6.0,0.15070300000002135,2915.0,12.0,8080.0,96.0,3,Malware_Cridex,USTC_TFC_2016
4.504243499999916,64.66666666666667,6.0,9.008486999999832,194.0,3.0,8080.0,128.0,3,Malware_Cridex,USTC_TFC_2016
0.013784454545450651,239.25,6.0,0.15162899999995716,2871.0,12.0,8080.0,96.0,3,Malware_Cridex,USTC_TFC_2016
4.499388500000009,64.66666666666667,6.0,8.998777000000018,194.0,3.0,8080.0,128.0,3,Malware_Cridex,USTC_TFC_2016
0.012975363636376807,236.25,6.0,0.14272900000014488,2835.0,12.0,8080.0,96.0,3,Malware_Cridex,USTC_TFC_2016
4.499571999999944,64.66666666666667,6.0,8.999143999999887,194.0,3.0,8080.0,128.0,3,Malware_Cridex,USTC_TFC_2016
0.013022000000009111,227.58333333333334,6.0,0.14324200000010023,2731.0,12.0,8080.0,96.0,3,Malware_Cridex,USTC_TFC_2016
4.50473999999997,64.66666666666667,6.0,9.00947999999994,194.0,3.0,8080.0,128.0,3,Malware_Cridex,USTC_TFC_2016
0.013704181818184225,243.91666666666666,6.0,0.15074600000002647,2927.0,12.0,8080.0,96.0,3,Malware_Cridex,USTC_TFC_2016
4.499604999999974,64.66666666666667,6.0,8.999209999999948,194.0,3.0,8080.0,128.0,3,Malware_Cridex,USTC_TFC_2016
0.013924818181811299,232.91666666666666,6.0,0.1531729999999243,2795.0,12.0,8080.0,96.0,3,Malware_Cridex,USTC_TFC_2016
4.499328499999933,64.66666666666667,6.0,8.998656999999866,194.0,3.0,8080.0,128.0,3,Malware_Cridex,USTC_TFC_2016
0.0136583636363577,226.91666666666666,6.0,0.1502419999999347,2723.0,12.0,8080.0,96.0,3,Malware_Cridex,USTC_TFC_2016
4.504593999999997,64.66666666666667,6.0,9.009187999999995,194.0,3.0,8080.0,128.0,3,Malware_Cridex,USTC_TFC_2016
0.013207454545450177,243.91666666666666,6.0,0.14528199999995195,2927.0,12.0,8080.0,96.0,3,Malware_Cridex,USTC_TFC_2016
4.496917999999937,64.66666666666667,6.0,8.993835999999874,194.0,3.0,8080.0,128.0,3,Malware_Cridex,USTC_TFC_2016
0.012995363636367652,228.91666666666666,6.0,0.14294900000004418,2747.0,12.0,8080.0,96.0,3,Malware_Cridex,USTC_TFC_2016
4.498879999999986,64.66666666666667,6.0,8.997759999999971,194.0,3.0,8080.0,128.0,3,Malware_Cridex,USTC_TFC_2016
0.013002454545461329,228.58333333333334,6.0,0.14302700000007462,2743.0,12.0,8080.0,96.0,3,Malware_Cridex,USTC_TFC_2016
4.509398499999975,64.66666666666667,6.0,9.01879699999995,194.0,3.0,8080.0,128.0,3,Malware_Cridex,USTC_TFC_2016
0.013023999999983393,232.58333333333334,6.0,0.14326399999981732,2791.0,12.0,8080.0,96.0,3,Malware_Cridex,USTC_TFC_2016
4.499405000000024,64.66666666666667,6.0,8.998810000000049,194.0,3.0,8080.0,128.0,3,Malware_Cridex,USTC_TFC_2016
0.010994461538477761,220.5,6.0,0.1429280000002109,3087.0,14.0,8080.0,96.0,3,Malware_Cridex,USTC_TFC_2016
4.4990080000000034,64.66666666666667,6.0,8.998016000000007,194.0,3.0,8080.0,128.0,3,Malware_Cridex,USTC_TFC_2016
0.01299672727269684,233.58333333333334,6.0,0.14296399999966525,2803.0,12.0,8080.0,96.0,3,Malware_Cridex,USTC_TFC_2016
4.501705000000129,64.66666666666667,6.0,9.003410000000258,194.0,3.0,8080.0,128.0,3,Malware_Cridex,USTC_TFC_2016
0.013012272727254722,225.25,6.0,0.14313499999980195,2703.0,12.0,8080.0,96.0,3,Malware_Cridex,USTC_TFC_2016
4.496872499999881,64.66666666666667,6.0,8.993744999999763,194.0,3.0,8080.0,128.0,3,Malware_Cridex,USTC_TFC_2016
0.013671727272718603,233.58333333333334,6.0,0.15038899999990463,2803.0,12.0,8080.0,96.0,3,Malware_Cridex,USTC_TFC_2016
4.499588499999845,64.66666666666667,6.0,8.99917699999969,194.0,3.0,8080.0,128.0,3,Malware_Cridex,USTC_TFC_2016
0.013675272727265441,228.58333333333334,6.0,0.15042799999991985,2743.0,12.0,8080.0,96.0,3,Malware_Cridex,USTC_TFC_2016
4.504139000000123,64.66666666666667,6.0,9.008278000000246,194.0,3.0,8080.0,128.0,3,Malware_Cridex,USTC_TFC_2016
0.013681909090916055,242.91666666666666,6.0,0.1505010000000766,2915.0,12.0,8080.0,96.0,3,Malware_Cridex,USTC_TFC_2016
4.499152999999978,64.66666666666667,6.0,8.998305999999957,194.0,3.0,8080.0,128.0,3,Malware_Cridex,USTC_TFC_2016
0.012990999999973692,243.91666666666666,6.0,0.14290099999971062,2927.0,12.0,8080.0,96.0,3,Malware_Cridex,USTC_TFC_2016
4.499626499999977,64.66666666666667,6.0,8.999252999999953,194.0,3.0,8080.0,128.0,3,Malware_Cridex,USTC_TFC_2016
0.013683909090890334,224.91666666666666,6.0,0.15052299999979368,2699.0,12.0,8080.0,96.0,3,Malware_Cridex,USTC_TFC_2016
4.4989934999998695,64.66666666666667,6.0,8.997986999999739,194.0,3.0,8080.0,128.0,3,Malware_Cridex,USTC_TFC_2016
0.013698181818199373,242.91666666666666,6.0,0.1506800000001931,2915.0,12.0,8080.0,96.0,3,Malware_Cridex,USTC_TFC_2016
4.498295999999982,64.66666666666667,6.0,8.996591999999964,194.0,3.0,8080.0,128.0,3,Malware_Cridex,USTC_TFC_2016
0.013691727272709448,230.25,6.0,0.15060899999980393,2763.0,12.0,8080.0,96.0,3,Malware_Cridex,USTC_TFC_2016
4.5015789999999924,64.66666666666667,6.0,9.003157999999985,194.0,3.0,8080.0,128.0,3,Malware_Cridex,USTC_TFC_2016
0.013679545454537716,242.91666666666666,6.0,0.15047499999991487,2915.0,12.0,8080.0,96.0,3,Malware_Cridex,USTC_TFC_2016
4.501782000000048,64.66666666666667,6.0,9.003564000000097,194.0,3.0,8080.0,128.0,3,Malware_Cridex,USTC_TFC_2016
0.013689363636372449,237.58333333333334,6.0,0.15058300000009694,2851.0,12.0,8080.0,96.0,3,Malware_Cridex,USTC_TFC_2016
4.499411499999951,64.66666666666667,6.0,8.998822999999902,194.0,3.0,8080.0,128.0,3,Malware_Cridex,USTC_TFC_2016
0.012977181818190398,242.91666666666666,6.0,0.14274900000009438,2915.0,12.0,8080.0,96.0,3,Malware_Cridex,USTC_TFC_2016
4.499207500000011,64.66666666666667,6.0,8.998415000000023,194.0,3.0,8080.0,128.0,3,Malware_Cridex,USTC_TFC_2016
0.013670000000026696,226.58333333333334,6.0,0.15037000000029366,2719.0,12.0,8080.0,96.0,3,Malware_Cridex,USTC_TFC_2016
4.499439500000108,64.66666666666667,6.0,8.998879000000215,194.0,3.0,8080.0,128.0,3,Malware_Cridex,USTC_TFC_2016
0.012997818181784996,229.25,6.0,0.14297599999963495,2751.0,12.0,8080.0,96.0,3,Malware_Cridex,USTC_TFC_2016
4.499588500000073,64.66666666666667,6.0,8.999177000000145,194.0,3.0,8080.0,128.0,3,Malware_Cridex,USTC_TFC_2016
0.01368618181818833,230.91666666666666,6.0,0.15054800000007162,2771.0,12.0,8080.0,96.0,3,Malware_Cridex,USTC_TFC_2016
4.499333499999921,64.66666666666667,6.0,8.998666999999841,194.0,3.0,8080.0,128.0,3,Malware_Cridex,USTC_TFC_2016
0.01368063636366721,229.91666666666666,6.0,0.15048700000033932,2759.0,12.0,8080.0,96.0,3,Malware_Cridex,USTC_TFC_2016
4.501915999999937,64.66666666666667,6.0,9.003831999999875,194.0,3.0,8080.0,128.0,3,Malware_Cridex,USTC_TFC_2016
0.013688727272727358,242.25,6.0,0.15057600000000093,2907.0,12.0,8080.0,96.0,3,Malware_Cridex,USTC_TFC_2016
4.504108500000029,64.66666666666667,6.0,9.008217000000059,194.0,3.0,8080.0,128.0,3,Malware_Cridex,USTC_TFC_2016
0.012965545454542073,246.91666666666666,6.0,0.1426209999999628,2963.0,12.0,8080.0,96.0,3,Malware_Cridex,USTC_TFC_2016
4.498633999999811,64.66666666666667,6.0,8.997267999999622,194.0,3.0,8080.0,128.0,3,Malware_Cridex,USTC_TFC_2016
0.013699363636326532,244.91666666666666,6.0,0.15069299999959185,2939.0,12.0,8080.0,96.0,3,Malware_Cridex,USTC_TFC_2016
4.502201499999956,64.66666666666667,6.0,9.004402999999911,194.0,3.0,8080.0,128.0,3,Malware_Cridex,USTC_TFC_2016
0.013007909090943444,243.91666666666666,6.0,0.14308700000037788,2927.0,12.0,8080.0,96.0,3,Malware_Cridex,USTC_TFC_2016
4.502616999999873,64.66666666666667,6.0,9.005233999999746,194.0,3.0,8080.0,128.0,3,Malware_Cridex,USTC_TFC_2016
0.013040636363629428,233.25,6.0,0.14344699999992372,2799.0,12.0,8080.0,96.0,3,Malware_Cridex,USTC_TFC_2016
4.49816450000003,64.66666666666667,6.0,8.99632900000006,194.0,3.0,8080.0,128.0,3,Malware_Cridex,USTC_TFC_2016
0.013076545454540874,227.91666666666666,6.0,0.14384199999994962,2735.0,12.0,8080.0,96.0,3,Malware_Cridex,USTC_TFC_2016
4.498990000000049,64.66666666666667,6.0,8.997980000000098,194.0,3.0,8080.0,128.0,3,Malware_Cridex,USTC_TFC_2016
0.013680272727263153,230.25,6.0,0.15048299999989467,2763.0,12.0,8080.0,96.0,3,Malware_Cridex,USTC_TFC_2016
4.5021580000000085,64.66666666666667,6.0,9.004316000000017,194.0,3.0,8080.0,128.0,3,Malware_Cridex,USTC_TFC_2016
0.013680909090908244,229.58333333333334,6.0,0.1504899999999907,2755.0,12.0,8080.0,96.0,3,Malware_Cridex,USTC_TFC_2016
4.497873000000027,64.66666666666667,6.0,8.995746000000054,194.0,3.0,8080.0,128.0,3,Malware_Cridex,USTC_TFC_2016
0.012977818181835491,236.58333333333334,6.0,0.1427560000001904,2839.0,12.0,8080.0,96.0,3,Malware_Cridex,USTC_TFC_2016
4.4992015000000265,64.66666666666667,6.0,8.998403000000053,194.0,3.0,8080.0,128.0,3,Malware_Cridex,USTC_TFC_2016
0.012979454545447052,236.91666666666666,6.0,0.14277399999991758,2843.0,12.0,8080.0,96.0,3,Malware_Cridex,USTC_TFC_2016
4.504406499999959,64.66666666666667,6.0,9.008812999999918,194.0,3.0,8080.0,128.0,3,Malware_Cridex,USTC_TFC_2016
0.013014454545431032,230.58333333333334,6.0,0.14315899999974135,2767.0,12.0,8080.0,96.0,3,Malware_Cridex,USTC_TFC_2016
4.499388500000123,64.66666666666667,6.0,8.998777000000246,194.0,3.0,8080.0,128.0,3,Malware_Cridex,USTC_TFC_2016
0.013688727272727358,231.91666666666666,6.0,0.15057600000000093,2783.0,12.0,8080.0,96.0,3,Malware_Cridex,USTC_TFC_2016
4.4993394999999055,64.66666666666667,6.0,8.998678999999811,194.0,3.0,8080.0,128.0,3,Malware_Cridex,USTC_TFC_2016
0.013056727272710717,225.58333333333334,6.0,0.1436239999998179,2707.0,12.0,8080.0,96.0,3,Malware_Cridex,USTC_TFC_2016
4.509005999999999,64.66666666666667,6.0,9.018011999999999,194.0,3.0,8080.0,128.0,3,Malware_Cridex,USTC_TFC_2016
0.012961272727269798,244.91666666666666,6.0,0.14257399999996778,2939.0,12.0,8080.0,96.0,3,Malware_Cridex,USTC_TFC_2016
4.4992505000000165,64.66666666666667,6.0,8.998501000000033,194.0,3.0,8080.0,128.0,3,Malware_Cridex,USTC_TFC_2016
0.013677818181845809,224.91666666666666,6.0,0.1504560000003039,2699.0,12.0,8080.0,96.0,3,Malware_Cridex,USTC_TFC_2016
4.49920249999991,64.66666666666667,6.0,8.99840499999982,194.0,3.0,8080.0,128.0,3,Malware_Cridex,USTC_TFC_2016
0.013820090909079723,243.91666666666666,6.0,0.15202099999987695,2927.0,12.0,8080.0,96.0,3,Malware_Cridex,USTC_TFC_2016
4.509054999999989,64.66666666666667,6.0,9.018109999999979,194.0,3.0,8080.0,128.0,3,Malware_Cridex,USTC_TFC_2016
0.013641818181812678,231.25,6.0,0.15005999999993946,2775.0,12.0,8080.0,96.0,3,Malware_Cridex,USTC_TFC_2016
4.499261999999817,64.66666666666667,6.0,8.998523999999634,194.0,3.0,8080.0,128.0,3,Malware_Cridex,USTC_TFC_2016
0.01369672727270716,224.91666666666666,6.0,0.15066399999977875,2699.0,12.0,8080.0,96.0,3,Malware_Cridex,USTC_TFC_2016
4.502611999999999,64.66666666666667,6.0,9.005223999999998,194.0,3.0,8080.0,128.0,3,Malware_Cridex,USTC_TFC_2016
0.01369036363638026,229.58333333333334,6.0,0.15059400000018286,2755.0,12.0,8080.0,96.0,3,Malware_Cridex,USTC_TFC_2016
4.503022000000101,64.66666666666667,6.0,9.006044000000202,194.0,3.0,8080.0,128.0,3,Malware_Cridex,USTC_TFC_2016
0.013688545454525329,226.91666666666666,6.0,0.1505739999997786,2723.0,12.0,8080.0,96.0,3,Malware_Cridex,USTC_TFC_2016
4.498398499999894,64.66666666666667,6.0,8.996796999999788,194.0,3.0,8080.0,128.0,3,Malware_Cridex,USTC_TFC_2016
0.013731545454571791,227.25,6.0,0.1510470000002897,2727.0,12.0,8080.0,96.0,3,Malware_Cridex,USTC_TFC_2016
4.499216500000102,64.66666666666667,6.0,8.998433000000205,194.0,3.0,8080.0,128.0,3,Malware_Cridex,USTC_TFC_2016
0.01365718181816853,229.91666666666666,6.0,0.15022899999985384,2759.0,12.0,8080.0,96.0,3,Malware_Cridex,USTC_TFC_2016
4.501266499999929,64.66666666666667,6.0,9.002532999999858,194.0,3.0,8080.0,128.0,3,Malware_Cridex,USTC_TFC_2016
0.012990272727248257,243.58333333333334,6.0,0.14289299999973082,2923.0,12.0,8080.0,96.0,3,Malware_Cridex,USTC_TFC_2016
4.4993550000001505,64.66666666666667,6.0,8.998710000000301,194.0,3.0,8080.0,128.0,3,Malware_Cridex,USTC_TFC_2016
0.012975909090900213,232.25,6.0,0.14273499999990236,2787.0,12.0,8080.0,96.0,3,Malware_Cridex,USTC_TFC_2016
4.499348999999938,64.66666666666667,6.0,8.998697999999877,194.0,3.0,8080.0,128.0,3,Malware_Cridex,USTC_TFC_2016
0.013018818181824992,230.58333333333334,6.0,0.1432070000000749,2767.0,12.0,8080.0,96.0,3,Malware_Cridex,USTC_TFC_2016
4.498881499999925,64.66666666666667,6.0,8.99776299999985,194.0,3.0,8080.0,128.0,3,Malware_Cridex,USTC_TFC_2016
0.013648636363665322,242.91666666666666,6.0,0.15013500000031854,2915.0,12.0,8080.0,96.0,3,Malware_Cridex,USTC_TFC_2016
4.499238499999819,64.66666666666667,6.0,8.998476999999639,194.0,3.0,8080.0,128.0,3,Malware_Cridex,USTC_TFC_2016
0.013688090909082266,225.91666666666666,6.0,0.15056899999990492,2711.0,12.0,8080.0,96.0,3,Malware_Cridex,USTC_TFC_2016
4.497677500000009,64.66666666666667,6.0,8.995355000000018,194.0,3.0,8080.0,128.0,3,Malware_Cridex,USTC_TFC_2016
0.013685909090905956,242.91666666666666,6.0,0.1505449999999655,2915.0,12.0,8080.0,96.0,3,Malware_Cridex,USTC_TFC_2016
4.503086500000109,64.66666666666667,6.0,9.006173000000217,194.0,3.0,8080.0,128.0,3,Malware_Cridex,USTC_TFC_2016
0.013005000000000357,229.58333333333334,6.0,0.14305500000000393,2755.0,12.0,8080.0,96.0,3,Malware_Cridex,USTC_TFC_2016
4.4996485000001485,64.66666666666667,6.0,8.999297000000297,194.0,3.0,8080.0,128.0,3,Malware_Cridex,USTC_TFC_2016
0.013002090909098611,234.91666666666666,6.0,0.14302300000008472,2819.0,12.0,8080.0,96.0,3,Malware_Cridex,USTC_TFC_2016
4.499026999999842,64.66666666666667,6.0,8.998053999999684,194.0,3.0,8080.0,128.0,3,Malware_Cridex,USTC_TFC_2016
0.012987999999991602,247.25,6.0,0.14286799999990762,2967.0,12.0,8080.0,96.0,3,Malware_Cridex,USTC_TFC_2016
4.49943600000006,64.66666666666667,6.0,8.99887200000012,194.0,3.0,8080.0,128.0,3,Malware_Cridex,USTC_TFC_2016
0.01303727272728462,226.25,6.0,0.14341000000013082,2715.0,12.0,8080.0,96.0,3,Malware_Cridex,USTC_TFC_2016
4.504210000000057,64.66666666666667,6.0,9.008420000000115,194.0,3.0,8080.0,128.0,3,Malware_Cridex,USTC_TFC_2016
0.01300527272728273,225.25,6.0,0.14305800000011004,2703.0,12.0,8080.0,96.0,3,Malware_Cridex,USTC_TFC_2016
4.499313000000029,64.66666666666667,6.0,8.998626000000058,194.0,3.0,8080.0,128.0,3,Malware_Cridex,USTC_TFC_2016
0.013000909090888772,238.25,6.0,0.14300999999977648,2859.0,12.0,8080.0,96.0,3,Malware_Cridex,USTC_TFC_2016
4.503602999999885,64.66666666666667,6.0,9.00720599999977,194.0,3.0,8080.0,128.0,3,Malware_Cridex,USTC_TFC_2016
0.013684454545455083,234.91666666666666,6.0,0.1505290000000059,2819.0,12.0,8080.0,96.0,3,Malware_Cridex,USTC_TFC_2016
4.502148999999918,64.66666666666667,6.0,9.004297999999835,194.0,3.0,8080.0,128.0,3,Malware_Cridex,USTC_TFC_2016
0.013670818181832477,238.25,6.0,0.15037900000015725,2859.0,12.0,8080.0,96.0,3,Malware_Cridex,USTC_TFC_2016
4.497294499999953,64.66666666666667,6.0,8.994588999999905,194.0,3.0,8080.0,128.0,3,Malware_Cridex,USTC_TFC_2016
0.013021181818203331,240.91666666666666,6.0,0.14323300000023664,2891.0,12.0,8080.0,96.0,3,Malware_Cridex,USTC_TFC_2016
4.499389500000007,64.66666666666667,6.0,8.998779000000013,194.0,3.0,8080.0,128.0,3,Malware_Cridex,USTC_TFC_2016
0.013082909090909116,230.58333333333334,6.0,0.14391200000000026,2767.0,12.0,8080.0,96.0,3,Malware_Cridex,USTC_TFC_2016
4.504228000000012,64.66666666666667,6.0,9.008456000000024,194.0,3.0,8080.0,128.0,3,Malware_Cridex,USTC_TFC_2016
0.012994454545481527,232.25,6.0,0.1429390000002968,2787.0,12.0,8080.0,96.0,3,Malware_Cridex,USTC_TFC_2016
4.497102499999983,64.66666666666667,6.0,8.994204999999965,194.0,3.0,8080.0,128.0,3,Malware_Cridex,USTC_TFC_2016
0.01369254545455657,226.58333333333334,6.0,0.15061800000012227,2719.0,12.0,8080.0,96.0,3,Malware_Cridex,USTC_TFC_2016
4.498262000000068,64.66666666666667,6.0,8.996524000000136,194.0,3.0,8080.0,128.0,3,Malware_Cridex,USTC_TFC_2016
0.01301163636365097,243.91666666666666,6.0,0.14312800000016068,2927.0,12.0,8080.0,96.0,3,Malware_Cridex,USTC_TFC_2016
4.502114999999776,64.66666666666667,6.0,9.004229999999552,194.0,3.0,8080.0,128.0,3,Malware_Cridex,USTC_TFC_2016
0.013700999999979434,239.58333333333334,6.0,0.15071099999977378,2875.0,12.0,8080.0,96.0,3,Malware_Cridex,USTC_TFC_2016
4.497214499999927,64.66666666666667,6.0,8.994428999999855,194.0,3.0,8080.0,128.0,3,Malware_Cridex,USTC_TFC_2016
0.013676090909071221,233.58333333333334,6.0,0.15043699999978344,2803.0,12.0,8080.0,96.0,3,Malware_Cridex,USTC_TFC_2016
4.5023470000001,64.66666666666667,6.0,9.0046940000002,194.0,3.0,8080.0,128.0,3,Malware_Cridex,USTC_TFC_2016
0.013014636363674403,236.91666666666666,6.0,0.14316100000041843,2843.0,12.0,8080.0,96.0,3,Malware_Cridex,USTC_TFC_2016
4.509129999999914,64.66666666666667,6.0,9.018259999999827,194.0,3.0,8080.0,128.0,3,Malware_Cridex,USTC_TFC_2016
0.013011727272731316,243.25,6.0,0.14312900000004447,2919.0,12.0,8080.0,96.0,3,Malware_Cridex,USTC_TFC_2016
4.499074999999948,64.66666666666667,6.0,8.998149999999896,194.0,3.0,8080.0,128.0,3,Malware_Cridex,USTC_TFC_2016
0.012991999999981503,242.91666666666666,6.0,0.14291199999979654,2915.0,12.0,8080.0,96.0,3,Malware_Cridex,USTC_TFC_2016
4.501987999999983,64.66666666666667,6.0,9.003975999999966,194.0,3.0,8080.0,128.0,3,Malware_Cridex,USTC_TFC_2016
0.012984272727284075,244.91666666666666,6.0,0.14282700000012483,2939.0,12.0,8080.0,96.0,3,Malware_Cridex,USTC_TFC_2016
4.5077470000001085,64.66666666666667,6.0,9.015494000000217,194.0,3.0,8080.0,128.0,3,Malware_Cridex,USTC_TFC_2016
0.013751545454562636,242.91666666666666,6.0,0.151267000000189,2915.0,12.0,8080.0,96.0,3,Malware_Cridex,USTC_TFC_2016
4.498676500000101,64.66666666666667,6.0,8.997353000000203,194.0,3.0,8080.0,128.0,3,Malware_Cridex,USTC_TFC_2016
0.013687454545437173,226.91666666666666,6.0,0.1505619999998089,2723.0,12.0,8080.0,96.0,3,Malware_Cridex,USTC_TFC_2016
4.499268000000029,64.66666666666667,6.0,8.998536000000058,194.0,3.0,8080.0,128.0,3,Malware_Cridex,USTC_TFC_2016
0.013007909090943444,227.91666666666666,6.0,0.14308700000037788,2735.0,12.0,8080.0,96.0,3,Malware_Cridex,USTC_TFC_2016
4.502334999999903,64.66666666666667,6.0,9.004669999999805,194.0,3.0,8080.0,128.0,3,Malware_Cridex,USTC_TFC_2016
0.01303190909088285,237.25,6.0,0.14335099999971135,2847.0,12.0,8080.0,96.0,3,Malware_Cridex,USTC_TFC_2016
4.4971210000001065,64.66666666666667,6.0,8.994242000000213,194.0,3.0,8080.0,128.0,3,Malware_Cridex,USTC_TFC_2016
0.012984727272727137,243.91666666666666,6.0,0.14283199999999852,2927.0,12.0,8080.0,96.0,3,Malware_Cridex,USTC_TFC_2016
4.499082999999928,64.66666666666667,6.0,8.998165999999856,194.0,3.0,8080.0,128.0,3,Malware_Cridex,USTC_TFC_2016
0.01302536363635392,242.58333333333334,6.0,0.14327899999989313,2911.0,12.0,8080.0,96.0,3,Malware_Cridex,USTC_TFC_2016
4.499587999999903,64.66666666666667,6.0,8.999175999999807,194.0,3.0,8080.0,128.0,3,Malware_Cridex,USTC_TFC_2016
0.013042363636362676,229.91666666666666,6.0,0.14346599999998944,2759.0,12.0,8080.0,96.0,3,Malware_Cridex,USTC_TFC_2016
4.499303499999996,64.66666666666667,6.0,8.998606999999993,194.0,3.0,8080.0,128.0,3,Malware_Cridex,USTC_TFC_2016
0.012997727272745991,233.58333333333334,6.0,0.1429750000002059,2803.0,12.0,8080.0,96.0,3,Malware_Cridex,USTC_TFC_2016
4.501952999999958,64.66666666666667,6.0,9.003905999999915,194.0,3.0,8080.0,128.0,3,Malware_Cridex,USTC_TFC_2016
0.013744999999992367,229.58333333333334,6.0,0.15119499999991604,2755.0,12.0,8080.0,96.0,3,Malware_Cridex,USTC_TFC_2016
4.499270999999908,64.66666666666667,6.0,8.998541999999816,194.0,3.0,8080.0,128.0,3,Malware_Cridex,USTC_TFC_2016
0.013708090909114451,225.25,6.0,0.15078900000025897,2703.0,12.0,8080.0,96.0,3,Malware_Cridex,USTC_TFC_2016
4.497159000000011,64.66666666666667,6.0,8.994318000000021,194.0,3.0,8080.0,128.0,3,Malware_Cridex,USTC_TFC_2016
0.013692454545476225,227.91666666666666,6.0,0.15061700000023848,2735.0,12.0,8080.0,96.0,3,Malware_Cridex,USTC_TFC_2016
4.497992500000009,64.66666666666667,6.0,8.995985000000019,194.0,3.0,8080.0,128.0,3,Malware_Cridex,USTC_TFC_2016
0.01301718181817209,224.91666666666666,6.0,0.14318899999989299,2699.0,12.0,8080.0,96.0,3,Malware_Cridex,USTC_TFC_2016
4.502200500000072,64.66666666666667,6.0,9.004401000000144,194.0,3.0,8080.0,128.0,3,Malware_Cridex,USTC_TFC_2016
0.01299927272727721,238.91666666666666,6.0,0.1429920000000493,2867.0,12.0,8080.0,96.0,3,Malware_Cridex,USTC_TFC_2016
4.49679500000002,64.66666666666667,6.0,8.99359000000004,194.0,3.0,8080.0,128.0,3,Malware_Cridex,USTC_TFC_2016
0.01365454545454916,227.25,6.0,0.15020000000004075,2727.0,12.0,8080.0,96.0,3,Malware_Cridex,USTC_TFC_2016
4.497349999999869,64.66666666666667,6.0,8.994699999999739,194.0,3.0,8080.0,128.0,3,Malware_Cridex,USTC_TFC_2016
0.013709909090886702,234.58333333333334,6.0,0.15080899999975372,2815.0,12.0,8080.0,96.0,3,Malware_Cridex,USTC_TFC_2016
4.499533000000156,64.66666666666667,6.0,8.999066000000312,194.0,3.0,8080.0,128.0,3,Malware_Cridex,USTC_TFC_2016
0.013001818181816237,228.25,6.0,0.1430199999999786,2739.0,12.0,8080.0,96.0,3,Malware_Cridex,USTC_TFC_2016
4.503126000000066,64.66666666666667,6.0,9.006252000000131,194.0,3.0,8080.0,128.0,3,Malware_Cridex,USTC_TFC_2016
0.013651909090888446,243.91666666666666,6.0,0.1501709999997729,2927.0,12.0,8080.0,96.0,3,Malware_Cridex,USTC_TFC_2016
4.499324500000057,64.66666666666667,6.0,8.998649000000114,194.0,3.0,8080.0,128.0,3,Malware_Cridex,USTC_TFC_2016
0.013664090909101518,241.91666666666666,6.0,0.1503050000001167,2903.0,12.0,8080.0,96.0,3,Malware_Cridex,USTC_TFC_2016
4.49924400000009,64.66666666666667,6.0,8.99848800000018,194.0,3.0,8080.0,128.0,3,Malware_Cridex,USTC_TFC_2016
0.013675181818185096,237.58333333333334,6.0,0.15042700000003606,2851.0,12.0,8080.0,96.0,3,Malware_Cridex,USTC_TFC_2016
4.502930500000048,64.66666666666667,6.0,9.005861000000095,194.0,3.0,8080.0,128.0,3,Malware_Cridex,USTC_TFC_2016
0.01366054545451334,229.25,6.0,0.15026599999964674,2751.0,12.0,8080.0,96.0,3,Malware_Cridex,USTC_TFC_2016
4.499375500000042,64.66666666666667,6.0,8.998751000000084,194.0,3.0,8080.0,128.0,3,Malware_Cridex,USTC_TFC_2016
0.013710272727249421,226.58333333333334,6.0,0.15081299999974362,2719.0,12.0,8080.0,96.0,3,Malware_Cridex,USTC_TFC_2016
4.498994999999923,64.66666666666667,6.0,8.997989999999845,194.0,3.0,8080.0,128.0,3,Malware_Cridex,USTC_TFC_2016
0.012977363636392429,225.91666666666666,6.0,0.1427510000003167,2711.0,12.0,8080.0,96.0,3,Malware_Cridex,USTC_TFC_2016
4.5041060000000925,64.66666666666667,6.0,9.008212000000185,194.0,3.0,8080.0,128.0,3,Malware_Cridex,USTC_TFC_2016
0.01306909090908448,242.91666666666666,6.0,0.14375999999992928,2915.0,12.0,8080.0,96.0,3,Malware_Cridex,USTC_TFC_2016
4.496675000000096,64.66666666666667,6.0,8.993350000000191,194.0,3.0,8080.0,128.0,3,Malware_Cridex,USTC_TFC_2016
0.01368400000005336,234.25,6.0,0.15052400000058697,2811.0,12.0,8080.0,96.0,3,Malware_Cridex,USTC_TFC_2016
4.4990710000001854,64.66666666666667,6.0,8.998142000000371,194.0,3.0,8080.0,128.0,3,Malware_Cridex,USTC_TFC_2016
0.013670999999951826,231.91666666666666,6.0,0.15038099999947008,2783.0,12.0,8080.0,96.0,3,Malware_Cridex,USTC_TFC_2016
4.504343000000063,64.66666666666667,6.0,9.008686000000125,194.0,3.0,8080.0,128.0,3,Malware_Cridex,USTC_TFC_2016
0.012993272727230347,226.91666666666666,6.0,0.14292599999953381,2723.0,12.0,8080.0,96.0,3,Malware_Cridex,USTC_TFC_2016
4.497518500000297,64.66666666666667,6.0,8.995037000000593,194.0,3.0,8080.0,128.0,3,Malware_Cridex,USTC_TFC_2016
0.013663272727254398,230.25,6.0,0.15029599999979837,2763.0,12.0,8080.0,96.0,3,Malware_Cridex,USTC_TFC_2016
4.49922050000032,64.66666666666667,6.0,8.99844100000064,194.0,3.0,8080.0,128.0,3,Malware_Cridex,USTC_TFC_2016
0.013012454545456752,231.58333333333334,6.0,0.14313700000002427,2779.0,12.0,8080.0,96.0,3,Malware_Cridex,USTC_TFC_2016
4.504179999999906,64.66666666666667,6.0,9.008359999999811,194.0,3.0,8080.0,128.0,3,Malware_Cridex,USTC_TFC_2016
0.013701636363624526,236.91666666666666,6.0,0.1507179999998698,2843.0,12.0,8080.0,96.0,3,Malware_Cridex,USTC_TFC_2016
4.4995435000000725,64.66666666666667,6.0,8.999087000000145,194.0,3.0,8080.0,128.0,3,Malware_Cridex,USTC_TFC_2016
0.013707909090953763,233.91666666666666,6.0,0.1507870000004914,2807.0,12.0,8080.0,96.0,3,Malware_Cridex,USTC_TFC_2016
4.498122500000136,64.66666666666667,6.0,8.996245000000272,194.0,3.0,8080.0,128.0,3,Malware_Cridex,USTC_TFC_2016
0.013658090909054656,242.91666666666666,6.0,0.15023899999960122,2915.0,12.0,8080.0,96.0,3,Malware_Cridex,USTC_TFC_2016
4.504311000000143,64.66666666666667,6.0,9.008622000000287,194.0,3.0,8080.0,128.0,3,Malware_Cridex,USTC_TFC_2016
0.013018818181824992,229.91666666666666,6.0,0.1432070000000749,2759.0,12.0,8080.0,96.0,3,Malware_Cridex,USTC_TFC_2016
4.498908999999912,64.66666666666667,6.0,8.997817999999825,194.0,3.0,8080.0,128.0,3,Malware_Cridex,USTC_TFC_2016
0.013676999999998688,232.25,6.0,0.15044699999998556,2787.0,12.0,8080.0,96.0,3,Malware_Cridex,USTC_TFC_2016
4.499401499999749,64.66666666666667,6.0,8.998802999999498,194.0,3.0,8080.0,128.0,3,Malware_Cridex,USTC_TFC_2016
0.013728454545426675,237.91666666666666,6.0,0.15101299999969342,2855.0,12.0,8080.0,96.0,3,Malware_Cridex,USTC_TFC_2016
4.4993970000000445,64.66666666666667,6.0,8.998794000000089,194.0,3.0,8080.0,128.0,3,Malware_Cridex,USTC_TFC_2016
0.013021272727283676,226.25,6.0,0.14323400000012043,2715.0,12.0,8080.0,96.0,3,Malware_Cridex,USTC_TFC_2016
4.499792499999785,64.66666666666667,6.0,8.99958499999957,194.0,3.0,8080.0,128.0,3,Malware_Cridex,USTC_TFC_2016
0.013176727272697131,231.25,6.0,0.14494399999966845,2775.0,12.0,8080.0,96.0,3,Malware_Cridex,USTC_TFC_2016
4.502089000000069,64.66666666666667,6.0,9.004178000000138,194.0,3.0,8080.0,128.0,3,Malware_Cridex,USTC_TFC_2016
0.013673909090936253,243.58333333333334,6.0,0.15041300000029878,2923.0,12.0,8080.0,96.0,3,Malware_Cridex,USTC_TFC_2016
4.502777000000151,64.66666666666667,6.0,9.005554000000302,194.0,3.0,8080.0,128.0,3,Malware_Cridex,USTC_TFC_2016
0.012979090909125674,239.58333333333334,6.0,0.14277000000038242,2875.0,12.0,8080.0,96.0,3,Malware_Cridex,USTC_TFC_2016
4.4969129999999495,64.66666666666667,6.0,8.993825999999899,194.0,3.0,8080.0,128.0,3,Malware_Cridex,USTC_TFC_2016
0.013025636363636295,227.91666666666666,6.0,0.14328199999999924,2735.0,12.0,8080.0,96.0,3,Malware_Cridex,USTC_TFC_2016
4.499444499999754,64.66666666666667,6.0,8.998888999999508,194.0,3.0,8080.0,128.0,3,Malware_Cridex,USTC_TFC_2016
0.012989909090885538,226.58333333333334,6.0,0.14288899999974092,2719.0,12.0,8080.0,96.0,3,Malware_Cridex,USTC_TFC_2016
4.499379999999746,64.66666666666667,6.0,8.998759999999493,194.0,3.0,8080.0,128.0,3,Malware_Cridex,USTC_TFC_2016
0.013687545454558858,234.58333333333334,6.0,0.15056300000014744,2815.0,12.0,8080.0,96.0,3,Malware_Cridex,USTC_TFC_2016
4.499564499999906,64.66666666666667,6.0,8.999128999999812,194.0,3.0,8080.0,128.0,3,Malware_Cridex,USTC_TFC_2016
0.013009636363676691,230.25,6.0,0.1431060000004436,2763.0,12.0,8080.0,96.0,3,Malware_Cridex,USTC_TFC_2016
4.501909000000069,64.66666666666667,6.0,9.003818000000138,194.0,3.0,8080.0,128.0,3,Malware_Cridex,USTC_TFC_2016
0.01366909090914057,229.91666666666666,6.0,0.15036000000054628,2759.0,12.0,8080.0,96.0,3,Malware_Cridex,USTC_TFC_2016
4.499472500000138,64.66666666666667,6.0,8.998945000000276,194.0,3.0,8080.0,128.0,3,Malware_Cridex,USTC_TFC_2016
0.013018181818138559,244.58333333333334,6.0,0.14319999999952415,2935.0,12.0,8080.0,96.0,3,Malware_Cridex,USTC_TFC_2016
4.499329499999931,64.66666666666667,6.0,8.998658999999861,194.0,3.0,8080.0,128.0,3,Malware_Cridex,USTC_TFC_2016
0.01371381818179626,234.58333333333334,6.0,0.15085199999975885,2815.0,12.0,8080.0,96.0,3,Malware_Cridex,USTC_TFC_2016
4.4984104999998635,64.66666666666667,6.0,8.996820999999727,194.0,3.0,8080.0,128.0,3,Malware_Cridex,USTC_TFC_2016
0.013659000000023463,242.91666666666666,6.0,0.1502490000002581,2915.0,12.0,8080.0,96.0,3,Malware_Cridex,USTC_TFC_2016
4.499043000000256,64.66666666666667,6.0,8.998086000000512,194.0,3.0,8080.0,128.0,3,Malware_Cridex,USTC_TFC_2016
0.013657909090893967,231.25,6.0,0.15023699999983364,2775.0,12.0,8080.0,96.0,3,Malware_Cridex,USTC_TFC_2016
4.503429500000038,64.66666666666667,6.0,9.006859000000077,194.0,3.0,8080.0,128.0,3,Malware_Cridex,USTC_TFC_2016
0.013284727272713842,231.58333333333334,6.0,0.14613199999985227,2779.0,12.0,8080.0,96.0,3,Malware_Cridex,USTC_TFC_2016
4.49867200000017,64.66666666666667,6.0,8.99734400000034,194.0,3.0,8080.0,128.0,3,Malware_Cridex,USTC_TFC_2016
0.013749909090868394,235.25,6.0,0.15124899999955232,2823.0,12.0,8080.0,96.0,3,Malware_Cridex,USTC_TFC_2016
4.502028500000051,64.66666666666667,6.0,9.004057000000103,194.0,3.0,8080.0,128.0,3,Malware_Cridex,USTC_TFC_2016
0.013702999999953714,244.25,6.0,0.15073299999949086,2931.0,12.0,8080.0,96.0,3,Malware_Cridex,USTC_TFC_2016
4.504245000000083,64.66666666666667,6.0,9.008490000000165,194.0,3.0,8080.0,128.0,3,Malware_Cridex,USTC_TFC_2016
0.01299745454550496,227.58333333333334,6.0,0.14297200000055454,2731.0,12.0,8080.0,96.0,3,Malware_Cridex,USTC_TFC_2016
4.498001499999646,64.66666666666667,6.0,8.996002999999291,194.0,3.0,8080.0,128.0,3,Malware_Cridex,USTC_TFC_2016
0.01297681818182768,227.58333333333334,6.0,0.14274500000010448,2731.0,12.0,8080.0,96.0,3,Malware_Cridex,USTC_TFC_2016
4.502063500000077,64.66666666666667,6.0,9.004127000000153,194.0,3.0,8080.0,128.0,3,Malware_Cridex,USTC_TFC_2016
0.013672818181806757,243.91666666666666,6.0,0.15040099999987433,2927.0,12.0,8080.0,96.0,3,Malware_Cridex,USTC_TFC_2016
4.50415299999986,64.66666666666667,6.0,9.00830599999972,194.0,3.0,8080.0,128.0,3,Malware_Cridex,USTC_TFC_2016
0.012975545454537496,226.91666666666666,6.0,0.14273099999991246,2723.0,12.0,8080.0,96.0,3,Malware_Cridex,USTC_TFC_2016
4.4973479999998744,64.66666666666667,6.0,8.994695999999749,194.0,3.0,8080.0,128.0,3,Malware_Cridex,USTC_TFC_2016
0.013679727272739745,241.91666666666666,6.0,0.1504770000001372,2903.0,12.0,8080.0,96.0,3,Malware_Cridex,USTC_TFC_2016
4.502602999999908,64.66666666666667,6.0,9.005205999999816,194.0,3.0,8080.0,128.0,3,Malware_Cridex,USTC_TFC_2016
0.013030545454553661,230.25,6.0,0.14333600000009028,2763.0,12.0,8080.0,96.0,3,Malware_Cridex,USTC_TFC_2016
4.502962999999909,64.66666666666667,6.0,9.005925999999818,194.0,3.0,8080.0,128.0,3,Malware_Cridex,USTC_TFC_2016
0.013227000000039301,228.91666666666666,6.0,0.1454970000004323,2747.0,12.0,8080.0,96.0,3,Malware_Cridex,USTC_TFC_2016
4.499100999999882,64.66666666666667,6.0,8.998201999999765,194.0,3.0,8080.0,128.0,3,Malware_Cridex,USTC_TFC_2016
0.013712363636345386,230.91666666666666,6.0,0.15083599999979924,2771.0,12.0,8080.0,96.0,3,Malware_Cridex,USTC_TFC_2016
4.498755000000074,64.66666666666667,6.0,8.997510000000148,194.0,3.0,8080.0,128.0,3,Malware_Cridex,USTC_TFC_2016
0.013018818181824992,243.91666666666666,6.0,0.1432070000000749,2927.0,12.0,8080.0,96.0,3,Malware_Cridex,USTC_TFC_2016
4.504555500000151,64.66666666666667,6.0,9.009111000000303,194.0,3.0,8080.0,128.0,3,Malware_Cridex,USTC_TFC_2016
0.013682090909076744,227.58333333333334,6.0,0.15050299999984418,2731.0,12.0,8080.0,96.0,3,Malware_Cridex,USTC_TFC_2016
4.497463499999867,64.66666666666667,6.0,8.994926999999734,194.0,3.0,8080.0,128.0,3,Malware_Cridex,USTC_TFC_2016
0.013681636363716361,243.25,6.0,0.15049800000087998,2919.0,12.0,8080.0,96.0,3,Malware_Cridex,USTC_TFC_2016
4.498438500000248,64.66666666666667,6.0,8.996877000000495,194.0,3.0,8080.0,128.0,3,Malware_Cridex,USTC_TFC_2016
0.012997909090948022,227.25,6.0,0.14297700000042823,2727.0,12.0,8080.0,96.0,3,Malware_Cridex,USTC_TFC_2016
4.503171500000008,64.66666666666667,6.0,9.006343000000015,194.0,3.0,8080.0,128.0,3,Malware_Cridex,USTC_TFC_2016
0.013675545454547815,227.58333333333334,6.0,0.15043100000002596,2731.0,12.0,8080.0,96.0,3,Malware_Cridex,USTC_TFC_2016
4.499892499999987,64.66666666666667,6.0,8.999784999999974,194.0,3.0,8080.0,128.0,3,Malware_Cridex,USTC_TFC_2016
0.012989090909121098,233.58333333333334,6.0,0.14288000000033207,2803.0,12.0,8080.0,96.0,3,Malware_Cridex,USTC_TFC_2016
4.499139499999728,64.66666666666667,6.0,8.998278999999457,194.0,3.0,8080.0,128.0,3,Malware_Cridex,USTC_TFC_2016
0.013662909090933019,226.91666666666666,6.0,0.15029200000026322,2723.0,12.0,8080.0,96.0,3,Malware_Cridex,USTC_TFC_2016
4.499231999999665,64.66666666666667,6.0,8.99846399999933,194.0,3.0,8080.0,128.0,3,Malware_Cridex,USTC_TFC_2016
0.013669181818262256,238.25,6.0,0.15036100000088481,2859.0,12.0,8080.0,96.0,3,Malware_Cridex,USTC_TFC_2016
4.499332500000037,64.66666666666667,6.0,8.998665000000074,194.0,3.0,8080.0,128.0,3,Malware_Cridex,USTC_TFC_2016
0.01366827272729345,229.25,6.0,0.15035100000022794,2751.0,12.0,8080.0,96.0,3,Malware_Cridex,USTC_TFC_2016
4.501929499999733,64.66666666666667,6.0,9.003858999999466,194.0,3.0,8080.0,128.0,3,Malware_Cridex,USTC_TFC_2016
0.012987000000066473,225.91666666666666,6.0,0.1428570000007312,2711.0,12.0,8080.0,96.0,3,Malware_Cridex,USTC_TFC_2016
4.502433499999825,64.66666666666667,6.0,9.00486699999965,194.0,3.0,8080.0,128.0,3,Malware_Cridex,USTC_TFC_2016
0.013670545454591444,244.91666666666666,6.0,0.15037600000050588,2939.0,12.0,8080.0,96.0,3,Malware_Cridex,USTC_TFC_2016
4.4992834999998195,64.66666666666667,6.0,8.998566999999639,194.0,3.0,8080.0,128.0,3,Malware_Cridex,USTC_TFC_2016
0.013037181818121595,229.25,6.0,0.14340899999933754,2751.0,12.0,8080.0,96.0,3,Malware_Cridex,USTC_TFC_2016
4.498144500000308,64.66666666666667,6.0,8.996289000000615,194.0,3.0,8080.0,128.0,3,Malware_Cridex,USTC_TFC_2016
0.013657999999932972,230.91666666666666,6.0,0.15023799999926268,2771.0,12.0,8080.0,96.0,3,Malware_Cridex,USTC_TFC_2016
4.499092500000188,64.66666666666667,6.0,8.998185000000376,194.0,3.0,8080.0,128.0,3,Malware_Cridex,USTC_TFC_2016
0.013048181818124827,239.25,6.0,0.1435299999993731,2871.0,12.0,8080.0,96.0,3,Malware_Cridex,USTC_TFC_2016
4.4967924999996285,64.66666666666667,6.0,8.993584999999257,194.0,3.0,8080.0,128.0,3,Malware_Cridex,USTC_TFC_2016
0.013007909090860763,244.91666666666666,6.0,0.1430869999994684,2939.0,12.0,8080.0,96.0,3,Malware_Cridex,USTC_TFC_2016
4.497491000000082,64.66666666666667,6.0,8.994982000000164,194.0,3.0,8080.0,128.0,3,Malware_Cridex,USTC_TFC_2016
0.013684636363657111,244.25,6.0,0.15053100000022823,2931.0,12.0,8080.0,96.0,3,Malware_Cridex,USTC_TFC_2016
4.502356500000133,64.66666666666667,6.0,9.004713000000265,194.0,3.0,8080.0,128.0,3,Malware_Cridex,USTC_TFC_2016
0.01367109090907351,225.58333333333334,6.0,0.1503819999998086,2707.0,12.0,8080.0,96.0,3,Malware_Cridex,USTC_TFC_2016
4.49924749999991,64.66666666666667,6.0,8.99849499999982,194.0,3.0,8080.0,128.0,3,Malware_Cridex,USTC_TFC_2016
0.013695090909095597,242.91666666666666,6.0,0.15064600000005157,2915.0,12.0,8080.0,96.0,3,Malware_Cridex,USTC_TFC_2016
4.4991439999998875,64.66666666666667,6.0,8.998287999999775,194.0,3.0,8080.0,128.0,3,Malware_Cridex,USTC_TFC_2016
0.012981727272745047,229.25,6.0,0.14279900000019552,2751.0,12.0,8080.0,96.0,3,Malware_Cridex,USTC_TFC_2016
4.4993774999998095,64.66666666666667,6.0,8.998754999999619,194.0,3.0,8080.0,128.0,3,Malware_Cridex,USTC_TFC_2016
0.013640272727322801,232.91666666666666,6.0,0.15004300000055082,2795.0,12.0,8080.0,96.0,3,Malware_Cridex,USTC_TFC_2016
4.499390500000118,64.66666666666667,6.0,8.998781000000236,194.0,3.0,8080.0,128.0,3,Malware_Cridex,USTC_TFC_2016
0.013690090909139226,229.91666666666666,6.0,0.1505910000005315,2759.0,12.0,8080.0,96.0,3,Malware_Cridex,USTC_TFC_2016
4.499099000000115,64.66666666666667,6.0,8.99819800000023,194.0,3.0,8080.0,128.0,3,Malware_Cridex,USTC_TFC_2016
0.013162181818188401,242.91666666666666,6.0,0.1447840000000724,2915.0,12.0,8080.0,96.0,3,Malware_Cridex,USTC_TFC_2016
4.499671999999919,64.66666666666667,6.0,8.999343999999837,194.0,3.0,8080.0,128.0,3,Malware_Cridex,USTC_TFC_2016
0.013693999999966101,229.58333333333334,6.0,0.15063399999962712,2755.0,12.0,8080.0,96.0,3,Malware_Cridex,USTC_TFC_2016
4.498001999999815,64.66666666666667,6.0,8.99600399999963,194.0,3.0,8080.0,128.0,3,Malware_Cridex,USTC_TFC_2016
0.012966818181832257,243.91666666666666,6.0,0.14263500000015483,2927.0,12.0,8080.0,96.0,3,Malware_Cridex,USTC_TFC_2016
4.498571499999798,64.66666666666667,6.0,8.997142999999596,194.0,3.0,8080.0,128.0,3,Malware_Cridex,USTC_TFC_2016
0.013691545454507419,228.58333333333334,6.0,0.1506069999995816,2743.0,12.0,8080.0,96.0,3,Malware_Cridex,USTC_TFC_2016
4.499287999999979,64.66666666666667,6.0,8.998575999999957,194.0,3.0,8080.0,128.0,3,Malware_Cridex,USTC_TFC_2016
0.013699545454569901,242.91666666666666,6.0,0.15069500000026892,2915.0,12.0,8080.0,96.0,3,Malware_Cridex,USTC_TFC_2016
4.5038900000004105,64.66666666666667,6.0,9.007780000000821,194.0,3.0,8080.0,128.0,3,Malware_Cridex,USTC_TFC_2016
0.013721090909133305,228.25,6.0,0.15093200000046636,2739.0,12.0,8080.0,96.0,3,Malware_Cridex,USTC_TFC_2016
4.499300500000118,64.66666666666667,6.0,8.998601000000235,194.0,3.0,8080.0,128.0,3,Malware_Cridex,USTC_TFC_2016
0.013020636363597243,242.91666666666666,6.0,0.14322699999956967,2915.0,12.0,8080.0,96.0,3,Malware_Cridex,USTC_TFC_2016
4.49923200000012,64.66666666666667,6.0,8.99846400000024,194.0,3.0,8080.0,128.0,3,Malware_Cridex,USTC_TFC_2016
0.013025909090918669,242.25,6.0,0.14328500000010536,2907.0,12.0,8080.0,96.0,3,Malware_Cridex,USTC_TFC_2016
4.501154000000042,64.66666666666667,6.0,9.002308000000085,194.0,3.0,8080.0,128.0,3,Malware_Cridex,USTC_TFC_2016
0.013656090909121716,227.58333333333334,6.0,0.15021700000033889,2731.0,12.0,8080.0,96.0,3,Malware_Cridex,USTC_TFC_2016
4.499333499999921,64.66666666666667,6.0,8.998666999999841,194.0,3.0,8080.0,128.0,3,Malware_Cridex,USTC_TFC_2016
0.013013909090907626,228.58333333333334,6.0,0.14315299999998388,2743.0,12.0,8080.0,96.0,3,Malware_Cridex,USTC_TFC_2016
4.499731999999767,64.66666666666667,6.0,8.999463999999534,194.0,3.0,8080.0,128.0,3,Malware_Cridex,USTC_TFC_2016
0.012986090909097666,242.91666666666666,6.0,0.14284700000007433,2915.0,12.0,8080.0,96.0,3,Malware_Cridex,USTC_TFC_2016
4.503997500000423,64.66666666666667,6.0,9.007995000000847,194.0,3.0,8080.0,128.0,3,Malware_Cridex,USTC_TFC_2016
0.013012909090899815,233.91666666666666,6.0,0.14314199999989796,2807.0,12.0,8080.0,96.0,3,Malware_Cridex,USTC_TFC_2016
4.4994110000002365,64.66666666666667,6.0,8.998822000000473,194.0,3.0,8080.0,128.0,3,Malware_Cridex,USTC_TFC_2016
0.013680818181786559,243.91666666666666,6.0,0.15048899999965215,2927.0,12.0,8080.0,96.0,3,Malware_Cridex,USTC_TFC_2016
4.50252300000011,64.66666666666667,6.0,9.00504600000022,194.0,3.0,8080.0,128.0,3,Malware_Cridex,USTC_TFC_2016
0.013019636363672114,235.58333333333334,6.0,0.14321600000039325,2827.0,12.0,8080.0,96.0,3,Malware_Cridex,USTC_TFC_2016
4.504465500000151,64.66666666666667,6.0,9.008931000000302,194.0,3.0,8080.0,128.0,3,Malware_Cridex,USTC_TFC_2016
0.013000545454567393,242.91666666666666,6.0,0.14300600000024133,2915.0,12.0,8080.0,96.0,3,Malware_Cridex,USTC_TFC_2016
4.499287499999809,64.66666666666667,6.0,8.998574999999619,194.0,3.0,8080.0,128.0,3,Malware_Cridex,USTC_TFC_2016
0.013697181818232903,230.25,6.0,0.15066900000056194,2763.0,12.0,8080.0,96.0,3,Malware_Cridex,USTC_TFC_2016
4.497733999999582,64.66666666666667,6.0,8.995467999999164,194.0,3.0,8080.0,128.0,3,Malware_Cridex,USTC_TFC_2016
0.013662818181811335,224.25,6.0,0.15029099999992468,2691.0,12.0,8080.0,96.0,3,Malware_Cridex,USTC_TFC_2016
4.506920499999978,64.66666666666667,6.0,9.013840999999957,194.0,3.0,8080.0,128.0,3,Malware_Cridex,USTC_TFC_2016
0.012977181818149058,231.25,6.0,0.14274899999963964,2775.0,12.0,8080.0,96.0,3,Malware_Cridex,USTC_TFC_2016
4.497011500000099,64.66666666666667,6.0,8.994023000000197,194.0,3.0,8080.0,128.0,3,Malware_Cridex,USTC_TFC_2016
0.0136848181818178,232.91666666666666,6.0,0.1505329999999958,2795.0,12.0,8080.0,96.0,3,Malware_Cridex,USTC_TFC_2016
4.5018740000000435,64.66666666666667,6.0,9.003748000000087,194.0,3.0,8080.0,128.0,3,Malware_Cridex,USTC_TFC_2016
0.01396281818183938,241.58333333333334,6.0,0.15359100000023318,2899.0,12.0,8080.0,96.0,3,Malware_Cridex,USTC_TFC_2016
4.501075000000128,64.66666666666667,6.0,9.002150000000256,194.0,3.0,8080.0,128.0,3,Malware_Cridex,USTC_TFC_2016
0.013080000000048709,234.25,6.0,0.1438800000005358,2811.0,12.0,8080.0,96.0,3,Malware_Cridex,USTC_TFC_2016
4.497112999999899,64.66666666666667,6.0,8.994225999999799,194.0,3.0,8080.0,128.0,3,Malware_Cridex,USTC_TFC_2016
0.01306609090914373,243.58333333333334,6.0,0.14372700000058103,2923.0,12.0,8080.0,96.0,3,Malware_Cridex,USTC_TFC_2016
4.498178999999709,64.66666666666667,6.0,8.996357999999418,194.0,3.0,8080.0,128.0,3,Malware_Cridex,USTC_TFC_2016
0.013692272727315536,241.91666666666666,6.0,0.1506150000004709,2903.0,12.0,8080.0,96.0,3,Malware_Cridex,USTC_TFC_2016
4.503356499999882,64.66666666666667,6.0,9.006712999999763,194.0,3.0,8080.0,128.0,3,Malware_Cridex,USTC_TFC_2016
0.013661181818117091,241.58333333333334,6.0,0.150272999999288,2899.0,12.0,8080.0,96.0,3,Malware_Cridex,USTC_TFC_2016
4.498193499999616,64.66666666666667,6.0,8.996386999999231,194.0,3.0,8080.0,128.0,3,Malware_Cridex,USTC_TFC_2016
0.013657818181772282,231.25,6.0,0.1502359999994951,2775.0,12.0,8080.0,96.0,3,Malware_Cridex,USTC_TFC_2016
4.502176500000132,64.66666666666667,6.0,9.004353000000265,194.0,3.0,8080.0,128.0,3,Malware_Cridex,USTC_TFC_2016
0.013702454545471648,224.25,6.0,0.15072700000018813,2691.0,12.0,8080.0,96.0,3,Malware_Cridex,USTC_TFC_2016
4.501608000000033,64.66666666666667,6.0,9.003216000000066,194.0,3.0,8080.0,128.0,3,Malware_Cridex,USTC_TFC_2016
0.013626636363617516,231.25,6.0,0.14989299999979266,2775.0,12.0,8080.0,96.0,3,Malware_Cridex,USTC_TFC_2016
4.498497500000212,64.66666666666667,6.0,8.996995000000425,194.0,3.0,8080.0,128.0,3,Malware_Cridex,USTC_TFC_2016
0.013008999999990258,242.91666666666666,6.0,0.14309899999989284,2915.0,12.0,8080.0,96.0,3,Malware_Cridex,USTC_TFC_2016
4.499233000000004,64.66666666666667,6.0,8.998466000000008,194.0,3.0,8080.0,128.0,3,Malware_Cridex,USTC_TFC_2016
0.01323872727268529,228.91666666666666,6.0,0.14562599999953818,2747.0,12.0,8080.0,96.0,3,Malware_Cridex,USTC_TFC_2016
4.4991055000000415,64.66666666666667,6.0,8.998211000000083,194.0,3.0,8080.0,128.0,3,Malware_Cridex,USTC_TFC_2016
0.013696454545424785,231.25,6.0,0.15066099999967264,2775.0,12.0,8080.0,96.0,3,Malware_Cridex,USTC_TFC_2016
4.498554999999669,64.66666666666667,6.0,8.997109999999338,194.0,3.0,8080.0,128.0,3,Malware_Cridex,USTC_TFC_2016
0.01302236363633049,235.91666666666666,6.0,0.1432459999996354,2831.0,12.0,8080.0,96.0,3,Malware_Cridex,USTC_TFC_2016
4.499201000000085,64.66666666666667,6.0,8.99840200000017,194.0,3.0,8080.0,128.0,3,Malware_Cridex,USTC_TFC_2016
0.01298436363636442,228.58333333333334,6.0,0.14282800000000861,2743.0,12.0,8080.0,96.0,3,Malware_Cridex,USTC_TFC_2016
4.4988539999999375,64.66666666666667,6.0,8.997707999999875,194.0,3.0,8080.0,128.0,3,Malware_Cridex,USTC_TFC_2016
0.013692454545476225,225.58333333333334,6.0,0.15061700000023848,2707.0,12.0,8080.0,96.0,3,Malware_Cridex,USTC_TFC_2016
4.4991454999999405,64.66666666666667,6.0,8.998290999999881,194.0,3.0,8080.0,128.0,3,Malware_Cridex,USTC_TFC_2016
0.013025909090918669,229.91666666666666,6.0,0.14328500000010536,2759.0,12.0,8080.0,96.0,3,Malware_Cridex,USTC_TFC_2016
4.499571500000002,64.66666666666667,6.0,8.999143000000004,194.0,3.0,8080.0,128.0,3,Malware_Cridex,USTC_TFC_2016
0.013001454545453518,233.25,6.0,0.1430159999999887,2799.0,12.0,8080.0,96.0,3,Malware_Cridex,USTC_TFC_2016
4.502202500000294,64.66666666666667,6.0,9.004405000000588,194.0,3.0,8080.0,128.0,3,Malware_Cridex,USTC_TFC_2016
0.013001636363614207,227.58333333333334,6.0,0.14301799999975628,2731.0,12.0,8080.0,96.0,3,Malware_Cridex,USTC_TFC_2016
4.503174500000114,64.66666666666667,6.0,9.006349000000228,194.0,3.0,8080.0,128.0,3,Malware_Cridex,USTC_TFC_2016
0.0130130000000215,244.91666666666666,6.0,0.1431430000002365,2939.0,12.0,8080.0,96.0,3,Malware_Cridex,USTC_TFC_2016
4.497228000000177,64.66666666666667,6.0,8.994456000000355,194.0,3.0,8080.0,128.0,3,Malware_Cridex,USTC_TFC_2016
0.013012727272656444,225.91666666666666,6.0,0.1431399999992209,2711.0,12.0,8080.0,96.0,3,Malware_Cridex,USTC_TFC_2016
4.499366000000009,64.66666666666667,6.0,8.998732000000018,194.0,3.0,8080.0,128.0,3,Malware_Cridex,USTC_TFC_2016
0.013042545454564706,226.25,6.0,0.14346800000021176,2715.0,12.0,8080.0,96.0,3,Malware_Cridex,USTC_TFC_2016
4.504398500000207,64.66666666666667,6.0,9.008797000000413,194.0,3.0,8080.0,128.0,3,Malware_Cridex,USTC_TFC_2016
0.013144909090855932,243.58333333333334,6.0,0.14459399999941525,2923.0,12.0,8080.0,96.0,3,Malware_Cridex,USTC_TFC_2016
4.499186999999893,64.66666666666667,6.0,8.998373999999785,194.0,3.0,8080.0,128.0,3,Malware_Cridex,USTC_TFC_2016
0.013044090909054583,228.91666666666666,6.0,0.1434849999996004,2747.0,12.0,8080.0,96.0,3,Malware_Cridex,USTC_TFC_2016
4.501902500000142,64.66666666666667,6.0,9.003805000000284,194.0,3.0,8080.0,128.0,3,Malware_Cridex,USTC_TFC_2016
0.013019636363672114,243.91666666666666,6.0,0.14321600000039325,2927.0,12.0,8080.0,96.0,3,Malware_Cridex,USTC_TFC_2016
4.504475499999899,64.66666666666667,6.0,9.008950999999797,194.0,3.0,8080.0,128.0,3,Malware_Cridex,USTC_TFC_2016
0.013713090909070823,236.58333333333334,6.0,0.15084399999977904,2839.0,12.0,8080.0,96.0,3,Malware_Cridex,USTC_TFC_2016
4.4969389999996565,64.66666666666667,6.0,8.993877999999313,194.0,3.0,8080.0,128.0,3,Malware_Cridex,USTC_TFC_2016
0.013653727272784718,242.25,6.0,0.1501910000006319,2907.0,12.0,8080.0,96.0,3,Malware_Cridex,USTC_TFC_2016
4.498544499999753,64.66666666666667,6.0,8.997088999999505,194.0,3.0,8080.0,128.0,3,Malware_Cridex,USTC_TFC_2016
0.01369672727270716,227.91666666666666,6.0,0.15066399999977875,2735.0,12.0,8080.0,96.0,3,Malware_Cridex,USTC_TFC_2016
4.509094000000005,64.66666666666667,6.0,9.01818800000001,194.0,3.0,8080.0,128.0,3,Malware_Cridex,USTC_TFC_2016
0.01297918181816468,243.91666666666666,6.0,0.14277099999981147,2927.0,12.0,8080.0,96.0,3,Malware_Cridex,USTC_TFC_2016
4.499017499999809,64.66666666666667,6.0,8.998034999999618,194.0,3.0,8080.0,128.0,3,Malware_Cridex,USTC_TFC_2016
0.0129970909091009,242.91666666666666,6.0,0.1429680000001099,2915.0,12.0,8080.0,96.0,3,Malware_Cridex,USTC_TFC_2016
4.499738999999863,64.66666666666667,6.0,8.999477999999726,194.0,3.0,8080.0,128.0,3,Malware_Cridex,USTC_TFC_2016
0.013023090909055927,233.91666666666666,6.0,0.1432539999996152,2807.0,12.0,8080.0,96.0,3,Malware_Cridex,USTC_TFC_2016
4.504952499999945,64.66666666666667,6.0,9.00990499999989,194.0,3.0,8080.0,128.0,3,Malware_Cridex,USTC_TFC_2016
0.01369436363637016,229.58333333333334,6.0,0.15063800000007177,2755.0,12.0,8080.0,96.0,3,Malware_Cridex,USTC_TFC_2016
4.4993304999998145,64.66666666666667,6.0,8.998660999999629,194.0,3.0,8080.0,128.0,3,Malware_Cridex,USTC_TFC_2016
0.013675090909104752,242.91666666666666,6.0,0.15042600000015227,2915.0,12.0,8080.0,96.0,3,Malware_Cridex,USTC_TFC_2016
4.499507999999878,64.66666666666667,6.0,8.999015999999756,194.0,3.0,8080.0,128.0,3,Malware_Cridex,USTC_TFC_2016
0.012964454545495259,230.25,6.0,0.14260900000044785,2763.0,12.0,8080.0,96.0,3,Malware_Cridex,USTC_TFC_2016
4.499445500000093,64.66666666666667,6.0,8.998891000000185,194.0,3.0,8080.0,128.0,3,Malware_Cridex,USTC_TFC_2016
0.013013909090907626,243.91666666666666,6.0,0.14315299999998388,2927.0,12.0,8080.0,96.0,3,Malware_Cridex,USTC_TFC_2016
4.499118499999895,64.66666666666667,6.0,8.99823699999979,194.0,3.0,8080.0,128.0,3,Malware_Cridex,USTC_TFC_2016
0.013852999999967737,229.58333333333334,6.0,0.1523829999996451,2755.0,12.0,8080.0,96.0,3,Malware_Cridex,USTC_TFC_2016
4.499307500000214,64.66666666666667,6.0,8.998615000000427,194.0,3.0,8080.0,128.0,3,Malware_Cridex,USTC_TFC_2016
0.013025181818193232,235.25,6.0,0.14327700000012555,2823.0,12.0,8080.0,96.0,3,Malware_Cridex,USTC_TFC_2016
4.502476999999999,64.66666666666667,6.0,9.004953999999998,194.0,3.0,8080.0,128.0,3,Malware_Cridex,USTC_TFC_2016
0.013678181818249868,228.25,6.0,0.15046000000074855,2739.0,12.0,8080.0,96.0,3,Malware_Cridex,USTC_TFC_2016
4.497381499999847,64.66666666666667,6.0,8.994762999999693,194.0,3.0,8080.0,128.0,3,Malware_Cridex,USTC_TFC_2016
0.0136848181818178,237.25,6.0,0.1505329999999958,2847.0,12.0,8080.0,96.0,3,Malware_Cridex,USTC_TFC_2016
4.497968500000297,64.66666666666667,6.0,8.995937000000595,194.0,3.0,8080.0,128.0,3,Malware_Cridex,USTC_TFC_2016
0.013027454545491228,231.25,6.0,0.1433020000004035,2775.0,12.0,8080.0,96.0,3,Malware_Cridex,USTC_TFC_2016
4.499632500000189,64.66666666666667,6.0,8.999265000000378,194.0,3.0,8080.0,128.0,3,Malware_Cridex,USTC_TFC_2016
0.01298236363643148,232.25,6.0,0.14280600000074628,2787.0,12.0,8080.0,96.0,3,Malware_Cridex,USTC_TFC_2016
4.4976934999999685,64.66666666666667,6.0,8.995386999999937,194.0,3.0,8080.0,128.0,3,Malware_Cridex,USTC_TFC_2016
0.013017090909091745,246.58333333333334,6.0,0.1431880000000092,2959.0,12.0,8080.0,96.0,3,Malware_Cridex,USTC_TFC_2016
4.499503000000004,64.66666666666667,6.0,8.999006000000008,194.0,3.0,8080.0,128.0,3,Malware_Cridex,USTC_TFC_2016
0.013008545454547195,226.58333333333334,6.0,0.14309400000001915,2719.0,12.0,8080.0,96.0,3,Malware_Cridex,USTC_TFC_2016
4.501537500000268,64.66666666666667,6.0,9.003075000000536,194.0,3.0,8080.0,128.0,3,Malware_Cridex,USTC_TFC_2016
0.013674818181822378,228.25,6.0,0.15042300000004616,2739.0,12.0,8080.0,96.0,3,Malware_Cridex,USTC_TFC_2016
4.49786499999982,64.66666666666667,6.0,8.99572999999964,194.0,3.0,8080.0,128.0,3,Malware_Cridex,USTC_TFC_2016
0.013045181818184077,244.58333333333334,6.0,0.14349700000002485,2935.0,12.0,8080.0,96.0,3,Malware_Cridex,USTC_TFC_2016
4.499172499999986,64.66666666666667,6.0,8.998344999999972,194.0,3.0,8080.0,128.0,3,Malware_Cridex,USTC_TFC_2016
0.01300445454547695,230.91666666666666,6.0,0.14304900000024645,2771.0,12.0,8080.0,96.0,3,Malware_Cridex,USTC_TFC_2016
4.499499999999898,64.66666666666667,6.0,8.998999999999796,194.0,3.0,8080.0,128.0,3,Malware_Cridex,USTC_TFC_2016
0.01405090909090425,241.25,6.0,0.15455999999994674,2895.0,12.0,8080.0,96.0,3,Malware_Cridex,USTC_TFC_2016
4.504271499999959,64.66666666666667,6.0,9.008542999999918,194.0,3.0,8080.0,128.0,3,Malware_Cridex,USTC_TFC_2016
0.012996909090940211,245.91666666666666,6.0,0.14296600000034232,2951.0,12.0,8080.0,96.0,3,Malware_Cridex,USTC_TFC_2016
4.499236999999994,64.66666666666667,6.0,8.998473999999987,194.0,3.0,8080.0,128.0,3,Malware_Cridex,USTC_TFC_2016
0.013003818181790517,242.91666666666666,6.0,0.1430419999996957,2915.0,12.0,8080.0,96.0,3,Malware_Cridex,USTC_TFC_2016
4.4992919999999685,64.66666666666667,6.0,8.998583999999937,194.0,3.0,8080.0,128.0,3,Malware_Cridex,USTC_TFC_2016
0.013004545454515954,229.25,6.0,0.1430499999996755,2751.0,12.0,8080.0,96.0,3,Malware_Cridex,USTC_TFC_2016
4.5047035000002325,64.66666666666667,6.0,9.009407000000465,194.0,3.0,8080.0,128.0,3,Malware_Cridex,USTC_TFC_2016
0.013678090909045502,230.25,6.0,0.15045899999950052,2763.0,12.0,8080.0,96.0,3,Malware_Cridex,USTC_TFC_2016
4.499294000000191,64.66666666666667,6.0,8.998588000000382,194.0,3.0,8080.0,128.0,3,Malware_Cridex,USTC_TFC_2016
0.013695636363660346,236.91666666666666,6.0,0.1506520000002638,2843.0,12.0,8080.0,96.0,3,Malware_Cridex,USTC_TFC_2016
4.4997025000002395,64.66666666666667,6.0,8.999405000000479,194.0,3.0,8080.0,128.0,3,Malware_Cridex,USTC_TFC_2016
0.014164454545442079,243.91666666666666,6.0,0.15580899999986286,2927.0,12.0,8080.0,96.0,3,Malware_Cridex,USTC_TFC_2016
4.503884000000198,64.66666666666667,6.0,9.007768000000397,194.0,3.0,8080.0,128.0,3,Malware_Cridex,USTC_TFC_2016
0.012996999999979214,232.91666666666666,6.0,0.14296699999977136,2795.0,12.0,8080.0,96.0,3,Malware_Cridex,USTC_TFC_2016
4.497684999999819,64.66666666666667,6.0,8.995369999999639,194.0,3.0,8080.0,128.0,3,Malware_Cridex,USTC_TFC_2016
0.012991636363618785,229.91666666666666,6.0,0.14290799999980663,2759.0,12.0,8080.0,96.0,3,Malware_Cridex,USTC_TFC_2016
4.499144500000057,64.66666666666667,6.0,8.998289000000113,194.0,3.0,8080.0,128.0,3,Malware_Cridex,USTC_TFC_2016
0.013002181818178955,242.91666666666666,6.0,0.1430239999999685,2915.0,12.0,8080.0,96.0,3,Malware_Cridex,USTC_TFC_2016
4.503381499999705,64.66666666666667,6.0,9.00676299999941,194.0,3.0,8080.0,128.0,3,Malware_Cridex,USTC_TFC_2016
0.013011363636327256,223.91666666666666,6.0,0.14312499999959982,2687.0,12.0,8080.0,96.0,3,Malware_Cridex,USTC_TFC_2016
4.4978055000001405,64.66666666666667,6.0,8.995611000000281,194.0,3.0,8080.0,128.0,3,Malware_Cridex,USTC_TFC_2016
0.013661272727321457,242.91666666666666,6.0,0.15027400000053603,2915.0,12.0,8080.0,96.0,3,Malware_Cridex,USTC_TFC_2016
4.499452499999734,64.66666666666667,6.0,8.998904999999468,194.0,3.0,8080.0,128.0,3,Malware_Cridex,USTC_TFC_2016
0.013021818181848423,225.58333333333334,6.0,0.14324000000033266,2707.0,12.0,8080.0,96.0,3,Malware_Cridex,USTC_TFC_2016
4.506722000000082,64.66666666666667,6.0,9.013444000000163,194.0,3.0,8080.0,128.0,3,Malware_Cridex,USTC_TFC_2016
0.013655090909031225,242.91666666666666,6.0,0.15020599999934348,2915.0,12.0,8080.0,96.0,3,Malware_Cridex,USTC_TFC_2016
4.496839000000364,64.66666666666667,6.0,8.993678000000727,194.0,3.0,8080.0,128.0,3,Malware_Cridex,USTC_TFC_2016
0.013658272727298026,237.91666666666666,6.0,0.1502410000002783,2855.0,12.0,8080.0,96.0,3,Malware_Cridex,USTC_TFC_2016
4.499487499999759,64.66666666666667,6.0,8.998974999999518,194.0,3.0,8080.0,128.0,3,Malware_Cridex,USTC_TFC_2016
0.01312418181822233,242.58333333333334,6.0,0.14436600000044564,2911.0,12.0,8080.0,96.0,3,Malware_Cridex,USTC_TFC_2016
4.5071100000000115,64.66666666666667,6.0,9.014220000000023,194.0,3.0,8080.0,128.0,3,Malware_Cridex,USTC_TFC_2016
0.012988909090877727,239.58333333333334,6.0,0.142877999999655,2875.0,12.0,8080.0,96.0,3,Malware_Cridex,USTC_TFC_2016
4.497465499999635,64.66666666666667,6.0,8.99493099999927,194.0,3.0,8080.0,128.0,3,Malware_Cridex,USTC_TFC_2016
0.013085909090973886,227.58333333333334,6.0,0.14394500000071275,2731.0,12.0,8080.0,96.0,3,Malware_Cridex,USTC_TFC_2016
4.502243999999791,64.66666666666667,6.0,9.004487999999583,194.0,3.0,8080.0,128.0,3,Malware_Cridex,USTC_TFC_2016
0.01298354545459998,230.25,6.0,0.14281900000059977,2763.0,12.0,8080.0,96.0,3,Malware_Cridex,USTC_TFC_2016
4.4994495000000825,64.66666666666667,6.0,8.998899000000165,194.0,3.0,8080.0,128.0,3,Malware_Cridex,USTC_TFC_2016
0.013727090909097487,229.25,6.0,0.15099800000007235,2751.0,12.0,8080.0,96.0,3,Malware_Cridex,USTC_TFC_2016
4.499405500000194,64.66666666666667,6.0,8.998811000000387,194.0,3.0,8080.0,128.0,3,Malware_Cridex,USTC_TFC_2016
0.013731545454571791,240.58333333333334,6.0,0.1510470000002897,2887.0,12.0,8080.0,96.0,3,Malware_Cridex,USTC_TFC_2016
4.498135499999989,64.66666666666667,6.0,8.996270999999979,194.0,3.0,8080.0,128.0,3,Malware_Cridex,USTC_TFC_2016
0.12255972727275961,232.91666666666666,6.0,1.3481570000003558,2795.0,12.0,8080.0,96.0,3,Malware_Cridex,USTC_TFC_2016
0.09092499999999859,64.0,17.0,0.09092499999999859,128.0,2.0,5355.0,1.0,4,Malware_Geodo,USTC_TFC_2016
0.7509634999999975,92.0,17.0,1.501926999999995,276.0,3.0,137.0,128.0,4,Malware_Geodo,USTC_TFC_2016
0.041515000000003965,128.5,17.0,0.041515000000003965,257.0,2.0,53.0,96.0,4,Malware_Geodo,USTC_TFC_2016
0.035429000000007704,128.5,17.0,0.035429000000007704,257.0,2.0,53.0,96.0,4,Malware_Geodo,USTC_TFC_2016
0.00041377777777837664,83.2,6.0,0.0037240000000053897,832.0,10.0,80.0,96.0,4,Malware_Geodo,USTC_TFC_2016
4.500033500000001,64.66666666666667,6.0,9.000067000000001,194.0,3.0,8080.0,128.0,4,Malware_Geodo,USTC_TFC_2016
4.499989500000005,64.66666666666667,6.0,8.99997900000001,194.0,3.0,8080.0,128.0,4,Malware_Geodo,USTC_TFC_2016
4.499583999999999,64.66666666666667,6.0,8.999167999999997,194.0,3.0,8080.0,128.0,4,Malware_Geodo,USTC_TFC_2016
0.0011310000000008813,84.0,17.0,0.0011310000000008813,168.0,2.0,53.0,96.0,4,Malware_Geodo,USTC_TFC_2016
0.0011379999999974189,90.0,17.0,0.0011379999999974189,180.0,2.0,53.0,96.0,4,Malware_Geodo,USTC_TFC_2016
4.501683499999999,64.66666666666667,6.0,9.003366999999997,194.0,3.0,8080.0,128.0,4,Malware_Geodo,USTC_TFC_2016
4.499499000000007,64.66666666666667,6.0,8.998998000000014,194.0,3.0,8080.0,128.0,4,Malware_Geodo,USTC_TFC_2016
0.0013259999999917227,84.0,17.0,0.0013259999999917227,168.0,2.0,53.0,96.0,4,Malware_Geodo,USTC_TFC_2016
0.0013980000000088921,90.0,17.0,0.0013980000000088921,180.0,2.0,53.0,96.0,4,Malware_Geodo,USTC_TFC_2016
4.501282500000002,64.66666666666667,6.0,9.002565000000004,194.0,3.0,8080.0,128.0,4,Malware_Geodo,USTC_TFC_2016
4.501588999999996,64.66666666666667,6.0,9.003177999999991,194.0,3.0,8080.0,128.0,4,Malware_Geodo,USTC_TFC_2016
0.0013219999999876109,84.0,17.0,0.0013219999999876109,168.0,2.0,53.0,96.0,4,Malware_Geodo,USTC_TFC_2016
0.0012239999999792417,90.0,17.0,0.0012239999999792417,180.0,2.0,53.0,96.0,4,Malware_Geodo,USTC_TFC_2016
4.500826500000002,64.66666666666667,6.0,9.001653000000005,194.0,3.0,8080.0,128.0,4,Malware_Geodo,USTC_TFC_2016
4.503964499999995,64.66666666666667,6.0,9.00792899999999,194.0,3.0,8080.0,128.0,4,Malware_Geodo,USTC_TFC_2016
0.0012830000000008113,84.0,17.0,0.0012830000000008113,168.0,2.0,53.0,96.0,4,Malware_Geodo,USTC_TFC_2016
0.0014740000000017517,90.0,17.0,0.0014740000000017517,180.0,2.0,53.0,96.0,4,Malware_Geodo,USTC_TFC_2016
4.499947000000006,64.66666666666667,6.0,8.999894000000012,194.0,3.0,8080.0,128.0,4,Malware_Geodo,USTC_TFC_2016
0.0014940000000081,84.0,17.0,0.0014940000000081,168.0,2.0,53.0,96.0,4,Malware_Geodo,USTC_TFC_2016
0.0012869999999907122,90.0,17.0,0.0012869999999907122,180.0,2.0,53.0,96.0,4,Malware_Geodo,USTC_TFC_2016
4.503305999999995,64.66666666666667,6.0,9.00661199999999,194.0,3.0,8080.0,128.0,4,Malware_Geodo,USTC_TFC_2016
0.001340999999996484,84.0,17.0,0.001340999999996484,168.0,2.0,53.0,96.0,4,Malware_Geodo,USTC_TFC_2016
0.0012979999999913616,90.0,17.0,0.0012979999999913616,180.0,2.0,53.0,96.0,4,Malware_Geodo,USTC_TFC_2016
4.503071999999989,64.66666666666667,6.0,9.006143999999978,194.0,3.0,8080.0,128.0,4,Malware_Geodo,USTC_TFC_2016
4.500683000000009,64.66666666666667,6.0,9.001366000000019,194.0,3.0,8080.0,128.0,4,Malware_Geodo,USTC_TFC_2016
4.499194499999987,64.66666666666667,6.0,8.998388999999975,194.0,3.0,8080.0,128.0,4,Malware_Geodo,USTC_TFC_2016
4.499849999999981,64.66666666666667,6.0,8.999699999999962,194.0,3.0,8080.0,128.0,4,Malware_Geodo,USTC_TFC_2016
4.497982500000006,64.66666666666667,6.0,8.995965000000012,194.0,3.0,8080.0,128.0,4,Malware_Geodo,USTC_TFC_2016
4.5020245000000045,64.66666666666667,6.0,9.004049000000009,194.0,3.0,8080.0,128.0,4,Malware_Geodo,USTC_TFC_2016
4.497882000000004,64.66666666666667,6.0,8.995764000000008,194.0,3.0,8080.0,128.0,4,Malware_Geodo,USTC_TFC_2016
4.506944000000004,64.66666666666667,6.0,9.013888000000009,194.0,3.0,8080.0,128.0,4,Malware_Geodo,USTC_TFC_2016
4.497706999999991,64.66666666666667,6.0,8.995413999999982,194.0,3.0,8080.0,128.0,4,Malware_Geodo,USTC_TFC_2016
4.496893499999999,64.66666666666667,6.0,8.993786999999998,194.0,3.0,8080.0,128.0,4,Malware_Geodo,USTC_TFC_2016
4.497348500000015,64.66666666666667,6.0,8.99469700000003,194.0,3.0,8080.0,128.0,4,Malware_Geodo,USTC_TFC_2016
4.498657000000009,64.66666666666667,6.0,8.997314000000017,194.0,3.0,8080.0,128.0,4,Malware_Geodo,USTC_TFC_2016
4.501411000000019,64.66666666666667,6.0,9.002822000000037,194.0,3.0,8080.0,128.0,4,Malware_Geodo,USTC_TFC_2016
4.498982499999983,64.66666666666667,6.0,8.997964999999965,194.0,3.0,8080.0,128.0,4,Malware_Geodo,USTC_TFC_2016
4.499835999999988,64.66666666666667,6.0,8.999671999999975,194.0,3.0,8080.0,128.0,4,Malware_Geodo,USTC_TFC_2016
4.503312499999993,64.66666666666667,6.0,9.006624999999985,194.0,3.0,8080.0,128.0,4,Malware_Geodo,USTC_TFC_2016
4.502169000000009,64.66666666666667,6.0,9.004338000000018,194.0,3.0,8080.0,128.0,4,Malware_Geodo,USTC_TFC_2016
4.5025850000000105,64.66666666666667,6.0,9.005170000000021,194.0,3.0,8080.0,128.0,4,Malware_Geodo,USTC_TFC_2016
4.497073499999999,64.66666666666667,6.0,8.994146999999998,194.0,3.0,8080.0,128.0,4,Malware_Geodo,USTC_TFC_2016
4.50252900000001,64.66666666666667,6.0,9.00505800000002,194.0,3.0,8080.0,128.0,4,Malware_Geodo,USTC_TFC_2016
4.496578000000028,64.66666666666667,6.0,8.993156000000056,194.0,3.0,8080.0,128.0,4,Malware_Geodo,USTC_TFC_2016
4.501874499999985,64.66666666666667,6.0,9.00374899999997,194.0,3.0,8080.0,128.0,4,Malware_Geodo,USTC_TFC_2016
4.4992714999999635,64.66666666666667,6.0,8.998542999999927,194.0,3.0,8080.0,128.0,4,Malware_Geodo,USTC_TFC_2016
4.49920800000001,64.66666666666667,6.0,8.99841600000002,194.0,3.0,8080.0,128.0,4,Malware_Geodo,USTC_TFC_2016
4.5029839999999695,64.66666666666667,6.0,9.005967999999939,194.0,3.0,8080.0,128.0,4,Malware_Geodo,USTC_TFC_2016
4.5025360000000205,64.66666666666667,6.0,9.005072000000041,194.0,3.0,8080.0,128.0,4,Malware_Geodo,USTC_TFC_2016
4.4976010000000315,64.66666666666667,6.0,8.995202000000063,194.0,3.0,8080.0,128.0,4,Malware_Geodo,USTC_TFC_2016
4.5023989999999685,64.66666666666667,6.0,9.004797999999937,194.0,3.0,8080.0,128.0,4,Malware_Geodo,USTC_TFC_2016
4.500520499999993,64.66666666666667,6.0,9.001040999999987,194.0,3.0,8080.0,128.0,4,Malware_Geodo,USTC_TFC_2016
4.50132450000001,64.66666666666667,6.0,9.00264900000002,194.0,3.0,8080.0,128.0,4,Malware_Geodo,USTC_TFC_2016
4.499482999999998,64.66666666666667,6.0,8.998965999999996,194.0,3.0,8080.0,128.0,4,Malware_Geodo,USTC_TFC_2016
4.503091999999981,64.66666666666667,6.0,9.006183999999962,194.0,3.0,8080.0,128.0,4,Malware_Geodo,USTC_TFC_2016
4.500561500000003,64.66666666666667,6.0,9.001123000000007,194.0,3.0,8080.0,128.0,4,Malware_Geodo,USTC_TFC_2016
4.499953500000004,64.66666666666667,6.0,8.999907000000007,194.0,3.0,8080.0,128.0,4,Malware_Geodo,USTC_TFC_2016
4.501689499999998,64.66666666666667,6.0,9.003378999999995,194.0,3.0,8080.0,128.0,4,Malware_Geodo,USTC_TFC_2016
4.496377999999993,64.66666666666667,6.0,8.992755999999986,194.0,3.0,8080.0,128.0,4,Malware_Geodo,USTC_TFC_2016
4.499840500000005,64.66666666666667,6.0,8.99968100000001,194.0,3.0,8080.0,128.0,4,Malware_Geodo,USTC_TFC_2016
4.502812000000006,64.66666666666667,6.0,9.005624000000012,194.0,3.0,8080.0,128.0,4,Malware_Geodo,USTC_TFC_2016
4.49839099999997,64.66666666666667,6.0,8.99678199999994,194.0,3.0,8080.0,128.0,4,Malware_Geodo,USTC_TFC_2016
4.502648000000022,64.66666666666667,6.0,9.005296000000044,194.0,3.0,8080.0,128.0,4,Malware_Geodo,USTC_TFC_2016
4.497093500000005,64.66666666666667,6.0,8.99418700000001,194.0,3.0,8080.0,128.0,4,Malware_Geodo,USTC_TFC_2016
4.499914999999987,64.66666666666667,6.0,8.999829999999974,194.0,3.0,8080.0,128.0,4,Malware_Geodo,USTC_TFC_2016
4.498111999999992,64.66666666666667,6.0,8.996223999999984,194.0,3.0,8080.0,128.0,4,Malware_Geodo,USTC_TFC_2016
4.500105499999961,64.66666666666667,6.0,9.000210999999922,194.0,3.0,8080.0,128.0,4,Malware_Geodo,USTC_TFC_2016
4.384082000000035,64.66666666666667,6.0,8.76816400000007,194.0,3.0,8080.0,128.0,4,Malware_Geodo,USTC_TFC_2016
4.49776700000001,64.66666666666667,6.0,8.99553400000002,194.0,3.0,8080.0,128.0,4,Malware_Geodo,USTC_TFC_2016
4.501746000000026,64.66666666666667,6.0,9.003492000000051,194.0,3.0,8080.0,128.0,4,Malware_Geodo,USTC_TFC_2016
4.495880999999997,64.66666666666667,6.0,8.991761999999994,194.0,3.0,8080.0,128.0,4,Malware_Geodo,USTC_TFC_2016
4.498725000000036,64.66666666666667,6.0,8.997450000000072,194.0,3.0,8080.0,128.0,4,Malware_Geodo,USTC_TFC_2016
4.4999030000000175,64.66666666666667,6.0,8.999806000000035,194.0,3.0,8080.0,128.0,4,Malware_Geodo,USTC_TFC_2016
4.497202500000014,64.66666666666667,6.0,8.994405000000029,194.0,3.0,8080.0,128.0,4,Malware_Geodo,USTC_TFC_2016
4.504057499999988,64.66666666666667,6.0,9.008114999999975,194.0,3.0,8080.0,128.0,4,Malware_Geodo,USTC_TFC_2016
4.497003500000005,64.66666666666667,6.0,8.99400700000001,194.0,3.0,8080.0,128.0,4,Malware_Geodo,USTC_TFC_2016
4.501361999999972,64.66666666666667,6.0,9.002723999999944,194.0,3.0,8080.0,128.0,4,Malware_Geodo,USTC_TFC_2016
4.496561000000042,64.66666666666667,6.0,8.993122000000085,194.0,3.0,8080.0,128.0,4,Malware_Geodo,USTC_TFC_2016
4.5010374999999385,64.66666666666667,6.0,9.002074999999877,194.0,3.0,8080.0,128.0,4,Malware_Geodo,USTC_TFC_2016
4.499497000000019,64.66666666666667,6.0,8.998994000000039,194.0,3.0,8080.0,128.0,4,Malware_Geodo,USTC_TFC_2016
4.497369999999933,64.66666666666667,6.0,8.994739999999865,194.0,3.0,8080.0,128.0,4,Malware_Geodo,USTC_TFC_2016
4.498750000000086,64.66666666666667,6.0,8.997500000000173,194.0,3.0,8080.0,128.0,4,Malware_Geodo,USTC_TFC_2016
4.506608999999912,64.66666666666667,6.0,9.013217999999824,194.0,3.0,8080.0,128.0,4,Malware_Geodo,USTC_TFC_2016
4.500853500000062,64.66666666666667,6.0,9.001707000000124,194.0,3.0,8080.0,128.0,4,Malware_Geodo,USTC_TFC_2016
4.509005000000002,64.66666666666667,6.0,9.018010000000004,194.0,3.0,8080.0,128.0,4,Malware_Geodo,USTC_TFC_2016
4.5005140000000665,64.66666666666667,6.0,9.001028000000133,194.0,3.0,8080.0,128.0,4,Malware_Geodo,USTC_TFC_2016
4.502951499999995,64.66666666666667,6.0,9.00590299999999,194.0,3.0,8080.0,128.0,4,Malware_Geodo,USTC_TFC_2016
4.499385500000017,64.66666666666667,6.0,8.998771000000033,194.0,3.0,8080.0,128.0,4,Malware_Geodo,USTC_TFC_2016
4.502869499999974,64.66666666666667,6.0,9.005738999999949,194.0,3.0,8080.0,128.0,4,Malware_Geodo,USTC_TFC_2016
4.4440570000000434,64.66666666666667,6.0,8.888114000000087,194.0,3.0,8080.0,128.0,4,Malware_Geodo,USTC_TFC_2016
4.495849499999963,64.66666666666667,6.0,8.991698999999926,194.0,3.0,8080.0,128.0,4,Malware_Geodo,USTC_TFC_2016
4.4991509999999835,64.66666666666667,6.0,8.998301999999967,194.0,3.0,8080.0,128.0,4,Malware_Geodo,USTC_TFC_2016
4.5051445000000285,64.66666666666667,6.0,9.010289000000057,194.0,3.0,8080.0,128.0,4,Malware_Geodo,USTC_TFC_2016
4.5004370000000335,64.66666666666667,6.0,9.000874000000067,194.0,3.0,8080.0,128.0,4,Malware_Geodo,USTC_TFC_2016
4.505023000000051,64.66666666666667,6.0,9.010046000000102,194.0,3.0,8080.0,128.0,4,Malware_Geodo,USTC_TFC_2016
4.497180999999955,64.66666666666667,6.0,8.99436199999991,194.0,3.0,8080.0,128.0,4,Malware_Geodo,USTC_TFC_2016
4.501032000000009,64.66666666666667,6.0,9.002064000000018,194.0,3.0,8080.0,128.0,4,Malware_Geodo,USTC_TFC_2016
4.501081999999997,64.66666666666667,6.0,9.002163999999993,194.0,3.0,8080.0,128.0,4,Malware_Geodo,USTC_TFC_2016
4.499806000000035,64.66666666666667,6.0,8.99961200000007,194.0,3.0,8080.0,128.0,4,Malware_Geodo,USTC_TFC_2016
4.497583999999961,64.66666666666667,6.0,8.995167999999921,194.0,3.0,8080.0,128.0,4,Malware_Geodo,USTC_TFC_2016
4.498874000000001,64.66666666666667,6.0,8.997748000000001,194.0,3.0,8080.0,128.0,4,Malware_Geodo,USTC_TFC_2016
4.502459499999986,64.66666666666667,6.0,9.004918999999973,194.0,3.0,8080.0,128.0,4,Malware_Geodo,USTC_TFC_2016
4.496308999999997,64.66666666666667,6.0,8.992617999999993,194.0,3.0,8080.0,128.0,4,Malware_Geodo,USTC_TFC_2016
4.500526499999978,64.66666666666667,6.0,9.001052999999956,194.0,3.0,8080.0,128.0,4,Malware_Geodo,USTC_TFC_2016
4.503641499999958,64.66666666666667,6.0,9.007282999999916,194.0,3.0,8080.0,128.0,4,Malware_Geodo,USTC_TFC_2016
4.499555999999984,64.66666666666667,6.0,8.999111999999968,194.0,3.0,8080.0,128.0,4,Malware_Geodo,USTC_TFC_2016
4.502512000000024,64.66666666666667,6.0,9.005024000000049,194.0,3.0,8080.0,128.0,4,Malware_Geodo,USTC_TFC_2016
4.497022500000071,64.66666666666667,6.0,8.994045000000142,194.0,3.0,8080.0,128.0,4,Malware_Geodo,USTC_TFC_2016
4.500448500000061,64.66666666666667,6.0,9.000897000000123,194.0,3.0,8080.0,128.0,4,Malware_Geodo,USTC_TFC_2016
4.496212000000014,64.66666666666667,6.0,8.992424000000028,194.0,3.0,8080.0,128.0,4,Malware_Geodo,USTC_TFC_2016
4.498941999999943,64.66666666666667,6.0,8.997883999999885,194.0,3.0,8080.0,128.0,4,Malware_Geodo,USTC_TFC_2016
4.501629499999922,64.66666666666667,6.0,9.003258999999844,194.0,3.0,8080.0,128.0,4,Malware_Geodo,USTC_TFC_2016
4.497685499999989,64.66666666666667,6.0,8.995370999999977,194.0,3.0,8080.0,128.0,4,Malware_Geodo,USTC_TFC_2016
4.499951499999952,64.66666666666667,6.0,8.999902999999904,194.0,3.0,8080.0,128.0,4,Malware_Geodo,USTC_TFC_2016
4.501727999999957,64.66666666666667,6.0,9.003455999999915,194.0,3.0,8080.0,128.0,4,Malware_Geodo,USTC_TFC_2016
4.5019490000000815,64.66666666666667,6.0,9.003898000000163,194.0,3.0,8080.0,128.0,4,Malware_Geodo,USTC_TFC_2016
4.500718500000062,64.66666666666667,6.0,9.001437000000124,194.0,3.0,8080.0,128.0,4,Malware_Geodo,USTC_TFC_2016
4.498783000000003,64.66666666666667,6.0,8.997566000000006,194.0,3.0,8080.0,128.0,4,Malware_Geodo,USTC_TFC_2016
4.499715999999921,64.66666666666667,6.0,8.999431999999842,194.0,3.0,8080.0,128.0,4,Malware_Geodo,USTC_TFC_2016
4.4978664999999864,64.66666666666667,6.0,8.995732999999973,194.0,3.0,8080.0,128.0,4,Malware_Geodo,USTC_TFC_2016
4.502458499999989,64.66666666666667,6.0,9.004916999999978,194.0,3.0,8080.0,128.0,4,Malware_Geodo,USTC_TFC_2016
4.499384500000019,64.66666666666667,6.0,8.998769000000038,194.0,3.0,8080.0,128.0,4,Malware_Geodo,USTC_TFC_2016
4.499241000000097,64.66666666666667,6.0,8.998482000000195,194.0,3.0,8080.0,128.0,4,Malware_Geodo,USTC_TFC_2016
4.5005259999999225,64.66666666666667,6.0,9.001051999999845,194.0,3.0,8080.0,128.0,4,Malware_Geodo,USTC_TFC_2016
4.4971195000000534,64.66666666666667,6.0,8.994239000000107,194.0,3.0,8080.0,128.0,4,Malware_Geodo,USTC_TFC_2016
4.499726500000065,64.66666666666667,6.0,8.99945300000013,194.0,3.0,8080.0,128.0,4,Malware_Geodo,USTC_TFC_2016
4.502168499999925,64.66666666666667,6.0,9.00433699999985,194.0,3.0,8080.0,128.0,4,Malware_Geodo,USTC_TFC_2016
4.499805000000038,64.66666666666667,6.0,8.999610000000075,194.0,3.0,8080.0,128.0,4,Malware_Geodo,USTC_TFC_2016
4.503551500000071,64.66666666666667,6.0,9.007103000000143,194.0,3.0,8080.0,128.0,4,Malware_Geodo,USTC_TFC_2016
4.500190500000031,64.66666666666667,6.0,9.000381000000061,194.0,3.0,8080.0,128.0,4,Malware_Geodo,USTC_TFC_2016
4.498736000000008,64.66666666666667,6.0,8.997472000000016,194.0,3.0,8080.0,128.0,4,Malware_Geodo,USTC_TFC_2016
4.49708099999998,64.66666666666667,6.0,8.99416199999996,194.0,3.0,8080.0,128.0,4,Malware_Geodo,USTC_TFC_2016
4.502480499999933,64.66666666666667,6.0,9.004960999999867,194.0,3.0,8080.0,128.0,4,Malware_Geodo,USTC_TFC_2016
4.499901999999906,64.66666666666667,6.0,8.999803999999813,194.0,3.0,8080.0,128.0,4,Malware_Geodo,USTC_TFC_2016
4.496442499999944,64.66666666666667,6.0,8.992884999999887,194.0,3.0,8080.0,128.0,4,Malware_Geodo,USTC_TFC_2016
4.498361499999987,64.66666666666667,6.0,8.996722999999974,194.0,3.0,8080.0,128.0,4,Malware_Geodo,USTC_TFC_2016
4.502263500000026,64.66666666666667,6.0,9.004527000000053,194.0,3.0,8080.0,128.0,4,Malware_Geodo,USTC_TFC_2016
4.498771000000033,64.66666666666667,6.0,8.997542000000067,194.0,3.0,8080.0,128.0,4,Malware_Geodo,USTC_TFC_2016
4.502356000000077,64.66666666666667,6.0,9.004712000000154,194.0,3.0,8080.0,128.0,4,Malware_Geodo,USTC_TFC_2016
4.497710499999926,64.66666666666667,6.0,8.995420999999851,194.0,3.0,8080.0,128.0,4,Malware_Geodo,USTC_TFC_2016
4.499065000000087,64.66666666666667,6.0,8.998130000000174,194.0,3.0,8080.0,128.0,4,Malware_Geodo,USTC_TFC_2016
4.496981000000005,64.66666666666667,6.0,8.99396200000001,194.0,3.0,8080.0,128.0,4,Malware_Geodo,USTC_TFC_2016
4.501664999999889,64.66666666666667,6.0,9.003329999999778,194.0,3.0,8080.0,128.0,4,Malware_Geodo,USTC_TFC_2016
4.496877499999982,64.66666666666667,6.0,8.993754999999965,194.0,3.0,8080.0,128.0,4,Malware_Geodo,USTC_TFC_2016
4.4994965000000775,64.66666666666667,6.0,8.998993000000155,194.0,3.0,8080.0,128.0,4,Malware_Geodo,USTC_TFC_2016
4.499502499999835,64.66666666666667,6.0,8.99900499999967,194.0,3.0,8080.0,128.0,4,Malware_Geodo,USTC_TFC_2016
4.504680000000008,64.66666666666667,6.0,9.009360000000015,194.0,3.0,8080.0,128.0,4,Malware_Geodo,USTC_TFC_2016
4.502283499999976,64.66666666666667,6.0,9.004566999999952,194.0,3.0,8080.0,128.0,4,Malware_Geodo,USTC_TFC_2016
4.502169999999978,64.66666666666667,6.0,9.004339999999956,194.0,3.0,8080.0,128.0,4,Malware_Geodo,USTC_TFC_2016
4.498252500000035,64.66666666666667,6.0,8.99650500000007,194.0,3.0,8080.0,128.0,4,Malware_Geodo,USTC_TFC_2016
4.501490999999987,64.66666666666667,6.0,9.002981999999975,194.0,3.0,8080.0,128.0,4,Malware_Geodo,USTC_TFC_2016
4.500426000000061,64.66666666666667,6.0,9.000852000000123,194.0,3.0,8080.0,128.0,4,Malware_Geodo,USTC_TFC_2016
4.4988469999998415,64.66666666666667,6.0,8.997693999999683,194.0,3.0,8080.0,128.0,4,Malware_Geodo,USTC_TFC_2016
4.499802000000045,64.66666666666667,6.0,8.99960400000009,194.0,3.0,8080.0,128.0,4,Malware_Geodo,USTC_TFC_2016
4.498741999999993,64.66666666666667,6.0,8.997483999999986,194.0,3.0,8080.0,128.0,4,Malware_Geodo,USTC_TFC_2016
4.49999200000002,64.66666666666667,6.0,8.99998400000004,194.0,3.0,8080.0,128.0,4,Malware_Geodo,USTC_TFC_2016
4.496253499999966,64.66666666666667,6.0,8.992506999999932,194.0,3.0,8080.0,128.0,4,Malware_Geodo,USTC_TFC_2016
4.49923200000012,64.66666666666667,6.0,8.99846400000024,194.0,3.0,8080.0,128.0,4,Malware_Geodo,USTC_TFC_2016
4.504261499999984,64.66666666666667,6.0,9.008522999999968,194.0,3.0,8080.0,128.0,4,Malware_Geodo,USTC_TFC_2016
4.497665500000039,64.66666666666667,6.0,8.995331000000078,194.0,3.0,8080.0,128.0,4,Malware_Geodo,USTC_TFC_2016
4.5019609999999375,64.66666666666667,6.0,9.003921999999875,194.0,3.0,8080.0,128.0,4,Malware_Geodo,USTC_TFC_2016
4.498700000000099,64.66666666666667,6.0,8.997400000000198,194.0,3.0,8080.0,128.0,4,Malware_Geodo,USTC_TFC_2016
4.500528000000031,64.66666666666667,6.0,9.001056000000062,194.0,3.0,8080.0,128.0,4,Malware_Geodo,USTC_TFC_2016
4.49749850000012,64.66666666666667,6.0,8.99499700000024,194.0,3.0,8080.0,128.0,4,Malware_Geodo,USTC_TFC_2016
4.4998350000000755,64.66666666666667,6.0,8.999670000000151,194.0,3.0,8080.0,128.0,4,Malware_Geodo,USTC_TFC_2016
4.503982499999893,64.66666666666667,6.0,9.007964999999786,194.0,3.0,8080.0,128.0,4,Malware_Geodo,USTC_TFC_2016
4.499559500000032,64.66666666666667,6.0,8.999119000000064,194.0,3.0,8080.0,128.0,4,Malware_Geodo,USTC_TFC_2016
4.501274499999909,64.66666666666667,6.0,9.002548999999817,194.0,3.0,8080.0,128.0,4,Malware_Geodo,USTC_TFC_2016
4.503457000000026,64.66666666666667,6.0,9.006914000000052,194.0,3.0,8080.0,128.0,4,Malware_Geodo,USTC_TFC_2016
4.4993809999998575,64.66666666666667,6.0,8.998761999999715,194.0,3.0,8080.0,128.0,4,Malware_Geodo,USTC_TFC_2016
4.507878500000061,64.66666666666667,6.0,9.015757000000121,194.0,3.0,8080.0,128.0,4,Malware_Geodo,USTC_TFC_2016
4.49734350000017,64.66666666666667,6.0,8.99468700000034,194.0,3.0,8080.0,128.0,4,Malware_Geodo,USTC_TFC_2016
4.502821999999924,64.66666666666667,6.0,9.005643999999847,194.0,3.0,8080.0,128.0,4,Malware_Geodo,USTC_TFC_2016
4.497264500000028,64.66666666666667,6.0,8.994529000000057,194.0,3.0,8080.0,128.0,4,Malware_Geodo,USTC_TFC_2016
4.50028599999996,64.66666666666667,6.0,9.00057199999992,194.0,3.0,8080.0,128.0,4,Malware_Geodo,USTC_TFC_2016
4.498152000000118,64.66666666666667,6.0,8.996304000000237,194.0,3.0,8080.0,128.0,4,Malware_Geodo,USTC_TFC_2016
4.499396499999875,64.66666666666667,6.0,8.99879299999975,194.0,3.0,8080.0,128.0,4,Malware_Geodo,USTC_TFC_2016
4.499088000000029,64.66666666666667,6.0,8.998176000000058,194.0,3.0,8080.0,128.0,4,Malware_Geodo,USTC_TFC_2016
4.500536000000011,64.66666666666667,6.0,9.001072000000022,194.0,3.0,8080.0,128.0,4,Malware_Geodo,USTC_TFC_2016
4.500756499999852,64.66666666666667,6.0,9.001512999999704,194.0,3.0,8080.0,128.0,4,Malware_Geodo,USTC_TFC_2016
4.507335000000012,64.66666666666667,6.0,9.014670000000024,194.0,3.0,8080.0,128.0,4,Malware_Geodo,USTC_TFC_2016
4.4979920000000675,64.66666666666667,6.0,8.995984000000135,194.0,3.0,8080.0,128.0,4,Malware_Geodo,USTC_TFC_2016
4.507288999999901,64.66666666666667,6.0,9.014577999999801,194.0,3.0,8080.0,128.0,4,Malware_Geodo,USTC_TFC_2016
4.49953800000003,64.66666666666667,6.0,8.99907600000006,194.0,3.0,8080.0,128.0,4,Malware_Geodo,USTC_TFC_2016
4.499262999999928,64.66666666666667,6.0,8.998525999999856,194.0,3.0,8080.0,128.0,4,Malware_Geodo,USTC_TFC_2016
4.499041000000034,64.66666666666667,6.0,8.998082000000068,194.0,3.0,8080.0,128.0,4,Malware_Geodo,USTC_TFC_2016
4.502656500000057,64.66666666666667,6.0,9.005313000000115,194.0,3.0,8080.0,128.0,4,Malware_Geodo,USTC_TFC_2016
4.50510149999991,64.66666666666667,6.0,9.01020299999982,194.0,3.0,8080.0,128.0,4,Malware_Geodo,USTC_TFC_2016
4.497630999999956,64.66666666666667,6.0,8.995261999999911,194.0,3.0,8080.0,128.0,4,Malware_Geodo,USTC_TFC_2016
4.498015000000123,64.66666666666667,6.0,8.996030000000246,194.0,3.0,8080.0,128.0,4,Malware_Geodo,USTC_TFC_2016
4.499767999999904,64.66666666666667,6.0,8.999535999999807,194.0,3.0,8080.0,128.0,4,Malware_Geodo,USTC_TFC_2016
4.498129000000063,64.66666666666667,6.0,8.996258000000125,194.0,3.0,8080.0,128.0,4,Malware_Geodo,USTC_TFC_2016
4.5034689999999955,64.66666666666667,6.0,9.006937999999991,194.0,3.0,8080.0,128.0,4,Malware_Geodo,USTC_TFC_2016
4.498333499999944,64.66666666666667,6.0,8.996666999999889,194.0,3.0,8080.0,128.0,4,Malware_Geodo,USTC_TFC_2016
4.499612500000012,64.66666666666667,6.0,8.999225000000024,194.0,3.0,8080.0,128.0,4,Malware_Geodo,USTC_TFC_2016
4.497421000000031,64.66666666666667,6.0,8.994842000000062,194.0,3.0,8080.0,128.0,4,Malware_Geodo,USTC_TFC_2016
4.500932000000148,64.66666666666667,6.0,9.001864000000296,194.0,3.0,8080.0,128.0,4,Malware_Geodo,USTC_TFC_2016
4.503128000000061,64.66666666666667,6.0,9.006256000000121,194.0,3.0,8080.0,128.0,4,Malware_Geodo,USTC_TFC_2016
4.499568999999838,64.66666666666667,6.0,8.999137999999675,194.0,3.0,8080.0,128.0,4,Malware_Geodo,USTC_TFC_2016
4.50008600000001,64.66666666666667,6.0,9.00017200000002,194.0,3.0,8080.0,128.0,4,Malware_Geodo,USTC_TFC_2016
4.501941500000157,64.66666666666667,6.0,9.003883000000314,194.0,3.0,8080.0,128.0,4,Malware_Geodo,USTC_TFC_2016
4.499663499999997,64.66666666666667,6.0,8.999326999999994,194.0,3.0,8080.0,128.0,4,Malware_Geodo,USTC_TFC_2016
4.50319300000001,64.66666666666667,6.0,9.00638600000002,194.0,3.0,8080.0,128.0,4,Malware_Geodo,USTC_TFC_2016
4.499512999999979,64.66666666666667,6.0,8.999025999999958,194.0,3.0,8080.0,128.0,4,Malware_Geodo,USTC_TFC_2016
4.502927,64.66666666666667,6.0,9.005854,194.0,3.0,8080.0,128.0,4,Malware_Geodo,USTC_TFC_2016
4.499360499999966,64.66666666666667,6.0,8.998720999999932,194.0,3.0,8080.0,128.0,4,Malware_Geodo,USTC_TFC_2016
4.503228499999977,64.66666666666667,6.0,9.006456999999955,194.0,3.0,8080.0,128.0,4,Malware_Geodo,USTC_TFC_2016
4.499536999999918,64.66666666666667,6.0,8.999073999999837,194.0,3.0,8080.0,128.0,4,Malware_Geodo,USTC_TFC_2016
4.5014845000000605,64.66666666666667,6.0,9.002969000000121,194.0,3.0,8080.0,128.0,4,Malware_Geodo,USTC_TFC_2016
4.50480749999997,64.66666666666667,6.0,9.00961499999994,194.0,3.0,8080.0,128.0,4,Malware_Geodo,USTC_TFC_2016
4.4967194999999265,64.66666666666667,6.0,8.993438999999853,194.0,3.0,8080.0,128.0,4,Malware_Geodo,USTC_TFC_2016
4.502832500000068,64.66666666666667,6.0,9.005665000000135,194.0,3.0,8080.0,128.0,4,Malware_Geodo,USTC_TFC_2016
4.499948000000131,64.66666666666667,6.0,8.999896000000263,194.0,3.0,8080.0,128.0,4,Malware_Geodo,USTC_TFC_2016
4.498130500000116,64.66666666666667,6.0,8.996261000000231,194.0,3.0,8080.0,128.0,4,Malware_Geodo,USTC_TFC_2016
4.500570499999867,64.66666666666667,6.0,9.001140999999734,194.0,3.0,8080.0,128.0,4,Malware_Geodo,USTC_TFC_2016
4.497030499999937,64.66666666666667,6.0,8.994060999999874,194.0,3.0,8080.0,128.0,4,Malware_Geodo,USTC_TFC_2016
4.503243500000053,64.66666666666667,6.0,9.006487000000106,194.0,3.0,8080.0,128.0,4,Malware_Geodo,USTC_TFC_2016
4.497472499999958,64.66666666666667,6.0,8.994944999999916,194.0,3.0,8080.0,128.0,4,Malware_Geodo,USTC_TFC_2016
4.4992850000001,64.66666666666667,6.0,8.9985700000002,194.0,3.0,8080.0,128.0,4,Malware_Geodo,USTC_TFC_2016
4.497528999999986,64.66666666666667,6.0,8.995057999999972,194.0,3.0,8080.0,128.0,4,Malware_Geodo,USTC_TFC_2016
4.499539000000141,64.66666666666667,6.0,8.999078000000281,194.0,3.0,8080.0,128.0,4,Malware_Geodo,USTC_TFC_2016
4.501498500000025,64.66666666666667,6.0,9.00299700000005,194.0,3.0,8080.0,128.0,4,Malware_Geodo,USTC_TFC_2016
4.497950499999888,64.66666666666667,6.0,8.995900999999776,194.0,3.0,8080.0,128.0,4,Malware_Geodo,USTC_TFC_2016
4.500601499999902,64.66666666666667,6.0,9.001202999999805,194.0,3.0,8080.0,128.0,4,Malware_Geodo,USTC_TFC_2016
4.501853500000152,64.66666666666667,6.0,9.003707000000304,194.0,3.0,8080.0,128.0,4,Malware_Geodo,USTC_TFC_2016
4.497496999999839,64.66666666666667,6.0,8.994993999999679,194.0,3.0,8080.0,128.0,4,Malware_Geodo,USTC_TFC_2016
4.502947499999891,64.66666666666667,6.0,9.005894999999782,194.0,3.0,8080.0,128.0,4,Malware_Geodo,USTC_TFC_2016
4.497346500000049,64.66666666666667,6.0,8.994693000000098,194.0,3.0,8080.0,128.0,4,Malware_Geodo,USTC_TFC_2016
4.502831499999957,64.66666666666667,6.0,9.005662999999913,194.0,3.0,8080.0,128.0,4,Malware_Geodo,USTC_TFC_2016
4.499326500000052,64.66666666666667,6.0,8.998653000000104,194.0,3.0,8080.0,128.0,4,Malware_Geodo,USTC_TFC_2016
4.503109499999937,64.66666666666667,6.0,9.006218999999874,194.0,3.0,8080.0,128.0,4,Malware_Geodo,USTC_TFC_2016
4.4994824999998855,64.66666666666667,6.0,8.998964999999771,194.0,3.0,8080.0,128.0,4,Malware_Geodo,USTC_TFC_2016
4.496703499999967,64.66666666666667,6.0,8.993406999999934,194.0,3.0,8080.0,128.0,4,Malware_Geodo,USTC_TFC_2016
4.497910499999989,64.66666666666667,6.0,8.995820999999978,194.0,3.0,8080.0,128.0,4,Malware_Geodo,USTC_TFC_2016
4.5040484999999535,64.66666666666667,6.0,9.008096999999907,194.0,3.0,8080.0,128.0,4,Malware_Geodo,USTC_TFC_2016
4.498218500000121,64.66666666666667,6.0,8.996437000000242,194.0,3.0,8080.0,128.0,4,Malware_Geodo,USTC_TFC_2016
4.4999224999999115,64.66666666666667,6.0,8.999844999999823,194.0,3.0,8080.0,128.0,4,Malware_Geodo,USTC_TFC_2016
4.500766000000112,64.66666666666667,6.0,9.001532000000225,194.0,3.0,8080.0,128.0,4,Malware_Geodo,USTC_TFC_2016
4.503679500000089,64.66666666666667,6.0,9.007359000000179,194.0,3.0,8080.0,128.0,4,Malware_Geodo,USTC_TFC_2016
4.500289500000008,64.66666666666667,6.0,9.000579000000016,194.0,3.0,8080.0,128.0,4,Malware_Geodo,USTC_TFC_2016
4.503110500000048,64.66666666666667,6.0,9.006221000000096,194.0,3.0,8080.0,128.0,4,Malware_Geodo,USTC_TFC_2016
4.498573999999962,64.66666666666667,6.0,8.997147999999925,194.0,3.0,8080.0,128.0,4,Malware_Geodo,USTC_TFC_2016
4.497690499999862,64.66666666666667,6.0,8.995380999999725,194.0,3.0,8080.0,128.0,4,Malware_Geodo,USTC_TFC_2016
4.498760499999889,64.66666666666667,6.0,8.997520999999779,194.0,3.0,8080.0,128.0,4,Malware_Geodo,USTC_TFC_2016
4.496757500000058,64.66666666666667,6.0,8.993515000000116,194.0,3.0,8080.0,128.0,4,Malware_Geodo,USTC_TFC_2016
4.502391499999931,64.66666666666667,6.0,9.004782999999861,194.0,3.0,8080.0,128.0,4,Malware_Geodo,USTC_TFC_2016
4.5029875000000175,64.66666666666667,6.0,9.005975000000035,194.0,3.0,8080.0,128.0,4,Malware_Geodo,USTC_TFC_2016
4.499613999999838,64.66666666666667,6.0,8.999227999999675,194.0,3.0,8080.0,128.0,4,Malware_Geodo,USTC_TFC_2016
4.5018614999999045,64.66666666666667,6.0,9.003722999999809,194.0,3.0,8080.0,128.0,4,Malware_Geodo,USTC_TFC_2016
4.499679000000015,64.66666666666667,6.0,8.99935800000003,194.0,3.0,8080.0,128.0,4,Malware_Geodo,USTC_TFC_2016
4.503067999999985,64.66666666666667,6.0,9.00613599999997,194.0,3.0,8080.0,128.0,4,Malware_Geodo,USTC_TFC_2016
4.498394500000131,64.66666666666667,6.0,8.996789000000263,194.0,3.0,8080.0,128.0,4,Malware_Geodo,USTC_TFC_2016
4.498370999999906,64.66666666666667,6.0,8.996741999999813,194.0,3.0,8080.0,128.0,4,Malware_Geodo,USTC_TFC_2016
4.49965700000007,64.66666666666667,6.0,8.99931400000014,194.0,3.0,8080.0,128.0,4,Malware_Geodo,USTC_TFC_2016
4.495912500000031,64.66666666666667,6.0,8.991825000000063,194.0,3.0,8080.0,128.0,4,Malware_Geodo,USTC_TFC_2016
4.498174000000063,64.66666666666667,6.0,8.996348000000125,194.0,3.0,8080.0,128.0,4,Malware_Geodo,USTC_TFC_2016
4.501485000000002,64.66666666666667,6.0,9.002970000000005,194.0,3.0,8080.0,128.0,4,Malware_Geodo,USTC_TFC_2016
4.498011000000133,64.66666666666667,6.0,8.996022000000266,194.0,3.0,8080.0,128.0,4,Malware_Geodo,USTC_TFC_2016
4.503825499999948,64.66666666666667,6.0,9.007650999999896,194.0,3.0,8080.0,128.0,4,Malware_Geodo,USTC_TFC_2016
4.497487999999976,64.66666666666667,6.0,8.994975999999951,194.0,3.0,8080.0,128.0,4,Malware_Geodo,USTC_TFC_2016
4.503684000000021,64.66666666666667,6.0,9.007368000000042,194.0,3.0,8080.0,128.0,4,Malware_Geodo,USTC_TFC_2016
4.498117500000035,64.66666666666667,6.0,8.99623500000007,194.0,3.0,8080.0,128.0,4,Malware_Geodo,USTC_TFC_2016
4.499687999999878,64.66666666666667,6.0,8.999375999999756,194.0,3.0,8080.0,128.0,4,Malware_Geodo,USTC_TFC_2016
4.49766499999987,64.66666666666667,6.0,8.99532999999974,194.0,3.0,8080.0,128.0,4,Malware_Geodo,USTC_TFC_2016
4.499049000000014,64.66666666666667,6.0,8.998098000000027,194.0,3.0,8080.0,128.0,4,Malware_Geodo,USTC_TFC_2016
4.496727500000134,64.66666666666667,6.0,8.993455000000267,194.0,3.0,8080.0,128.0,4,Malware_Geodo,USTC_TFC_2016
4.497986999999966,64.66666666666667,6.0,8.995973999999933,194.0,3.0,8080.0,128.0,4,Malware_Geodo,USTC_TFC_2016
4.499751999999944,64.66666666666667,6.0,8.999503999999888,194.0,3.0,8080.0,128.0,4,Malware_Geodo,USTC_TFC_2016
4.501358999999866,64.66666666666667,6.0,9.002717999999732,194.0,3.0,8080.0,128.0,4,Malware_Geodo,USTC_TFC_2016
4.500841000000037,64.66666666666667,6.0,9.001682000000073,194.0,3.0,8080.0,128.0,4,Malware_Geodo,USTC_TFC_2016
4.5027030000001105,64.66666666666667,6.0,9.005406000000221,194.0,3.0,8080.0,128.0,4,Malware_Geodo,USTC_TFC_2016
4.496585999999979,64.66666666666667,6.0,8.993171999999959,194.0,3.0,8080.0,128.0,4,Malware_Geodo,USTC_TFC_2016
4.502952499999992,64.66666666666667,6.0,9.005904999999984,194.0,3.0,8080.0,128.0,4,Malware_Geodo,USTC_TFC_2016
4.497841000000108,64.66666666666667,6.0,8.995682000000215,194.0,3.0,8080.0,128.0,4,Malware_Geodo,USTC_TFC_2016
4.50264650000031,64.66666666666667,6.0,9.00529300000062,194.0,3.0,8080.0,128.0,4,Malware_Geodo,USTC_TFC_2016
4.501803500000278,64.66666666666667,6.0,9.003607000000557,194.0,3.0,8080.0,128.0,4,Malware_Geodo,USTC_TFC_2016
4.500090500000169,64.66666666666667,6.0,9.000181000000339,194.0,3.0,8080.0,128.0,4,Malware_Geodo,USTC_TFC_2016
4.4979450000000725,64.66666666666667,6.0,8.995890000000145,194.0,3.0,8080.0,128.0,4,Malware_Geodo,USTC_TFC_2016
4.501846499999829,64.66666666666667,6.0,9.003692999999657,194.0,3.0,8080.0,128.0,4,Malware_Geodo,USTC_TFC_2016
4.4974944999999025,64.66666666666667,6.0,8.994988999999805,194.0,3.0,8080.0,128.0,4,Malware_Geodo,USTC_TFC_2016
4.502938000000086,64.66666666666667,6.0,9.005876000000171,194.0,3.0,8080.0,128.0,4,Malware_Geodo,USTC_TFC_2016
4.498074499999802,64.66666666666667,6.0,8.996148999999605,194.0,3.0,8080.0,128.0,4,Malware_Geodo,USTC_TFC_2016
4.499652999999853,64.66666666666667,6.0,8.999305999999706,194.0,3.0,8080.0,128.0,4,Malware_Geodo,USTC_TFC_2016
4.497922000000017,64.66666666666667,6.0,8.995844000000034,194.0,3.0,8080.0,128.0,4,Malware_Geodo,USTC_TFC_2016
4.498947999999928,64.66666666666667,6.0,8.997895999999855,194.0,3.0,8080.0,128.0,4,Malware_Geodo,USTC_TFC_2016
4.497652500000186,64.66666666666667,6.0,8.995305000000371,194.0,3.0,8080.0,128.0,4,Malware_Geodo,USTC_TFC_2016
4.499547000000348,64.66666666666667,6.0,8.999094000000696,194.0,3.0,8080.0,128.0,4,Malware_Geodo,USTC_TFC_2016
4.499279999999999,64.66666666666667,6.0,8.998559999999998,194.0,3.0,8080.0,128.0,4,Malware_Geodo,USTC_TFC_2016
4.50123799999983,64.66666666666667,6.0,9.00247599999966,194.0,3.0,8080.0,128.0,4,Malware_Geodo,USTC_TFC_2016
4.4995100000001,64.66666666666667,6.0,8.9990200000002,194.0,3.0,8080.0,128.0,4,Malware_Geodo,USTC_TFC_2016
4.50280550000025,64.66666666666667,6.0,9.0056110000005,194.0,3.0,8080.0,128.0,4,Malware_Geodo,USTC_TFC_2016
4.499757000000045,64.66666666666667,6.0,8.99951400000009,194.0,3.0,8080.0,128.0,4,Malware_Geodo,USTC_TFC_2016
4.4997074999996585,64.66666666666667,6.0,8.999414999999317,194.0,3.0,8080.0,128.0,4,Malware_Geodo,USTC_TFC_2016
4.498891999999614,64.66666666666667,6.0,8.997783999999228,194.0,3.0,8080.0,128.0,4,Malware_Geodo,USTC_TFC_2016
4.502591499999653,64.66666666666667,6.0,9.005182999999306,194.0,3.0,8080.0,128.0,4,Malware_Geodo,USTC_TFC_2016
4.4995100000001,64.66666666666667,6.0,8.9990200000002,194.0,3.0,8080.0,128.0,4,Malware_Geodo,USTC_TFC_2016
4.4978055000001405,64.66666666666667,6.0,8.995611000000281,194.0,3.0,8080.0,128.0,4,Malware_Geodo,USTC_TFC_2016
4.503235499999846,64.66666666666667,6.0,9.006470999999692,194.0,3.0,8080.0,128.0,4,Malware_Geodo,USTC_TFC_2016
4.501573999999891,64.66666666666667,6.0,9.003147999999783,194.0,3.0,8080.0,128.0,4,Malware_Geodo,USTC_TFC_2016
4.497897499999908,64.66666666666667,6.0,8.995794999999816,194.0,3.0,8080.0,128.0,4,Malware_Geodo,USTC_TFC_2016
4.503756500000236,64.66666666666667,6.0,9.007513000000472,194.0,3.0,8080.0,128.0,4,Malware_Geodo,USTC_TFC_2016
4.496917499999654,64.66666666666667,6.0,8.993834999999308,194.0,3.0,8080.0,128.0,4,Malware_Geodo,USTC_TFC_2016
4.5040014999999585,64.66666666666667,6.0,9.008002999999917,194.0,3.0,8080.0,128.0,4,Malware_Geodo,USTC_TFC_2016
4.499675500000194,64.66666666666667,6.0,8.999351000000388,194.0,3.0,8080.0,128.0,4,Malware_Geodo,USTC_TFC_2016
4.498928999999862,64.66666666666667,6.0,8.997857999999724,194.0,3.0,8080.0,128.0,4,Malware_Geodo,USTC_TFC_2016
4.497619499999928,64.66666666666667,6.0,8.995238999999856,194.0,3.0,8080.0,128.0,4,Malware_Geodo,USTC_TFC_2016
4.502628499999901,64.66666666666667,6.0,9.005256999999801,194.0,3.0,8080.0,128.0,4,Malware_Geodo,USTC_TFC_2016
4.502778500000204,64.66666666666667,6.0,9.005557000000408,194.0,3.0,8080.0,128.0,4,Malware_Geodo,USTC_TFC_2016
4.499454999999671,64.66666666666667,6.0,8.998909999999341,194.0,3.0,8080.0,128.0,4,Malware_Geodo,USTC_TFC_2016
4.501544499999909,64.66666666666667,6.0,9.003088999999818,194.0,3.0,8080.0,128.0,4,Malware_Geodo,USTC_TFC_2016
4.50280100000009,64.66666666666667,6.0,9.00560200000018,194.0,3.0,8080.0,128.0,4,Malware_Geodo,USTC_TFC_2016
4.498965000000226,64.66666666666667,6.0,8.997930000000451,194.0,3.0,8080.0,128.0,4,Malware_Geodo,USTC_TFC_2016
4.5074030000000675,64.66666666666667,6.0,9.014806000000135,194.0,3.0,8080.0,128.0,4,Malware_Geodo,USTC_TFC_2016
4.499077500000112,64.66666666666667,6.0,8.998155000000224,194.0,3.0,8080.0,128.0,4,Malware_Geodo,USTC_TFC_2016
4.503279999999904,64.66666666666667,6.0,9.006559999999808,194.0,3.0,8080.0,128.0,4,Malware_Geodo,USTC_TFC_2016
4.499476500000128,64.66666666666667,6.0,8.998953000000256,194.0,3.0,8080.0,128.0,4,Malware_Geodo,USTC_TFC_2016
4.502545000000282,64.66666666666667,6.0,9.005090000000564,194.0,3.0,8080.0,128.0,4,Malware_Geodo,USTC_TFC_2016
4.503599000000122,64.66666666666667,6.0,9.007198000000244,194.0,3.0,8080.0,128.0,4,Malware_Geodo,USTC_TFC_2016
4.4981510000002345,64.66666666666667,6.0,8.996302000000469,194.0,3.0,8080.0,128.0,4,Malware_Geodo,USTC_TFC_2016
4.503805499999999,64.66666666666667,6.0,9.007610999999997,194.0,3.0,8080.0,128.0,4,Malware_Geodo,USTC_TFC_2016
4.501678499999798,64.66666666666667,6.0,9.003356999999596,194.0,3.0,8080.0,128.0,4,Malware_Geodo,USTC_TFC_2016
4.498204999999871,64.66666666666667,6.0,8.996409999999742,194.0,3.0,8080.0,128.0,4,Malware_Geodo,USTC_TFC_2016
4.499692500000037,64.66666666666667,6.0,8.999385000000075,194.0,3.0,8080.0,128.0,4,Malware_Geodo,USTC_TFC_2016
4.497924999999668,64.66666666666667,6.0,8.995849999999336,194.0,3.0,8080.0,128.0,4,Malware_Geodo,USTC_TFC_2016
4.4987019999998665,64.66666666666667,6.0,8.997403999999733,194.0,3.0,8080.0,128.0,4,Malware_Geodo,USTC_TFC_2016
4.497186000000056,64.66666666666667,6.0,8.994372000000112,194.0,3.0,8080.0,128.0,4,Malware_Geodo,USTC_TFC_2016
4.499163500000122,64.66666666666667,6.0,8.998327000000245,194.0,3.0,8080.0,128.0,4,Malware_Geodo,USTC_TFC_2016
4.498214499999904,64.66666666666667,6.0,8.996428999999807,194.0,3.0,8080.0,128.0,4,Malware_Geodo,USTC_TFC_2016
4.499902499999735,64.66666666666667,6.0,8.99980499999947,194.0,3.0,8080.0,128.0,4,Malware_Geodo,USTC_TFC_2016
4.502999499999987,64.66666666666667,6.0,9.005998999999974,194.0,3.0,8080.0,128.0,4,Malware_Geodo,USTC_TFC_2016
4.499605999999858,64.66666666666667,6.0,8.999211999999716,194.0,3.0,8080.0,128.0,4,Malware_Geodo,USTC_TFC_2016
4.5003325000002405,64.66666666666667,6.0,9.000665000000481,194.0,3.0,8080.0,128.0,4,Malware_Geodo,USTC_TFC_2016
4.502784000000247,64.66666666666667,6.0,9.005568000000494,194.0,3.0,8080.0,128.0,4,Malware_Geodo,USTC_TFC_2016
4.497258500000044,64.66666666666667,6.0,8.994517000000087,194.0,3.0,8080.0,128.0,4,Malware_Geodo,USTC_TFC_2016
4.503389000000425,64.66666666666667,6.0,9.00677800000085,194.0,3.0,8080.0,128.0,4,Malware_Geodo,USTC_TFC_2016
4.4991329999998015,64.66666666666667,6.0,8.998265999999603,194.0,3.0,8080.0,128.0,4,Malware_Geodo,USTC_TFC_2016
4.502302500000042,64.66666666666667,6.0,9.004605000000083,194.0,3.0,8080.0,128.0,4,Malware_Geodo,USTC_TFC_2016
4.499312999999802,64.66666666666667,6.0,8.998625999999604,194.0,3.0,8080.0,128.0,4,Malware_Geodo,USTC_TFC_2016
4.501567499999965,64.66666666666667,6.0,9.00313499999993,194.0,3.0,8080.0,128.0,4,Malware_Geodo,USTC_TFC_2016
4.503250499999922,64.66666666666667,6.0,9.006500999999844,194.0,3.0,8080.0,128.0,4,Malware_Geodo,USTC_TFC_2016
4.49783750000006,64.66666666666667,6.0,8.99567500000012,194.0,3.0,8080.0,128.0,4,Malware_Geodo,USTC_TFC_2016
4.499873000000207,64.66666666666667,6.0,8.999746000000414,194.0,3.0,8080.0,128.0,4,Malware_Geodo,USTC_TFC_2016
4.50179049999997,64.66666666666667,6.0,9.00358099999994,194.0,3.0,8080.0,128.0,4,Malware_Geodo,USTC_TFC_2016
4.498124000000189,64.66666666666667,6.0,8.996248000000378,194.0,3.0,8080.0,128.0,4,Malware_Geodo,USTC_TFC_2016
4.5038705000001755,64.66666666666667,6.0,9.007741000000351,194.0,3.0,8080.0,128.0,4,Malware_Geodo,USTC_TFC_2016
4.498275500000091,64.66666666666667,6.0,8.996551000000181,194.0,3.0,8080.0,128.0,4,Malware_Geodo,USTC_TFC_2016
4.5002330000002075,64.66666666666667,6.0,9.000466000000415,194.0,3.0,8080.0,128.0,4,Malware_Geodo,USTC_TFC_2016
4.498069499999929,64.66666666666667,6.0,8.996138999999857,194.0,3.0,8080.0,128.0,4,Malware_Geodo,USTC_TFC_2016
4.498431499999697,64.66666666666667,6.0,8.996862999999394,194.0,3.0,8080.0,128.0,4,Malware_Geodo,USTC_TFC_2016
4.502773000000161,64.66666666666667,6.0,9.005546000000322,194.0,3.0,8080.0,128.0,4,Malware_Geodo,USTC_TFC_2016
4.499419000000216,64.66666666666667,6.0,8.998838000000433,194.0,3.0,8080.0,128.0,4,Malware_Geodo,USTC_TFC_2016
4.5079704999998285,64.66666666666667,6.0,9.015940999999657,194.0,3.0,8080.0,128.0,4,Malware_Geodo,USTC_TFC_2016
4.499488500000098,64.66666666666667,6.0,8.998977000000195,194.0,3.0,8080.0,128.0,4,Malware_Geodo,USTC_TFC_2016
4.502073499999824,64.66666666666667,6.0,9.004146999999648,194.0,3.0,8080.0,128.0,4,Malware_Geodo,USTC_TFC_2016
4.503271000000041,64.66666666666667,6.0,9.006542000000081,194.0,3.0,8080.0,128.0,4,Malware_Geodo,USTC_TFC_2016
4.499222500000087,64.66666666666667,6.0,8.998445000000174,194.0,3.0,8080.0,128.0,4,Malware_Geodo,USTC_TFC_2016
4.502140500000223,64.66666666666667,6.0,9.004281000000447,194.0,3.0,8080.0,128.0,4,Malware_Geodo,USTC_TFC_2016
4.49586649999992,64.66666666666667,6.0,8.99173299999984,194.0,3.0,8080.0,128.0,4,Malware_Geodo,USTC_TFC_2016
4.501394499999606,64.66666666666667,6.0,9.002788999999211,194.0,3.0,8080.0,128.0,4,Malware_Geodo,USTC_TFC_2016
4.497782500000085,64.66666666666667,6.0,8.99556500000017,194.0,3.0,8080.0,128.0,4,Malware_Geodo,USTC_TFC_2016
4.497624500000256,64.66666666666667,6.0,8.995249000000513,194.0,3.0,8080.0,128.0,4,Malware_Geodo,USTC_TFC_2016
4.503046499999982,64.66666666666667,6.0,9.006092999999964,194.0,3.0,8080.0,128.0,4,Malware_Geodo,USTC_TFC_2016
4.497325000000274,64.66666666666667,6.0,8.994650000000547,194.0,3.0,8080.0,128.0,4,Malware_Geodo,USTC_TFC_2016
4.503098000000136,64.66666666666667,6.0,9.006196000000273,194.0,3.0,8080.0,128.0,4,Malware_Geodo,USTC_TFC_2016
4.5085205000000315,64.66666666666667,6.0,9.017041000000063,194.0,3.0,8080.0,128.0,4,Malware_Geodo,USTC_TFC_2016
4.497588000000178,64.66666666666667,6.0,8.995176000000356,194.0,3.0,8080.0,128.0,4,Malware_Geodo,USTC_TFC_2016
4.499360000000252,64.66666666666667,6.0,8.998720000000503,194.0,3.0,8080.0,128.0,4,Malware_Geodo,USTC_TFC_2016
4.496750499999962,64.66666666666667,6.0,8.993500999999924,194.0,3.0,8080.0,128.0,4,Malware_Geodo,USTC_TFC_2016
4.500200999999834,64.66666666666667,6.0,9.000401999999667,194.0,3.0,8080.0,128.0,4,Malware_Geodo,USTC_TFC_2016
4.4984840000001896,64.66666666666667,6.0,8.996968000000379,194.0,3.0,8080.0,128.0,4,Malware_Geodo,USTC_TFC_2016
4.499684500000058,64.66666666666667,6.0,8.999369000000115,194.0,3.0,8080.0,128.0,4,Malware_Geodo,USTC_TFC_2016
4.501451999999972,64.66666666666667,6.0,9.002903999999944,194.0,3.0,8080.0,128.0,4,Malware_Geodo,USTC_TFC_2016
4.499158499999794,64.66666666666667,6.0,8.998316999999588,194.0,3.0,8080.0,128.0,4,Malware_Geodo,USTC_TFC_2016
4.5032860000001165,64.66666666666667,6.0,9.006572000000233,194.0,3.0,8080.0,128.0,4,Malware_Geodo,USTC_TFC_2016
4.500646999999844,64.66666666666667,6.0,9.001293999999689,194.0,3.0,8080.0,128.0,4,Malware_Geodo,USTC_TFC_2016
4.500479499999983,64.66666666666667,6.0,9.000958999999966,194.0,3.0,8080.0,128.0,4,Malware_Geodo,USTC_TFC_2016
4.4992834999998195,64.66666666666667,6.0,8.998566999999639,194.0,3.0,8080.0,128.0,4,Malware_Geodo,USTC_TFC_2016
4.500726499999928,64.66666666666667,6.0,9.001452999999856,194.0,3.0,8080.0,128.0,4,Malware_Geodo,USTC_TFC_2016
4.501732000000175,64.66666666666667,6.0,9.00346400000035,194.0,3.0,8080.0,128.0,4,Malware_Geodo,USTC_TFC_2016
4.498718000000281,64.66666666666667,6.0,8.997436000000562,194.0,3.0,8080.0,128.0,4,Malware_Geodo,USTC_TFC_2016
4.497867000000042,64.66666666666667,6.0,8.995734000000084,194.0,3.0,8080.0,128.0,4,Malware_Geodo,USTC_TFC_2016
4.503068500000154,64.66666666666667,6.0,9.006137000000308,194.0,3.0,8080.0,128.0,4,Malware_Geodo,USTC_TFC_2016
4.5017619999998715,64.66666666666667,6.0,9.003523999999743,194.0,3.0,8080.0,128.0,4,Malware_Geodo,USTC_TFC_2016
4.509494999999788,64.66666666666667,6.0,9.018989999999576,194.0,3.0,8080.0,128.0,4,Malware_Geodo,USTC_TFC_2016
4.498146500000075,64.66666666666667,6.0,8.99629300000015,194.0,3.0,8080.0,128.0,4,Malware_Geodo,USTC_TFC_2016
4.503208500000255,64.66666666666667,6.0,9.00641700000051,194.0,3.0,8080.0,128.0,4,Malware_Geodo,USTC_TFC_2016
4.501883000000362,64.66666666666667,6.0,9.003766000000724,194.0,3.0,8080.0,128.0,4,Malware_Geodo,USTC_TFC_2016
4.498035000000073,64.66666666666667,6.0,8.996070000000145,194.0,3.0,8080.0,128.0,4,Malware_Geodo,USTC_TFC_2016
4.498686999999791,64.66666666666667,6.0,8.997373999999581,194.0,3.0,8080.0,128.0,4,Malware_Geodo,USTC_TFC_2016
4.497082000000319,64.66666666666667,6.0,8.994164000000637,194.0,3.0,8080.0,128.0,4,Malware_Geodo,USTC_TFC_2016
4.499341999999615,64.66666666666667,6.0,8.99868399999923,194.0,3.0,8080.0,128.0,4,Malware_Geodo,USTC_TFC_2016
4.495315000000119,64.66666666666667,6.0,8.990630000000237,194.0,3.0,8080.0,128.0,4,Malware_Geodo,USTC_TFC_2016
4.499445000000378,64.66666666666667,6.0,8.998890000000756,194.0,3.0,8080.0,128.0,4,Malware_Geodo,USTC_TFC_2016
4.5029490000001715,64.66666666666667,6.0,9.005898000000343,194.0,3.0,8080.0,128.0,4,Malware_Geodo,USTC_TFC_2016
4.497413500000221,64.66666666666667,6.0,8.994827000000441,194.0,3.0,8080.0,128.0,4,Malware_Geodo,USTC_TFC_2016
4.5070245000001705,64.66666666666667,6.0,9.014049000000341,194.0,3.0,8080.0,128.0,4,Malware_Geodo,USTC_TFC_2016
4.499139000000014,64.66666666666667,6.0,8.998278000000028,194.0,3.0,8080.0,128.0,4,Malware_Geodo,USTC_TFC_2016
4.496834500000205,64.66666666666667,6.0,8.99366900000041,194.0,3.0,8080.0,128.0,4,Malware_Geodo,USTC_TFC_2016
4.50264049999987,64.66666666666667,6.0,9.00528099999974,194.0,3.0,8080.0,128.0,4,Malware_Geodo,USTC_TFC_2016
4.49968650000028,64.66666666666667,6.0,8.99937300000056,194.0,3.0,8080.0,128.0,4,Malware_Geodo,USTC_TFC_2016
4.50245649999988,64.66666666666667,6.0,9.00491299999976,194.0,3.0,8080.0,128.0,4,Malware_Geodo,USTC_TFC_2016
4.499118499999895,64.66666666666667,6.0,8.99823699999979,194.0,3.0,8080.0,128.0,4,Malware_Geodo,USTC_TFC_2016
4.499714500000209,64.66666666666667,6.0,8.999429000000418,194.0,3.0,8080.0,128.0,4,Malware_Geodo,USTC_TFC_2016
4.503785500000049,64.66666666666667,6.0,9.007571000000098,194.0,3.0,8080.0,128.0,4,Malware_Geodo,USTC_TFC_2016
4.497581000000082,64.66666666666667,6.0,8.995162000000164,194.0,3.0,8080.0,128.0,4,Malware_Geodo,USTC_TFC_2016
4.503939000000173,64.66666666666667,6.0,9.007878000000346,194.0,3.0,8080.0,128.0,4,Malware_Geodo,USTC_TFC_2016
4.49793150000005,64.66666666666667,6.0,8.9958630000001,194.0,3.0,8080.0,128.0,4,Malware_Geodo,USTC_TFC_2016
4.499025999999958,64.66666666666667,6.0,8.998051999999916,194.0,3.0,8080.0,128.0,4,Malware_Geodo,USTC_TFC_2016
4.501432499999737,64.66666666666667,6.0,9.002864999999474,194.0,3.0,8080.0,128.0,4,Malware_Geodo,USTC_TFC_2016
4.49708099999998,64.66666666666667,6.0,8.99416199999996,194.0,3.0,8080.0,128.0,4,Malware_Geodo,USTC_TFC_2016
4.499145000000226,64.66666666666667,6.0,8.998290000000452,194.0,3.0,8080.0,128.0,4,Malware_Geodo,USTC_TFC_2016
4.497724500000004,64.66666666666667,6.0,8.995449000000008,194.0,3.0,8080.0,128.0,4,Malware_Geodo,USTC_TFC_2016
4.499174499999754,64.66666666666667,6.0,8.998348999999507,194.0,3.0,8080.0,128.0,4,Malware_Geodo,USTC_TFC_2016
4.502744999999777,64.66666666666667,6.0,9.005489999999554,194.0,3.0,8080.0,128.0,4,Malware_Geodo,USTC_TFC_2016
4.499257999999827,64.66666666666667,6.0,8.998515999999654,194.0,3.0,8080.0,128.0,4,Malware_Geodo,USTC_TFC_2016
4.5020205000000715,64.66666666666667,6.0,9.004041000000143,194.0,3.0,8080.0,128.0,4,Malware_Geodo,USTC_TFC_2016
4.498279999999795,64.66666666666667,6.0,8.99655999999959,194.0,3.0,8080.0,128.0,4,Malware_Geodo,USTC_TFC_2016
4.502403999999842,64.66666666666667,6.0,9.004807999999684,194.0,3.0,8080.0,128.0,4,Malware_Geodo,USTC_TFC_2016
4.498964999999771,64.66666666666667,6.0,8.997929999999542,194.0,3.0,8080.0,128.0,4,Malware_Geodo,USTC_TFC_2016
4.499596999999994,64.66666666666667,6.0,8.999193999999989,194.0,3.0,8080.0,128.0,4,Malware_Geodo,USTC_TFC_2016
4.502521999999772,64.66666666666667,6.0,9.005043999999543,194.0,3.0,8080.0,128.0,4,Malware_Geodo,USTC_TFC_2016
4.500434499999756,64.66666666666667,6.0,9.000868999999511,194.0,3.0,8080.0,128.0,4,Malware_Geodo,USTC_TFC_2016
4.500273499999821,64.66666666666667,6.0,9.000546999999642,194.0,3.0,8080.0,128.0,4,Malware_Geodo,USTC_TFC_2016
4.504441499999757,64.66666666666667,6.0,9.008882999999514,194.0,3.0,8080.0,128.0,4,Malware_Geodo,USTC_TFC_2016
4.498005999999805,64.66666666666667,6.0,8.99601199999961,194.0,3.0,8080.0,128.0,4,Malware_Geodo,USTC_TFC_2016
4.503017500000169,64.66666666666667,6.0,9.006035000000338,194.0,3.0,8080.0,128.0,4,Malware_Geodo,USTC_TFC_2016
4.496744500000204,64.66666666666667,6.0,8.993489000000409,194.0,3.0,8080.0,128.0,4,Malware_Geodo,USTC_TFC_2016
4.499921500000255,64.66666666666667,6.0,8.99984300000051,194.0,3.0,8080.0,128.0,4,Malware_Geodo,USTC_TFC_2016
4.497936499999923,64.66666666666667,6.0,8.995872999999847,194.0,3.0,8080.0,128.0,4,Malware_Geodo,USTC_TFC_2016
4.4991125000001375,64.66666666666667,6.0,8.998225000000275,194.0,3.0,8080.0,128.0,4,Malware_Geodo,USTC_TFC_2016
4.500616499999978,64.66666666666667,6.0,9.001232999999957,194.0,3.0,8080.0,128.0,4,Malware_Geodo,USTC_TFC_2016
4.4976080000001275,64.66666666666667,6.0,8.995216000000255,194.0,3.0,8080.0,128.0,4,Malware_Geodo,USTC_TFC_2016
4.498645999999553,64.66666666666667,6.0,8.997291999999106,194.0,3.0,8080.0,128.0,4,Malware_Geodo,USTC_TFC_2016
4.496853999999985,64.66666666666667,6.0,8.99370799999997,194.0,3.0,8080.0,128.0,4,Malware_Geodo,USTC_TFC_2016
4.499224499999855,64.66666666666667,6.0,8.99844899999971,194.0,3.0,8080.0,128.0,4,Malware_Geodo,USTC_TFC_2016
4.503009999999904,64.66666666666667,6.0,9.006019999999808,194.0,3.0,8080.0,128.0,4,Malware_Geodo,USTC_TFC_2016
4.500960500000019,64.66666666666667,6.0,9.001921000000038,194.0,3.0,8080.0,128.0,4,Malware_Geodo,USTC_TFC_2016
4.503238499999952,64.66666666666667,6.0,9.006476999999904,194.0,3.0,8080.0,128.0,4,Malware_Geodo,USTC_TFC_2016
4.500046999999995,64.66666666666667,6.0,9.00009399999999,194.0,3.0,8080.0,128.0,4,Malware_Geodo,USTC_TFC_2016
4.501907500000016,64.66666666666667,6.0,9.003815000000031,194.0,3.0,8080.0,128.0,4,Malware_Geodo,USTC_TFC_2016
4.499505000000227,64.66666666666667,6.0,8.999010000000453,194.0,3.0,8080.0,128.0,4,Malware_Geodo,USTC_TFC_2016
4.497958000000381,64.66666666666667,6.0,8.995916000000761,194.0,3.0,8080.0,128.0,4,Malware_Geodo,USTC_TFC_2016
4.50225300000011,64.66666666666667,6.0,9.00450600000022,194.0,3.0,8080.0,128.0,4,Malware_Geodo,USTC_TFC_2016
4.499323500000173,64.66666666666667,6.0,8.998647000000346,194.0,3.0,8080.0,128.0,4,Malware_Geodo,USTC_TFC_2016
4.497771499999999,64.66666666666667,6.0,8.995542999999998,194.0,3.0,8080.0,128.0,4,Malware_Geodo,USTC_TFC_2016
4.503681500000312,64.66666666666667,6.0,9.007363000000623,194.0,3.0,8080.0,128.0,4,Malware_Geodo,USTC_TFC_2016
4.497906999999941,64.66666666666667,6.0,8.995813999999882,194.0,3.0,8080.0,128.0,4,Malware_Geodo,USTC_TFC_2016
4.503218500000003,64.66666666666667,6.0,9.006437000000005,194.0,3.0,8080.0,128.0,4,Malware_Geodo,USTC_TFC_2016
4.501366500000131,64.66666666666667,6.0,9.002733000000262,194.0,3.0,8080.0,128.0,4,Malware_Geodo,USTC_TFC_2016
4.499266499999976,64.66666666666667,6.0,8.998532999999952,194.0,3.0,8080.0,128.0,4,Malware_Geodo,USTC_TFC_2016
4.498173500000121,64.66666666666667,6.0,8.996347000000242,194.0,3.0,8080.0,128.0,4,Malware_Geodo,USTC_TFC_2016
4.498117000000093,64.66666666666667,6.0,8.996234000000186,194.0,3.0,8080.0,128.0,4,Malware_Geodo,USTC_TFC_2016
4.500509500000135,64.66666666666667,6.0,9.00101900000027,194.0,3.0,8080.0,128.0,4,Malware_Geodo,USTC_TFC_2016
4.497788000000128,64.66666666666667,6.0,8.995576000000256,194.0,3.0,8080.0,128.0,4,Malware_Geodo,USTC_TFC_2016
4.499327499999708,64.66666666666667,6.0,8.998654999999417,194.0,3.0,8080.0,128.0,4,Malware_Geodo,USTC_TFC_2016
4.503147000000354,64.66666666666667,6.0,9.006294000000707,194.0,3.0,8080.0,128.0,4,Malware_Geodo,USTC_TFC_2016
4.4981980000002295,64.66666666666667,6.0,8.996396000000459,194.0,3.0,8080.0,128.0,4,Malware_Geodo,USTC_TFC_2016
4.502253499999824,64.66666666666667,6.0,9.004506999999649,194.0,3.0,8080.0,128.0,4,Malware_Geodo,USTC_TFC_2016
4.499635500000295,64.66666666666667,6.0,8.99927100000059,194.0,3.0,8080.0,128.0,4,Malware_Geodo,USTC_TFC_2016
4.5028879999999845,64.66666666666667,6.0,9.005775999999969,194.0,3.0,8080.0,128.0,4,Malware_Geodo,USTC_TFC_2016
4.499928499999896,64.66666666666667,6.0,8.999856999999793,194.0,3.0,8080.0,128.0,4,Malware_Geodo,USTC_TFC_2016
4.502517500000067,64.66666666666667,6.0,9.005035000000134,194.0,3.0,8080.0,128.0,4,Malware_Geodo,USTC_TFC_2016
4.4994040000001405,64.66666666666667,6.0,8.998808000000281,194.0,3.0,8080.0,128.0,4,Malware_Geodo,USTC_TFC_2016
4.495861500000046,64.66666666666667,6.0,8.991723000000093,194.0,3.0,8080.0,128.0,4,Malware_Geodo,USTC_TFC_2016
4.498427500000162,64.66666666666667,6.0,8.996855000000323,194.0,3.0,8080.0,128.0,4,Malware_Geodo,USTC_TFC_2016
4.499338499999794,64.66666666666667,6.0,8.998676999999589,194.0,3.0,8080.0,128.0,4,Malware_Geodo,USTC_TFC_2016
4.500447499999609,64.66666666666667,6.0,9.000894999999218,194.0,3.0,8080.0,128.0,4,Malware_Geodo,USTC_TFC_2016
4.5036574999999175,64.66666666666667,6.0,9.007314999999835,194.0,3.0,8080.0,128.0,4,Malware_Geodo,USTC_TFC_2016
4.4975869999998395,64.66666666666667,6.0,8.995173999999679,194.0,3.0,8080.0,128.0,4,Malware_Geodo,USTC_TFC_2016
4.503603999999996,64.66666666666667,6.0,9.007207999999991,194.0,3.0,8080.0,128.0,4,Malware_Geodo,USTC_TFC_2016
4.498032500000136,64.66666666666667,6.0,8.996065000000272,194.0,3.0,8080.0,128.0,4,Malware_Geodo,USTC_TFC_2016
4.499370999999883,64.66666666666667,6.0,8.998741999999766,194.0,3.0,8080.0,128.0,4,Malware_Geodo,USTC_TFC_2016
4.497860500000115,64.66666666666667,6.0,8.99572100000023,194.0,3.0,8080.0,128.0,4,Malware_Geodo,USTC_TFC_2016
4.499778500000048,64.66666666666667,6.0,8.999557000000095,194.0,3.0,8080.0,128.0,4,Malware_Geodo,USTC_TFC_2016
4.502585000000181,64.66666666666667,6.0,9.005170000000362,194.0,3.0,8080.0,128.0,4,Malware_Geodo,USTC_TFC_2016
4.497374000000036,64.66666666666667,6.0,8.994748000000072,194.0,3.0,8080.0,128.0,4,Malware_Geodo,USTC_TFC_2016
4.498738499999945,64.66666666666667,6.0,8.99747699999989,194.0,3.0,8080.0,128.0,4,Malware_Geodo,USTC_TFC_2016
4.502753500000381,64.66666666666667,6.0,9.005507000000762,194.0,3.0,8080.0,128.0,4,Malware_Geodo,USTC_TFC_2016
4.499448999999913,64.66666666666667,6.0,8.998897999999826,194.0,3.0,8080.0,128.0,4,Malware_Geodo,USTC_TFC_2016
4.503281499999957,64.66666666666667,6.0,9.006562999999915,194.0,3.0,8080.0,128.0,4,Malware_Geodo,USTC_TFC_2016
4.49922400000014,64.66666666666667,6.0,8.99844800000028,194.0,3.0,8080.0,128.0,4,Malware_Geodo,USTC_TFC_2016
4.502924499999608,64.66666666666667,6.0,9.005848999999216,194.0,3.0,8080.0,128.0,4,Malware_Geodo,USTC_TFC_2016
4.499734999999873,64.66666666666667,6.0,8.999469999999747,194.0,3.0,8080.0,128.0,4,Malware_Geodo,USTC_TFC_2016
4.498381499999596,64.66666666666667,6.0,8.996762999999191,194.0,3.0,8080.0,128.0,4,Malware_Geodo,USTC_TFC_2016
4.499986499999977,64.66666666666667,6.0,8.999972999999954,194.0,3.0,8080.0,128.0,4,Malware_Geodo,USTC_TFC_2016
4.497290000000248,64.66666666666667,6.0,8.994580000000497,194.0,3.0,8080.0,128.0,4,Malware_Geodo,USTC_TFC_2016
4.498181499999646,64.66666666666667,6.0,8.996362999999292,194.0,3.0,8080.0,128.0,4,Malware_Geodo,USTC_TFC_2016
4.504558499999803,64.66666666666667,6.0,9.009116999999605,194.0,3.0,8080.0,128.0,4,Malware_Geodo,USTC_TFC_2016
4.497780500000317,64.66666666666667,6.0,8.995561000000635,194.0,3.0,8080.0,128.0,4,Malware_Geodo,USTC_TFC_2016
4.509238000000096,64.66666666666667,6.0,9.018476000000192,194.0,3.0,8080.0,128.0,4,Malware_Geodo,USTC_TFC_2016
4.500909500000034,64.66666666666667,6.0,9.001819000000069,194.0,3.0,8080.0,128.0,4,Malware_Geodo,USTC_TFC_2016
4.500017500000013,64.66666666666667,6.0,9.000035000000025,194.0,3.0,8080.0,128.0,4,Malware_Geodo,USTC_TFC_2016
4.500430499999766,64.66666666666667,6.0,9.000860999999531,194.0,3.0,8080.0,128.0,4,Malware_Geodo,USTC_TFC_2016
4.4991854999998395,64.66666666666667,6.0,8.998370999999679,194.0,3.0,8080.0,128.0,4,Malware_Geodo,USTC_TFC_2016
4.498223500000222,64.66666666666667,6.0,8.996447000000444,194.0,3.0,8080.0,128.0,4,Malware_Geodo,USTC_TFC_2016
4.49957650000033,64.66666666666667,6.0,8.99915300000066,194.0,3.0,8080.0,128.0,4,Malware_Geodo,USTC_TFC_2016
4.500421499999902,64.66666666666667,6.0,9.000842999999804,194.0,3.0,8080.0,128.0,4,Malware_Geodo,USTC_TFC_2016
4.497582500000135,64.66666666666667,6.0,8.99516500000027,194.0,3.0,8080.0,128.0,4,Malware_Geodo,USTC_TFC_2016
4.499728999999661,64.66666666666667,6.0,8.999457999999322,194.0,3.0,8080.0,128.0,4,Malware_Geodo,USTC_TFC_2016
4.50283249999984,64.66666666666667,6.0,9.00566499999968,194.0,3.0,8080.0,128.0,4,Malware_Geodo,USTC_TFC_2016
4.499327999999878,64.66666666666667,6.0,8.998655999999755,194.0,3.0,8080.0,128.0,4,Malware_Geodo,USTC_TFC_2016
4.500365999999758,64.66666666666667,6.0,9.000731999999516,194.0,3.0,8080.0,128.0,4,Malware_Geodo,USTC_TFC_2016
4.500036499999624,64.66666666666667,6.0,9.000072999999247,194.0,3.0,8080.0,128.0,4,Malware_Geodo,USTC_TFC_2016
4.503249000000324,64.66666666666667,6.0,9.006498000000647,194.0,3.0,8080.0,128.0,4,Malware_Geodo,USTC_TFC_2016
4.497366500000226,64.66666666666667,6.0,8.994733000000451,194.0,3.0,8080.0,128.0,4,Malware_Geodo,USTC_TFC_2016
4.498275999999805,64.66666666666667,6.0,8.99655199999961,194.0,3.0,8080.0,128.0,4,Malware_Geodo,USTC_TFC_2016
4.504269000000022,64.66666666666667,6.0,9.008538000000044,194.0,3.0,8080.0,128.0,4,Malware_Geodo,USTC_TFC_2016
4.499510999999984,64.66666666666667,6.0,8.999021999999968,194.0,3.0,8080.0,128.0,4,Malware_Geodo,USTC_TFC_2016
4.4998314999998,64.66666666666667,6.0,8.9996629999996,194.0,3.0,8080.0,128.0,4,Malware_Geodo,USTC_TFC_2016
4.504068499999903,64.66666666666667,6.0,9.008136999999806,194.0,3.0,8080.0,128.0,4,Malware_Geodo,USTC_TFC_2016
4.497736000000259,64.66666666666667,6.0,8.995472000000518,194.0,3.0,8080.0,128.0,4,Malware_Geodo,USTC_TFC_2016
4.503019499999937,64.66666666666667,6.0,9.006038999999873,194.0,3.0,8080.0,128.0,4,Malware_Geodo,USTC_TFC_2016
4.498022999999648,64.66666666666667,6.0,8.996045999999296,194.0,3.0,8080.0,128.0,4,Malware_Geodo,USTC_TFC_2016
4.502909499999987,64.66666666666667,6.0,9.005818999999974,194.0,3.0,8080.0,128.0,4,Malware_Geodo,USTC_TFC_2016
4.49667350000027,64.66666666666667,6.0,8.99334700000054,194.0,3.0,8080.0,128.0,4,Malware_Geodo,USTC_TFC_2016
4.499088000000029,64.66666666666667,6.0,8.998176000000058,194.0,3.0,8080.0,128.0,4,Malware_Geodo,USTC_TFC_2016
4.497836000000007,64.66666666666667,6.0,8.995672000000013,194.0,3.0,8080.0,128.0,4,Malware_Geodo,USTC_TFC_2016
4.499375500000042,64.66666666666667,6.0,8.998751000000084,194.0,3.0,8080.0,128.0,4,Malware_Geodo,USTC_TFC_2016
4.501498999999967,64.66666666666667,6.0,9.002997999999934,194.0,3.0,8080.0,128.0,4,Malware_Geodo,USTC_TFC_2016
4.502840999999989,64.66666666666667,6.0,9.005681999999979,194.0,3.0,8080.0,128.0,4,Malware_Geodo,USTC_TFC_2016
4.499316000000363,64.66666666666667,6.0,8.998632000000725,194.0,3.0,8080.0,128.0,4,Malware_Geodo,USTC_TFC_2016
4.508057500000177,64.66666666666667,6.0,9.016115000000354,194.0,3.0,8080.0,128.0,4,Malware_Geodo,USTC_TFC_2016
4.499193999999989,64.66666666666667,6.0,8.998387999999977,194.0,3.0,8080.0,128.0,4,Malware_Geodo,USTC_TFC_2016
4.502617999999984,64.66666666666667,6.0,9.005235999999968,194.0,3.0,8080.0,128.0,4,Malware_Geodo,USTC_TFC_2016
4.4990999999999985,64.66666666666667,6.0,8.998199999999997,194.0,3.0,8080.0,128.0,4,Malware_Geodo,USTC_TFC_2016
4.50205300000016,64.66666666666667,6.0,9.00410600000032,194.0,3.0,8080.0,128.0,4,Malware_Geodo,USTC_TFC_2016
4.49953400000004,64.66666666666667,6.0,8.99906800000008,194.0,3.0,8080.0,128.0,4,Malware_Geodo,USTC_TFC_2016
4.498283499999616,64.66666666666667,6.0,8.996566999999231,194.0,3.0,8080.0,128.0,4,Malware_Geodo,USTC_TFC_2016
4.503302000000076,64.66666666666667,6.0,9.006604000000152,194.0,3.0,8080.0,128.0,4,Malware_Geodo,USTC_TFC_2016
4.496515499999987,64.66666666666667,6.0,8.993030999999974,194.0,3.0,8080.0,128.0,4,Malware_Geodo,USTC_TFC_2016
4.497619499999928,64.66666666666667,6.0,8.995238999999856,194.0,3.0,8080.0,128.0,4,Malware_Geodo,USTC_TFC_2016
4.504394999999931,64.66666666666667,6.0,9.008789999999863,194.0,3.0,8080.0,128.0,4,Malware_Geodo,USTC_TFC_2016
4.497853500000019,64.66666666666667,6.0,8.995707000000039,194.0,3.0,8080.0,128.0,4,Malware_Geodo,USTC_TFC_2016
4.4996514999998,64.66666666666667,6.0,8.9993029999996,194.0,3.0,8080.0,128.0,4,Malware_Geodo,USTC_TFC_2016
4.497796000000108,64.66666666666667,6.0,8.995592000000215,194.0,3.0,8080.0,128.0,4,Malware_Geodo,USTC_TFC_2016
4.5017619999998715,64.66666666666667,6.0,9.003523999999743,194.0,3.0,8080.0,128.0,4,Malware_Geodo,USTC_TFC_2016
4.497810500000014,64.66666666666667,6.0,8.995621000000028,194.0,3.0,8080.0,128.0,4,Malware_Geodo,USTC_TFC_2016
4.4999745000000075,64.66666666666667,6.0,8.999949000000015,194.0,3.0,8080.0,128.0,4,Malware_Geodo,USTC_TFC_2016
4.502854500000012,64.66666666666667,6.0,9.005709000000024,194.0,3.0,8080.0,128.0,4,Malware_Geodo,USTC_TFC_2016
4.498021999999764,64.66666666666667,6.0,8.996043999999529,194.0,3.0,8080.0,128.0,4,Malware_Geodo,USTC_TFC_2016
4.501530499999717,64.66666666666667,6.0,9.003060999999434,194.0,3.0,8080.0,128.0,4,Malware_Geodo,USTC_TFC_2016
4.501235000000634,64.66666666666667,6.0,9.002470000001267,194.0,3.0,8080.0,128.0,4,Malware_Geodo,USTC_TFC_2016
4.499528499999542,64.66666666666667,6.0,8.999056999999084,194.0,3.0,8080.0,128.0,4,Malware_Geodo,USTC_TFC_2016
4.502026000000114,64.66666666666667,6.0,9.004052000000229,194.0,3.0,8080.0,128.0,4,Malware_Geodo,USTC_TFC_2016
4.500957999999628,64.66666666666667,6.0,9.001915999999255,194.0,3.0,8080.0,128.0,4,Malware_Geodo,USTC_TFC_2016
4.501364500000818,64.66666666666667,6.0,9.002729000001636,194.0,3.0,8080.0,128.0,4,Malware_Geodo,USTC_TFC_2016
4.499424999999974,64.66666666666667,6.0,8.998849999999948,194.0,3.0,8080.0,128.0,4,Malware_Geodo,USTC_TFC_2016
4.502793999999994,64.66666666666667,6.0,9.005587999999989,194.0,3.0,8080.0,128.0,4,Malware_Geodo,USTC_TFC_2016
4.4959255000003395,64.66666666666667,6.0,8.991851000000679,194.0,3.0,8080.0,128.0,4,Malware_Geodo,USTC_TFC_2016
4.502299999999195,64.66666666666667,6.0,9.00459999999839,194.0,3.0,8080.0,128.0,4,Malware_Geodo,USTC_TFC_2016
4.504353999999694,64.66666666666667,6.0,9.008707999999388,194.0,3.0,8080.0,128.0,4,Malware_Geodo,USTC_TFC_2016
4.501733000000058,64.66666666666667,6.0,9.003466000000117,194.0,3.0,8080.0,128.0,4,Malware_Geodo,USTC_TFC_2016
4.497817999999825,64.66666666666667,6.0,8.99563599999965,194.0,3.0,8080.0,128.0,4,Malware_Geodo,USTC_TFC_2016
4.499670000000151,64.66666666666667,6.0,8.999340000000302,194.0,3.0,8080.0,128.0,4,Malware_Geodo,USTC_TFC_2016
4.497766000000411,64.66666666666667,6.0,8.995532000000821,194.0,3.0,8080.0,128.0,4,Malware_Geodo,USTC_TFC_2016
4.500970000000052,64.66666666666667,6.0,9.001940000000104,194.0,3.0,8080.0,128.0,4,Malware_Geodo,USTC_TFC_2016
4.496808500000043,64.66666666666667,6.0,8.993617000000086,194.0,3.0,8080.0,128.0,4,Malware_Geodo,USTC_TFC_2016
4.499203500000476,64.66666666666667,6.0,8.998407000000952,194.0,3.0,8080.0,128.0,4,Malware_Geodo,USTC_TFC_2016
4.497907499999201,64.66666666666667,6.0,8.995814999998402,194.0,3.0,8080.0,128.0,4,Malware_Geodo,USTC_TFC_2016
4.499275000000125,64.66666666666667,6.0,8.99855000000025,194.0,3.0,8080.0,128.0,4,Malware_Geodo,USTC_TFC_2016
4.503154999999424,64.66666666666667,6.0,9.006309999998848,194.0,3.0,8080.0,128.0,4,Malware_Geodo,USTC_TFC_2016
4.498467500000515,64.66666666666667,6.0,8.99693500000103,194.0,3.0,8080.0,128.0,4,Malware_Geodo,USTC_TFC_2016
4.501511500000561,64.66666666666667,6.0,9.003023000001122,194.0,3.0,8080.0,128.0,4,Malware_Geodo,USTC_TFC_2016
4.502534000000196,64.66666666666667,6.0,9.005068000000392,194.0,3.0,8080.0,128.0,4,Malware_Geodo,USTC_TFC_2016
4.49924800000008,64.66666666666667,6.0,8.99849600000016,194.0,3.0,8080.0,128.0,4,Malware_Geodo,USTC_TFC_2016
4.502832000000126,64.66666666666667,6.0,9.005664000000252,194.0,3.0,8080.0,128.0,4,Malware_Geodo,USTC_TFC_2016
4.500786000000517,64.66666666666667,6.0,9.001572000001033,194.0,3.0,8080.0,128.0,4,Malware_Geodo,USTC_TFC_2016
4.502066500000183,64.66666666666667,6.0,9.004133000000365,194.0,3.0,8080.0,128.0,4,Malware_Geodo,USTC_TFC_2016
4.497941000000537,64.66666666666667,6.0,8.995882000001075,194.0,3.0,8080.0,128.0,4,Malware_Geodo,USTC_TFC_2016
4.49813499999982,64.66666666666667,6.0,8.99626999999964,194.0,3.0,8080.0,128.0,4,Malware_Geodo,USTC_TFC_2016
4.50085399999989,64.66666666666667,6.0,9.00170799999978,194.0,3.0,8080.0,128.0,4,Malware_Geodo,USTC_TFC_2016
4.497688999999809,64.66666666666667,6.0,8.995377999999619,194.0,3.0,8080.0,128.0,4,Malware_Geodo,USTC_TFC_2016
4.507926499999485,64.66666666666667,6.0,9.01585299999897,194.0,3.0,8080.0,128.0,4,Malware_Geodo,USTC_TFC_2016
4.5017424999996365,64.66666666666667,6.0,9.003484999999273,194.0,3.0,8080.0,128.0,4,Malware_Geodo,USTC_TFC_2016
4.4977349999999205,64.66666666666667,6.0,8.995469999999841,194.0,3.0,8080.0,128.0,4,Malware_Geodo,USTC_TFC_2016
4.502774999999929,64.66666666666667,6.0,9.005549999999857,194.0,3.0,8080.0,128.0,4,Malware_Geodo,USTC_TFC_2016
4.497106499999973,64.66666666666667,6.0,8.994212999999945,194.0,3.0,8080.0,128.0,4,Malware_Geodo,USTC_TFC_2016
4.498835500000496,64.66666666666667,6.0,8.997671000000992,194.0,3.0,8080.0,128.0,4,Malware_Geodo,USTC_TFC_2016
4.498230000000149,64.66666666666667,6.0,8.996460000000297,194.0,3.0,8080.0,128.0,4,Malware_Geodo,USTC_TFC_2016
4.502403999999842,64.66666666666667,6.0,9.004807999999684,194.0,3.0,8080.0,128.0,4,Malware_Geodo,USTC_TFC_2016
4.502761499999906,64.66666666666667,6.0,9.005522999999812,194.0,3.0,8080.0,128.0,4,Malware_Geodo,USTC_TFC_2016
4.4995370000006005,64.66666666666667,6.0,8.999074000001201,194.0,3.0,8080.0,128.0,4,Malware_Geodo,USTC_TFC_2016
4.502203000000009,64.66666666666667,6.0,9.004406000000017,194.0,3.0,8080.0,128.0,4,Malware_Geodo,USTC_TFC_2016
4.498726499999975,64.66666666666667,6.0,8.99745299999995,194.0,3.0,8080.0,128.0,4,Malware_Geodo,USTC_TFC_2016
4.499993999999788,64.66666666666667,6.0,8.999987999999576,194.0,3.0,8080.0,128.0,4,Malware_Geodo,USTC_TFC_2016
4.502850500000022,64.66666666666667,6.0,9.005701000000045,194.0,3.0,8080.0,128.0,4,Malware_Geodo,USTC_TFC_2016
4.499354999999923,64.66666666666667,6.0,8.998709999999846,194.0,3.0,8080.0,128.0,4,Malware_Geodo,USTC_TFC_2016
4.500419500000135,64.66666666666667,6.0,9.00083900000027,194.0,3.0,8080.0,128.0,4,Malware_Geodo,USTC_TFC_2016
4.495685000000776,64.66666666666667,6.0,8.991370000001552,194.0,3.0,8080.0,128.0,4,Malware_Geodo,USTC_TFC_2016
4.500623500000074,64.66666666666667,6.0,9.001247000000149,194.0,3.0,8080.0,128.0,4,Malware_Geodo,USTC_TFC_2016
4.499980999999934,64.66666666666667,6.0,8.999961999999869,194.0,3.0,8080.0,128.0,4,Malware_Geodo,USTC_TFC_2016
4.498066499999368,64.66666666666667,6.0,8.996132999998736,194.0,3.0,8080.0,128.0,4,Malware_Geodo,USTC_TFC_2016
4.499880000000303,64.66666666666667,6.0,8.999760000000606,194.0,3.0,8080.0,128.0,4,Malware_Geodo,USTC_TFC_2016
4.500747500000216,64.66666666666667,6.0,9.001495000000432,194.0,3.0,8080.0,128.0,4,Malware_Geodo,USTC_TFC_2016
4.5017479999996795,64.66666666666667,6.0,9.003495999999359,194.0,3.0,8080.0,128.0,4,Malware_Geodo,USTC_TFC_2016
